-- MySQL dump 10.13  Distrib 5.7.34, for Win64 (x86_64)
--
-- Host: 127.0.0.1    Database: zmx
-- ------------------------------------------------------
-- Server version	5.7.44

/*!40101 SET @OLD_CHARACTER_SET_CLIENT=@@CHARACTER_SET_CLIENT */;
/*!40101 SET @OLD_CHARACTER_SET_RESULTS=@@CHARACTER_SET_RESULTS */;
/*!40101 SET @OLD_COLLATION_CONNECTION=@@COLLATION_CONNECTION */;
/*!40101 SET NAMES utf8 */;
/*!40103 SET @OLD_TIME_ZONE=@@TIME_ZONE */;
/*!40103 SET TIME_ZONE='+00:00' */;
/*!40014 SET @OLD_UNIQUE_CHECKS=@@UNIQUE_CHECKS, UNIQUE_CHECKS=0 */;
/*!40014 SET @OLD_FOREIGN_KEY_CHECKS=@@FOREIGN_KEY_CHECKS, FOREIGN_KEY_CHECKS=0 */;
/*!40101 SET @OLD_SQL_MODE=@@SQL_MODE, SQL_MODE='NO_AUTO_VALUE_ON_ZERO' */;
/*!40111 SET @OLD_SQL_NOTES=@@SQL_NOTES, SQL_NOTES=0 */;

--
-- Table structure for table `age_vaccines_info`
--

DROP TABLE IF EXISTS `age_vaccines_info`;
/*!40101 SET @saved_cs_client     = @@character_set_client */;
/*!40101 SET character_set_client = utf8 */;
CREATE TABLE `age_vaccines_info` (
  `id` bigint(20) NOT NULL AUTO_INCREMENT COMMENT 'ID',
  `age` varchar(50) COLLATE utf8mb4_unicode_ci DEFAULT NULL COMMENT '年龄(岁)',
  `age_min` int(11) DEFAULT NULL COMMENT '最小年龄(天)',
  `age_max` int(11) DEFAULT NULL COMMENT '最大年龄(天)',
  `vaccines_codes` varchar(500) COLLATE utf8mb4_unicode_ci DEFAULT NULL COMMENT '疫苗标识列表',
  `take_care` text COLLATE utf8mb4_unicode_ci COMMENT '注意事项',
  `state` char(5) COLLATE utf8mb4_unicode_ci DEFAULT NULL COMMENT '状态',
  `create_by` varchar(64) COLLATE utf8mb4_unicode_ci DEFAULT '' COMMENT '创建者',
  `create_time` datetime DEFAULT NULL COMMENT '创建时间',
  `update_by` varchar(64) COLLATE utf8mb4_unicode_ci DEFAULT '' COMMENT '更新者',
  `update_time` datetime DEFAULT NULL COMMENT '更新时间',
  `remark` varchar(500) COLLATE utf8mb4_unicode_ci DEFAULT NULL COMMENT '备注',
  `ext1` text COLLATE utf8mb4_unicode_ci COMMENT '扩展字段1',
  `ext2` varchar(255) COLLATE utf8mb4_unicode_ci DEFAULT NULL COMMENT '扩展字段2',
  `ext3` varchar(255) COLLATE utf8mb4_unicode_ci DEFAULT NULL COMMENT '扩展字段3',
  `ext4` varchar(255) COLLATE utf8mb4_unicode_ci DEFAULT NULL COMMENT '扩展字段4',
  `ext5` varchar(255) COLLATE utf8mb4_unicode_ci DEFAULT NULL COMMENT '扩展字段5',
  `ext6` varchar(255) COLLATE utf8mb4_unicode_ci DEFAULT NULL COMMENT '扩展字段6',
  `ext7` varchar(255) COLLATE utf8mb4_unicode_ci DEFAULT NULL COMMENT '扩展字段7',
  `ext8` varchar(255) COLLATE utf8mb4_unicode_ci DEFAULT NULL COMMENT '扩展字段8',
  `ext9` varchar(255) COLLATE utf8mb4_unicode_ci DEFAULT NULL COMMENT '扩展字段9',
  `ext10` varchar(255) COLLATE utf8mb4_unicode_ci DEFAULT NULL COMMENT '扩展字段10',
  PRIMARY KEY (`id`)
) ENGINE=InnoDB AUTO_INCREMENT=34 DEFAULT CHARSET=utf8mb4 COLLATE=utf8mb4_unicode_ci COMMENT='各年龄段需打疫苗信息表';
/*!40101 SET character_set_client = @saved_cs_client */;

--
-- Dumping data for table `age_vaccines_info`
--

LOCK TABLES `age_vaccines_info` WRITE;
/*!40000 ALTER TABLE `age_vaccines_info` DISABLE KEYS */;
INSERT INTO `age_vaccines_info` VALUES (16,'0.0月 - 0.0月',1,1,'[\"yg1/kj\"]',NULL,'0','admin','2024-03-04 11:16:49','',NULL,NULL,NULL,NULL,NULL,NULL,NULL,NULL,NULL,NULL,NULL,NULL),(17,'1.0月 - 1.3月',30,40,'[\"yg2\"]',NULL,'0','admin','2024-03-04 11:17:48','',NULL,NULL,NULL,NULL,NULL,NULL,NULL,NULL,NULL,NULL,NULL,NULL),(18,'2.0月 - 2.3月',60,70,'[\"jshz1\"]',NULL,'0','admin','2024-03-04 11:18:13','',NULL,NULL,NULL,NULL,NULL,NULL,NULL,NULL,NULL,NULL,NULL,NULL),(19,'2.7月 - 3.0月',80,90,'[\"jshz2\"]',NULL,'0','admin','2024-03-04 11:18:40','',NULL,NULL,NULL,NULL,NULL,NULL,NULL,NULL,NULL,NULL,NULL,NULL),(20,'3.0月 - 3.3月',90,100,'[\"bbp1\"]',NULL,'0','admin','2024-03-04 11:19:02','',NULL,NULL,NULL,NULL,NULL,NULL,NULL,NULL,NULL,NULL,NULL,NULL),(21,'4.0月 - 4.3月',120,130,'[\"jshz3\"]',NULL,'0','admin','2024-03-04 11:19:29','',NULL,NULL,NULL,NULL,NULL,NULL,NULL,NULL,NULL,NULL,NULL,NULL),(22,'4.3月 - 4.7月',130,140,'[\"bbp2\"]',NULL,'0','admin','2024-03-04 11:19:54','',NULL,NULL,NULL,NULL,NULL,NULL,NULL,NULL,NULL,NULL,NULL,NULL),(23,'5.0月 - 5.3月',150,160,'[\"bbp3\"]',NULL,'0','admin','2024-03-04 11:20:24','',NULL,NULL,NULL,NULL,NULL,NULL,NULL,NULL,NULL,NULL,NULL,NULL),(24,'6.0月 - 6.3月',180,190,'[\"yg3/ln\"]',NULL,'0','admin','2024-03-04 11:20:53','',NULL,NULL,NULL,NULL,NULL,NULL,NULL,NULL,NULL,NULL,NULL,NULL),(25,'8.0月 - 8.7月',240,260,'[\"mf/yn12\"]',NULL,'0','admin','2024-03-04 11:21:26','',NULL,NULL,NULL,NULL,NULL,NULL,NULL,NULL,NULL,NULL,NULL,NULL),(26,'9.0月 - 9.3月',270,280,'[\"ln22\"]',NULL,'0','admin','2024-03-04 11:23:58','',NULL,NULL,NULL,NULL,NULL,NULL,NULL,NULL,NULL,NULL,NULL,NULL),(27,'1.5岁 - 1.6岁',550,580,'[\"jg1\"]',NULL,'0','admin','2024-03-04 11:24:34','',NULL,NULL,NULL,NULL,NULL,NULL,NULL,NULL,NULL,NULL,NULL,NULL),(28,'1.6岁 - 1.9岁',590,700,'[\"bbp4/ms2\"]',NULL,'0','admin','2024-03-04 11:25:01','',NULL,NULL,NULL,NULL,NULL,NULL,NULL,NULL,NULL,NULL,NULL,NULL),(29,'1.9岁 - 2.0岁',700,730,'[\"yn3\"]',NULL,'0','admin','2024-03-04 11:25:30','',NULL,NULL,NULL,NULL,NULL,NULL,NULL,NULL,NULL,NULL,NULL,NULL),(30,'2.0岁 - 2.2岁',730,800,'[\"jg2\"]',NULL,'0','admin','2024-03-04 11:26:04','',NULL,NULL,NULL,NULL,NULL,NULL,NULL,NULL,NULL,NULL,NULL,NULL),(31,'2.7岁 - 2.9岁',1000,1060,'[\"lnA+C\"]',NULL,'0','admin','2024-03-04 11:26:36','',NULL,NULL,NULL,NULL,NULL,NULL,NULL,NULL,NULL,NULL,NULL,NULL),(32,'4.0岁 - 4.1岁',1460,1510,'[\"jshz4\"]',NULL,'0','admin','2024-03-04 11:27:14','',NULL,NULL,NULL,NULL,NULL,NULL,NULL,NULL,NULL,NULL,NULL,NULL),(33,'6.0岁 - 6.1岁',2190,2230,'[\"yn4、lnA+C、bbp\"]',NULL,'0','admin','2024-03-04 11:28:11','',NULL,NULL,NULL,NULL,NULL,NULL,NULL,NULL,NULL,NULL,NULL,NULL);
/*!40000 ALTER TABLE `age_vaccines_info` ENABLE KEYS */;
UNLOCK TABLES;

--
-- Table structure for table `gen_table`
--

DROP TABLE IF EXISTS `gen_table`;
/*!40101 SET @saved_cs_client     = @@character_set_client */;
/*!40101 SET character_set_client = utf8 */;
CREATE TABLE `gen_table` (
  `table_id` bigint(20) NOT NULL AUTO_INCREMENT COMMENT '编号',
  `table_name` varchar(200) COLLATE utf8mb4_unicode_ci DEFAULT '' COMMENT '表名称',
  `table_comment` varchar(500) COLLATE utf8mb4_unicode_ci DEFAULT '' COMMENT '表描述',
  `sub_table_name` varchar(64) COLLATE utf8mb4_unicode_ci DEFAULT NULL COMMENT '关联子表的表名',
  `sub_table_fk_name` varchar(64) COLLATE utf8mb4_unicode_ci DEFAULT NULL COMMENT '子表关联的外键名',
  `class_name` varchar(100) COLLATE utf8mb4_unicode_ci DEFAULT '' COMMENT '实体类名称',
  `tpl_category` varchar(200) COLLATE utf8mb4_unicode_ci DEFAULT 'crud' COMMENT '使用的模板（crud单表操作 tree树表操作）',
  `tpl_web_type` varchar(30) COLLATE utf8mb4_unicode_ci DEFAULT '' COMMENT '前端模板类型（element-ui模版 element-plus模版）',
  `package_name` varchar(100) COLLATE utf8mb4_unicode_ci DEFAULT NULL COMMENT '生成包路径',
  `module_name` varchar(30) COLLATE utf8mb4_unicode_ci DEFAULT NULL COMMENT '生成模块名',
  `business_name` varchar(30) COLLATE utf8mb4_unicode_ci DEFAULT NULL COMMENT '生成业务名',
  `function_name` varchar(50) COLLATE utf8mb4_unicode_ci DEFAULT NULL COMMENT '生成功能名',
  `function_author` varchar(50) COLLATE utf8mb4_unicode_ci DEFAULT NULL COMMENT '生成功能作者',
  `gen_type` char(1) COLLATE utf8mb4_unicode_ci DEFAULT '0' COMMENT '生成代码方式（0zip压缩包 1自定义路径）',
  `gen_path` varchar(200) COLLATE utf8mb4_unicode_ci DEFAULT '/' COMMENT '生成路径（不填默认项目路径）',
  `options` varchar(1000) COLLATE utf8mb4_unicode_ci DEFAULT NULL COMMENT '其它生成选项',
  `create_by` varchar(64) COLLATE utf8mb4_unicode_ci DEFAULT '' COMMENT '创建者',
  `create_time` datetime DEFAULT NULL COMMENT '创建时间',
  `update_by` varchar(64) COLLATE utf8mb4_unicode_ci DEFAULT '' COMMENT '更新者',
  `update_time` datetime DEFAULT NULL COMMENT '更新时间',
  `remark` varchar(500) COLLATE utf8mb4_unicode_ci DEFAULT NULL COMMENT '备注',
  PRIMARY KEY (`table_id`)
) ENGINE=InnoDB AUTO_INCREMENT=9 DEFAULT CHARSET=utf8mb4 COLLATE=utf8mb4_unicode_ci COMMENT='代码生成业务表';
/*!40101 SET character_set_client = @saved_cs_client */;

--
-- Dumping data for table `gen_table`
--

LOCK TABLES `gen_table` WRITE;
/*!40000 ALTER TABLE `gen_table` DISABLE KEYS */;
INSERT INTO `gen_table` VALUES (4,'user_fill_info','用户填报信息表',NULL,NULL,'UserFillInfo','crud','element-ui','com.autumn.project.vaccines','vaccines','userFillInfo','用户填报信息','autumn','0','/','{\"parentMenuId\":\"1061\"}','admin','2024-01-23 06:15:33','','2024-01-23 07:06:13',NULL),(5,'vaccination_method_info','接种方法信息表',NULL,NULL,'VaccinationMethodInfo','crud','element-ui','com.autumn.project.vaccines','vaccines','vaccinationMethodInfo','接种方法信息','autumn','0','/','{\"parentMenuId\":1061}','admin','2024-01-23 06:15:33','','2024-01-23 06:26:09',NULL),(6,'vaccines_info','疫苗信息表',NULL,NULL,'VaccinesInfo','crud','element-ui','com.autumn.project.vaccines','vaccines','vaccinesInfo','疫苗信息','autumn','0','/','{\"parentMenuId\":\"1061\"}','admin','2024-01-23 06:15:33','','2024-01-23 06:49:03',NULL),(7,'age_vaccines_info','各年龄段需打疫苗信息表',NULL,NULL,'AgeVaccinesInfo','crud','element-ui','com.autumn.project.vaccines','vaccines','ageVaccinesInfo','各年龄段需打疫苗信息','autumn','0','/','{\"parentMenuId\":1061}','admin','2024-01-26 02:39:22','','2024-01-26 02:42:17',NULL),(8,'nurse_info','护士信息表',NULL,NULL,'NurseInfo','crud','element-ui','com.autumn.project.vaccines','vaccines','nurseInfo','护士信息','autumn','0','/','{\"parentMenuId\":1061}','admin','2024-04-13 03:44:34','','2024-04-13 03:48:14',NULL);
/*!40000 ALTER TABLE `gen_table` ENABLE KEYS */;
UNLOCK TABLES;

--
-- Table structure for table `gen_table_column`
--

DROP TABLE IF EXISTS `gen_table_column`;
/*!40101 SET @saved_cs_client     = @@character_set_client */;
/*!40101 SET character_set_client = utf8 */;
CREATE TABLE `gen_table_column` (
  `column_id` bigint(20) NOT NULL AUTO_INCREMENT COMMENT '编号',
  `table_id` bigint(20) DEFAULT NULL COMMENT '归属表编号',
  `column_name` varchar(200) COLLATE utf8mb4_unicode_ci DEFAULT NULL COMMENT '列名称',
  `column_comment` varchar(500) COLLATE utf8mb4_unicode_ci DEFAULT NULL COMMENT '列描述',
  `column_type` varchar(100) COLLATE utf8mb4_unicode_ci DEFAULT NULL COMMENT '列类型',
  `java_type` varchar(500) COLLATE utf8mb4_unicode_ci DEFAULT NULL COMMENT 'JAVA类型',
  `java_field` varchar(200) COLLATE utf8mb4_unicode_ci DEFAULT NULL COMMENT 'JAVA字段名',
  `is_pk` char(1) COLLATE utf8mb4_unicode_ci DEFAULT NULL COMMENT '是否主键（1是）',
  `is_increment` char(1) COLLATE utf8mb4_unicode_ci DEFAULT NULL COMMENT '是否自增（1是）',
  `is_required` char(1) COLLATE utf8mb4_unicode_ci DEFAULT NULL COMMENT '是否必填（1是）',
  `is_insert` char(1) COLLATE utf8mb4_unicode_ci DEFAULT NULL COMMENT '是否为插入字段（1是）',
  `is_edit` char(1) COLLATE utf8mb4_unicode_ci DEFAULT NULL COMMENT '是否编辑字段（1是）',
  `is_list` char(1) COLLATE utf8mb4_unicode_ci DEFAULT NULL COMMENT '是否列表字段（1是）',
  `is_query` char(1) COLLATE utf8mb4_unicode_ci DEFAULT NULL COMMENT '是否查询字段（1是）',
  `query_type` varchar(200) COLLATE utf8mb4_unicode_ci DEFAULT 'EQ' COMMENT '查询方式（等于、不等于、大于、小于、范围）',
  `html_type` varchar(200) COLLATE utf8mb4_unicode_ci DEFAULT NULL COMMENT '显示类型（文本框、文本域、下拉框、复选框、单选框、日期控件）',
  `dict_type` varchar(200) COLLATE utf8mb4_unicode_ci DEFAULT '' COMMENT '字典类型',
  `sort` int(11) DEFAULT NULL COMMENT '排序',
  `create_by` varchar(64) COLLATE utf8mb4_unicode_ci DEFAULT '' COMMENT '创建者',
  `create_time` datetime DEFAULT NULL COMMENT '创建时间',
  `update_by` varchar(64) COLLATE utf8mb4_unicode_ci DEFAULT '' COMMENT '更新者',
  `update_time` datetime DEFAULT NULL COMMENT '更新时间',
  PRIMARY KEY (`column_id`)
) ENGINE=InnoDB AUTO_INCREMENT=185 DEFAULT CHARSET=utf8mb4 COLLATE=utf8mb4_unicode_ci COMMENT='代码生成业务表字段';
/*!40101 SET character_set_client = @saved_cs_client */;

--
-- Dumping data for table `gen_table_column`
--

LOCK TABLES `gen_table_column` WRITE;
/*!40000 ALTER TABLE `gen_table_column` DISABLE KEYS */;
INSERT INTO `gen_table_column` VALUES (69,4,'id','ID','bigint(20)','Long','id','1','1','0','1',NULL,NULL,NULL,'EQ','input','',1,'admin','2024-01-23 06:15:33','','2024-01-23 07:06:13'),(70,4,'user_id','用户ID','bigint(20)','Long','userId','0','0','1','1','0','0','0','EQ','input','',2,'admin','2024-01-23 06:15:33','','2024-01-23 07:06:13'),(71,4,'user_name','家长姓名','varchar(50)','String','userName','0','0','1','1','1','1','1','LIKE','input','',3,'admin','2024-01-23 06:15:33','','2024-01-23 07:06:13'),(72,4,'user_sex','家长性别','varchar(5)','String','userSex','0','0','1','1','1','1','1','EQ','radio','sys_user_sex',4,'admin','2024-01-23 06:15:33','','2024-01-23 07:06:13'),(73,4,'children_name','孩子姓名','varchar(50)','String','childrenName','0','0','1','1','1','1','1','LIKE','input','',5,'admin','2024-01-23 06:15:33','','2024-01-23 07:06:13'),(74,4,'children_sex','孩子性别','varchar(5)','String','childrenSex','0','0','1','1','1','1','1','EQ','radio','sys_user_sex',6,'admin','2024-01-23 06:15:33','','2024-01-23 07:06:13'),(75,4,'children_birthday','孩子出生日期','date','Date','childrenBirthday','0','0','1','1','1','1','1','EQ','datetime','',7,'admin','2024-01-23 06:15:33','','2024-01-23 07:06:13'),(76,4,'today','填报日期','date','Date','today','0','0','1','1','1','1','1','EQ','datetime','',8,'admin','2024-01-23 06:15:33','','2024-01-23 07:06:13'),(77,4,'children_allergy','孩子过敏事项','text','String','childrenAllergy','0','0','1','1','1','1','1','EQ','textarea','',9,'admin','2024-01-23 06:15:33','','2024-01-23 07:06:13'),(78,4,'user_phone','家长手机号码','varchar(11)','String','userPhone','0','0','1','1','1','1','1','EQ','input','',10,'admin','2024-01-23 06:15:33','','2024-01-23 07:06:13'),(79,4,'address','家庭住址','text','String','address','0','0','1','1','1','1','1','EQ','textarea','',11,'admin','2024-01-23 06:15:33','','2024-01-23 07:06:13'),(80,4,'take_care','注意事项','text','String','takeCare','0','0','1','1','1','1','1','EQ','editor','',12,'admin','2024-01-23 06:15:33','','2024-01-23 07:06:13'),(81,4,'score','评分','char(5)','String','score','0','0','1','1','1','1','1','EQ','input','',13,'admin','2024-01-23 06:15:33','','2024-01-23 07:06:13'),(82,4,'opinions','意见建议','text','String','opinions','0','0','1','1','1','1','1','EQ','editor','',14,'admin','2024-01-23 06:15:33','','2024-01-23 07:06:13'),(83,4,'state','状态(1用户草稿，2用户推送，3系统选择，4管理员审核，5用户已读)','char(5)','String','state','0','0','1','1','1','1','1','EQ','input','',15,'admin','2024-01-23 06:15:33','','2024-01-23 07:06:13'),(84,4,'create_by','创建者','varchar(64)','String','createBy','0','0','0','1',NULL,'1','1','EQ','input','',16,'admin','2024-01-23 06:15:33','','2024-01-23 07:06:13'),(85,4,'create_time','创建时间','datetime','Date','createTime','0','0','0','1',NULL,'1','1','EQ','datetime','',17,'admin','2024-01-23 06:15:33','','2024-01-23 07:06:13'),(86,4,'remark','备注','varchar(500)','String','remark','0','0','0','1','1','1',NULL,'EQ','textarea','',18,'admin','2024-01-23 06:15:33','','2024-01-23 07:06:13'),(87,4,'ext1','扩展字段1','varchar(255)','String','ext1','0','0','0','1','1','1','1','EQ','input','',19,'admin','2024-01-23 06:15:33','','2024-01-23 07:06:13'),(88,4,'ext2','扩展字段2','varchar(255)','String','ext2','0','0','0','1','1','1','1','EQ','input','',20,'admin','2024-01-23 06:15:33','','2024-01-23 07:06:13'),(89,4,'ext3','扩展字段3','varchar(255)','String','ext3','0','0','0','1','1','1','1','EQ','input','',21,'admin','2024-01-23 06:15:33','','2024-01-23 07:06:13'),(90,4,'ext4','扩展字段4','varchar(255)','String','ext4','0','0','0','1','1','1','1','EQ','input','',22,'admin','2024-01-23 06:15:33','','2024-01-23 07:06:13'),(91,4,'ext5','扩展字段5','varchar(255)','String','ext5','0','0','0','1','1','1','1','EQ','input','',23,'admin','2024-01-23 06:15:33','','2024-01-23 07:06:13'),(92,4,'ext6','扩展字段6','varchar(255)','String','ext6','0','0','0','1','1','1','1','EQ','input','',24,'admin','2024-01-23 06:15:33','','2024-01-23 07:06:13'),(93,4,'ext7','扩展字段7','varchar(255)','String','ext7','0','0','0','1','1','1','1','EQ','input','',25,'admin','2024-01-23 06:15:33','','2024-01-23 07:06:13'),(94,4,'ext8','扩展字段8','varchar(255)','String','ext8','0','0','0','1','1','1','1','EQ','input','',26,'admin','2024-01-23 06:15:33','','2024-01-23 07:06:13'),(95,4,'ext9','扩展字段9','varchar(255)','String','ext9','0','0','0','1','1','1','1','EQ','input','',27,'admin','2024-01-23 06:15:33','','2024-01-23 07:06:13'),(96,4,'ext10','扩展字段10','varchar(255)','String','ext10','0','0','0','1','1','1','1','EQ','input','',28,'admin','2024-01-23 06:15:33','','2024-01-23 07:06:13'),(97,5,'id','ID','bigint(20)','Long','id','1','1','0','1',NULL,NULL,NULL,'EQ','input','',1,'admin','2024-01-23 06:15:33','','2024-01-23 06:26:09'),(98,5,'vaccination_method_name','接种方式名称','varchar(50)','String','vaccinationMethodName','0','0','1','1','1','1','1','LIKE','input','',2,'admin','2024-01-23 06:15:33','','2024-01-23 06:26:09'),(99,5,'vaccination_method_code','接种方式标识','varchar(50)','String','vaccinationMethodCode','0','0','1','1','1','1','1','EQ','input','',3,'admin','2024-01-23 06:15:33','','2024-01-23 06:26:09'),(100,5,'state','状态','char(5)','String','state','0','0','0','1','1','1','1','EQ','radio','sys_normal_disable',4,'admin','2024-01-23 06:15:33','','2024-01-23 06:26:09'),(101,5,'create_by','创建者','varchar(64)','String','createBy','0','0','0','1',NULL,'1','1','EQ','input','',5,'admin','2024-01-23 06:15:33','','2024-01-23 06:26:09'),(102,5,'create_time','创建时间','datetime','Date','createTime','0','0','0','1',NULL,'1','1','EQ','datetime','',6,'admin','2024-01-23 06:15:33','','2024-01-23 06:26:09'),(103,5,'update_by','更新者','varchar(64)','String','updateBy','0','0','0','1','1',NULL,NULL,'EQ','input','',7,'admin','2024-01-23 06:15:33','','2024-01-23 06:26:09'),(104,5,'update_time','更新时间','datetime','Date','updateTime','0','0','0','1','1',NULL,NULL,'EQ','datetime','',8,'admin','2024-01-23 06:15:33','','2024-01-23 06:26:09'),(105,5,'remark','备注','varchar(500)','String','remark','0','0','0','1','1','1',NULL,'EQ','textarea','',9,'admin','2024-01-23 06:15:33','','2024-01-23 06:26:09'),(106,5,'ext1','扩展字段1','varchar(255)','String','ext1','0','0','0','1','1','1','1','EQ','input','',10,'admin','2024-01-23 06:15:33','','2024-01-23 06:26:09'),(107,5,'ext2','扩展字段2','varchar(255)','String','ext2','0','0','0','1','1','1','1','EQ','input','',11,'admin','2024-01-23 06:15:33','','2024-01-23 06:26:09'),(108,5,'ext3','扩展字段3','varchar(255)','String','ext3','0','0','0','1','1','1','1','EQ','input','',12,'admin','2024-01-23 06:15:33','','2024-01-23 06:26:09'),(109,5,'ext4','扩展字段4','varchar(255)','String','ext4','0','0','0','1','1','1','1','EQ','input','',13,'admin','2024-01-23 06:15:33','','2024-01-23 06:26:09'),(110,5,'ext5','扩展字段5','varchar(255)','String','ext5','0','0','0','1','1','1','1','EQ','input','',14,'admin','2024-01-23 06:15:33','','2024-01-23 06:26:09'),(111,5,'ext6','扩展字段6','varchar(255)','String','ext6','0','0','0','1','1','1','1','EQ','input','',15,'admin','2024-01-23 06:15:33','','2024-01-23 06:26:09'),(112,5,'ext7','扩展字段7','varchar(255)','String','ext7','0','0','0','1','1','1','1','EQ','input','',16,'admin','2024-01-23 06:15:33','','2024-01-23 06:26:09'),(113,5,'ext8','扩展字段8','varchar(255)','String','ext8','0','0','0','1','1','1','1','EQ','input','',17,'admin','2024-01-23 06:15:33','','2024-01-23 06:26:09'),(114,5,'ext9','扩展字段9','varchar(255)','String','ext9','0','0','0','1','1','1','1','EQ','input','',18,'admin','2024-01-23 06:15:33','','2024-01-23 06:26:09'),(115,5,'ext10','扩展字段10','varchar(255)','String','ext10','0','0','0','1','1','1','1','EQ','input','',19,'admin','2024-01-23 06:15:33','','2024-01-23 06:26:09'),(116,6,'id','ID','bigint(20)','Long','id','1','1','0','1',NULL,NULL,NULL,'EQ','input','',1,'admin','2024-01-23 06:15:33','','2024-01-23 06:49:03'),(117,6,'vaccines_name','疫苗名称','varchar(50)','String','vaccinesName','0','0','1','1','1','1','1','LIKE','input','',2,'admin','2024-01-23 06:15:33','','2024-01-23 06:49:03'),(118,6,'vaccines_code','疫苗标识','varchar(50)','String','vaccinesCode','0','0','1','1','1','1','1','EQ','input','',3,'admin','2024-01-23 06:15:33','','2024-01-23 06:49:03'),(119,6,'vaccination_method_code','接种方式标识','varchar(50)','String','vaccinationMethodCode','0','0','1','1','1','1','1','EQ','select','sys_normal_disable',4,'admin','2024-01-23 06:15:33','','2024-01-23 06:49:03'),(120,6,'age_min','最小年龄(天)','int(11)','Long','ageMin','0','0','1','1','1','1','1','EQ','input','',5,'admin','2024-01-23 06:15:33','','2024-01-23 06:49:03'),(121,6,'age_max','最大年龄(天)','int(11)','Long','ageMax','0','0','1','1','1','1','1','EQ','input','',6,'admin','2024-01-23 06:15:33','','2024-01-23 06:49:03'),(122,6,'state','状态','char(5)','String','state','0','0','1','1','1','1','1','EQ','radio','sys_normal_disable',7,'admin','2024-01-23 06:15:33','','2024-01-23 06:49:03'),(123,6,'create_by','创建者','varchar(64)','String','createBy','0','0','0','1',NULL,'1','1','EQ','input','',8,'admin','2024-01-23 06:15:33','','2024-01-23 06:49:03'),(124,6,'create_time','创建时间','datetime','Date','createTime','0','0','0','1',NULL,'1','1','EQ','datetime','',9,'admin','2024-01-23 06:15:33','','2024-01-23 06:49:03'),(125,6,'update_by','更新者','varchar(64)','String','updateBy','0','0','0','1','1',NULL,NULL,'EQ','input','',10,'admin','2024-01-23 06:15:33','','2024-01-23 06:49:03'),(126,6,'update_time','更新时间','datetime','Date','updateTime','0','0','0','1','1',NULL,NULL,'EQ','datetime','',11,'admin','2024-01-23 06:15:33','','2024-01-23 06:49:03'),(127,6,'remark','备注','varchar(500)','String','remark','0','0','0','1','1','1',NULL,'EQ','textarea','',12,'admin','2024-01-23 06:15:33','','2024-01-23 06:49:03'),(128,6,'ext1','扩展字段1','varchar(255)','String','ext1','0','0','0','1','1','1','1','EQ','input','',13,'admin','2024-01-23 06:15:33','','2024-01-23 06:49:03'),(129,6,'ext2','扩展字段2','varchar(255)','String','ext2','0','0','0','1','1','1','1','EQ','input','',14,'admin','2024-01-23 06:15:33','','2024-01-23 06:49:03'),(130,6,'ext3','扩展字段3','varchar(255)','String','ext3','0','0','0','1','1','1','1','EQ','input','',15,'admin','2024-01-23 06:15:33','','2024-01-23 06:49:03'),(131,6,'ext4','扩展字段4','varchar(255)','String','ext4','0','0','0','1','1','1','1','EQ','input','',16,'admin','2024-01-23 06:15:33','','2024-01-23 06:49:03'),(132,6,'ext5','扩展字段5','varchar(255)','String','ext5','0','0','0','1','1','1','1','EQ','input','',17,'admin','2024-01-23 06:15:33','','2024-01-23 06:49:03'),(133,6,'ext6','扩展字段6','varchar(255)','String','ext6','0','0','0','1','1','1','1','EQ','input','',18,'admin','2024-01-23 06:15:33','','2024-01-23 06:49:03'),(134,6,'ext7','扩展字段7','varchar(255)','String','ext7','0','0','0','1','1','1','1','EQ','input','',19,'admin','2024-01-23 06:15:33','','2024-01-23 06:49:03'),(135,6,'ext8','扩展字段8','varchar(255)','String','ext8','0','0','0','1','1','1','1','EQ','input','',20,'admin','2024-01-23 06:15:33','','2024-01-23 06:49:03'),(136,6,'ext9','扩展字段9','varchar(255)','String','ext9','0','0','0','1','1','1','1','EQ','input','',21,'admin','2024-01-23 06:15:33','','2024-01-23 06:49:03'),(137,6,'ext10','扩展字段10','varchar(255)','String','ext10','0','0','0','1','1','1','1','EQ','input','',22,'admin','2024-01-23 06:15:33','','2024-01-23 06:49:03'),(138,7,'id','ID','bigint(20)','Long','id','1','1','0','1',NULL,NULL,NULL,'EQ','input','',1,'admin','2024-01-26 02:39:22','','2024-01-26 02:42:17'),(139,7,'age','年龄(岁)','int(11)','Long','age','0','0','0','1','1','1','1','EQ','input','',2,'admin','2024-01-26 02:39:22','','2024-01-26 02:42:17'),(140,7,'age_min','最小年龄(天)','int(11)','Long','ageMin','0','0','1','1','1','1','1','EQ','input','',3,'admin','2024-01-26 02:39:22','','2024-01-26 02:42:17'),(141,7,'age_max','最大年龄(天)','int(11)','Long','ageMax','0','0','1','1','1','1','1','EQ','input','',4,'admin','2024-01-26 02:39:22','','2024-01-26 02:42:17'),(142,7,'vaccines_codes','疫苗名称列表','text','String','vaccinesCodes','0','0','1','1','1','1','1','EQ','select','sys_normal_disable',5,'admin','2024-01-26 02:39:22','','2024-01-26 02:42:17'),(143,7,'take_care','注意事项','text','String','takeCare','0','0','0','1','1','1','1','EQ','textarea','',6,'admin','2024-01-26 02:39:22','','2024-01-26 02:42:17'),(144,7,'state','状态','char(5)','String','state','0','0','1','1','1','1','1','EQ','radio','sys_normal_disable',7,'admin','2024-01-26 02:39:22','','2024-01-26 02:42:17'),(145,7,'create_by','创建者','varchar(64)','String','createBy','0','0','0','1',NULL,NULL,NULL,'EQ','input','',8,'admin','2024-01-26 02:39:22','','2024-01-26 02:42:17'),(146,7,'create_time','创建时间','datetime','Date','createTime','0','0','0','1',NULL,'1','1','EQ','datetime','',9,'admin','2024-01-26 02:39:22','','2024-01-26 02:42:17'),(147,7,'update_by','更新者','varchar(64)','String','updateBy','0','0','0','1','1',NULL,NULL,'EQ','input','',10,'admin','2024-01-26 02:39:22','','2024-01-26 02:42:17'),(148,7,'update_time','更新时间','datetime','Date','updateTime','0','0','0','1','1',NULL,NULL,'EQ','datetime','',11,'admin','2024-01-26 02:39:22','','2024-01-26 02:42:17'),(149,7,'remark','备注','varchar(500)','String','remark','0','0','0','1','1','1',NULL,'EQ','textarea','',12,'admin','2024-01-26 02:39:22','','2024-01-26 02:42:17'),(150,7,'ext1','扩展字段1','varchar(255)','String','ext1','0','0','0','1','1','1','1','EQ','input','',13,'admin','2024-01-26 02:39:22','','2024-01-26 02:42:17'),(151,7,'ext2','扩展字段2','varchar(255)','String','ext2','0','0','0','1','1','1','1','EQ','input','',14,'admin','2024-01-26 02:39:22','','2024-01-26 02:42:17'),(152,7,'ext3','扩展字段3','varchar(255)','String','ext3','0','0','0','1','1','1','1','EQ','input','',15,'admin','2024-01-26 02:39:22','','2024-01-26 02:42:17'),(153,7,'ext4','扩展字段4','varchar(255)','String','ext4','0','0','0','1','1','1','1','EQ','input','',16,'admin','2024-01-26 02:39:22','','2024-01-26 02:42:17'),(154,7,'ext5','扩展字段5','varchar(255)','String','ext5','0','0','0','1','1','1','1','EQ','input','',17,'admin','2024-01-26 02:39:22','','2024-01-26 02:42:17'),(155,7,'ext6','扩展字段6','varchar(255)','String','ext6','0','0','0','1','1','1','1','EQ','input','',18,'admin','2024-01-26 02:39:22','','2024-01-26 02:42:17'),(156,7,'ext7','扩展字段7','varchar(255)','String','ext7','0','0','0','1','1','1','1','EQ','input','',19,'admin','2024-01-26 02:39:22','','2024-01-26 02:42:17'),(157,7,'ext8','扩展字段8','varchar(255)','String','ext8','0','0','0','1','1','1','1','EQ','input','',20,'admin','2024-01-26 02:39:22','','2024-01-26 02:42:17'),(158,7,'ext9','扩展字段9','varchar(255)','String','ext9','0','0','0','1','1','1','1','EQ','input','',21,'admin','2024-01-26 02:39:22','','2024-01-26 02:42:17'),(159,7,'ext10','扩展字段10','varchar(255)','String','ext10','0','0','0','1','1','1','1','EQ','input','',22,'admin','2024-01-26 02:39:22','','2024-01-26 02:42:17'),(160,8,'id','ID','bigint(20)','Long','id','1','1','0','1',NULL,NULL,NULL,'EQ','input','',1,'admin','2024-04-13 03:44:34','','2024-04-13 03:48:14'),(161,8,'nurse_photo','照片','varchar(50)','String','nursePhoto','0','0','0','1','1','1','0','EQ','imageUpload','',2,'admin','2024-04-13 03:44:34','','2024-04-13 03:48:14'),(162,8,'nurse_code','护士编号','varchar(50)','String','nurseCode','0','0','0','1','1','1','1','EQ','input','',3,'admin','2024-04-13 03:44:34','','2024-04-13 03:48:14'),(163,8,'nurse_name','护士姓名','varchar(50)','String','nurseName','0','0','0','1','1','1','1','LIKE','input','',4,'admin','2024-04-13 03:44:34','','2024-04-13 03:48:14'),(164,8,'nurse_job','具体职称','varchar(50)','String','nurseJob','0','0','0','1','1','1','1','LIKE','input','',5,'admin','2024-04-13 03:44:34','','2024-04-13 03:48:14'),(165,8,'seniority','工龄','double','Long','seniority','0','0','0','1','1','1','1','EQ','input','',6,'admin','2024-04-13 03:44:34','','2024-04-13 03:48:14'),(166,8,'nurse_sex','性别','char(5)','String','nurseSex','0','0','0','1','1','1','1','EQ','radio','sys_user_sex',7,'admin','2024-04-13 03:44:34','','2024-04-13 03:48:14'),(167,8,'nurse_birthday','生日','date','Date','nurseBirthday','0','0','0','1','1','1','1','EQ','datetime','',8,'admin','2024-04-13 03:44:34','','2024-04-13 03:48:14'),(168,8,'biography','简介','text','String','biography','0','0','0','1','1','1','0','EQ','textarea','',9,'admin','2024-04-13 03:44:34','','2024-04-13 03:48:14'),(169,8,'state','状态','char(5)','String','state','0','0','0','1','1','1','1','EQ','radio','sys_normal_disable',10,'admin','2024-04-13 03:44:34','','2024-04-13 03:48:14'),(170,8,'create_by','创建者','varchar(64)','String','createBy','0','0','0','1',NULL,NULL,NULL,'EQ','input','',11,'admin','2024-04-13 03:44:34','','2024-04-13 03:48:14'),(171,8,'create_time','创建时间','datetime','Date','createTime','0','0','0','1',NULL,'1','0','EQ','datetime','',12,'admin','2024-04-13 03:44:34','','2024-04-13 03:48:14'),(172,8,'update_by','更新者','varchar(64)','String','updateBy','0','0','0','1','1',NULL,NULL,'EQ','input','',13,'admin','2024-04-13 03:44:34','','2024-04-13 03:48:14'),(173,8,'update_time','更新时间','datetime','Date','updateTime','0','0','0','1','1',NULL,NULL,'EQ','datetime','',14,'admin','2024-04-13 03:44:34','','2024-04-13 03:48:14'),(174,8,'remark','备注','varchar(500)','String','remark','0','0','0','1','1','1',NULL,'EQ','textarea','',15,'admin','2024-04-13 03:44:34','','2024-04-13 03:48:14'),(175,8,'ext1','扩展字段1','bigint(20)','Long','ext1','0','0','0','1','1','1','1','EQ','input','',16,'admin','2024-04-13 03:44:34','','2024-04-13 03:48:14'),(176,8,'ext2','扩展字段2','varchar(255)','String','ext2','0','0','0','1','1','1','1','EQ','input','',17,'admin','2024-04-13 03:44:34','','2024-04-13 03:48:14'),(177,8,'ext3','扩展字段3','varchar(255)','String','ext3','0','0','0','1','1','1','1','EQ','input','',18,'admin','2024-04-13 03:44:34','','2024-04-13 03:48:14'),(178,8,'ext4','扩展字段4','varchar(255)','String','ext4','0','0','0','1','1','1','1','EQ','input','',19,'admin','2024-04-13 03:44:34','','2024-04-13 03:48:14'),(179,8,'ext5','扩展字段5','varchar(255)','String','ext5','0','0','0','1','1','1','1','EQ','input','',20,'admin','2024-04-13 03:44:34','','2024-04-13 03:48:14'),(180,8,'ext6','扩展字段6','varchar(255)','String','ext6','0','0','0','1','1','1','1','EQ','input','',21,'admin','2024-04-13 03:44:34','','2024-04-13 03:48:14'),(181,8,'ext7','扩展字段7','varchar(255)','String','ext7','0','0','0','1','1','1','1','EQ','input','',22,'admin','2024-04-13 03:44:34','','2024-04-13 03:48:14'),(182,8,'ext8','扩展字段8','varchar(255)','String','ext8','0','0','0','1','1','1','1','EQ','input','',23,'admin','2024-04-13 03:44:34','','2024-04-13 03:48:14'),(183,8,'ext9','扩展字段9','varchar(255)','String','ext9','0','0','0','1','1','1','1','EQ','input','',24,'admin','2024-04-13 03:44:34','','2024-04-13 03:48:14'),(184,8,'ext10','扩展字段10','varchar(255)','String','ext10','0','0','0','1','1','1','1','EQ','input','',25,'admin','2024-04-13 03:44:34','','2024-04-13 03:48:14');
/*!40000 ALTER TABLE `gen_table_column` ENABLE KEYS */;
UNLOCK TABLES;

--
-- Table structure for table `nurse_info`
--

DROP TABLE IF EXISTS `nurse_info`;
/*!40101 SET @saved_cs_client     = @@character_set_client */;
/*!40101 SET character_set_client = utf8 */;
CREATE TABLE `nurse_info` (
  `id` bigint(20) NOT NULL AUTO_INCREMENT COMMENT 'ID',
  `nurse_photo` text COLLATE utf8mb4_unicode_ci COMMENT '照片',
  `nurse_code` varchar(50) COLLATE utf8mb4_unicode_ci DEFAULT NULL COMMENT '护士编号',
  `nurse_name` varchar(50) COLLATE utf8mb4_unicode_ci DEFAULT NULL COMMENT '护士姓名',
  `nurse_job` varchar(50) COLLATE utf8mb4_unicode_ci DEFAULT NULL COMMENT '具体职称',
  `seniority` double DEFAULT NULL COMMENT '工龄',
  `nurse_sex` char(5) COLLATE utf8mb4_unicode_ci DEFAULT NULL COMMENT '性别',
  `nurse_birthday` date DEFAULT NULL COMMENT '生日',
  `biography` text COLLATE utf8mb4_unicode_ci COMMENT '简介',
  `state` char(5) COLLATE utf8mb4_unicode_ci DEFAULT '0' COMMENT '状态',
  `create_by` varchar(64) COLLATE utf8mb4_unicode_ci DEFAULT '' COMMENT '创建者',
  `create_time` datetime DEFAULT NULL COMMENT '创建时间',
  `update_by` varchar(64) COLLATE utf8mb4_unicode_ci DEFAULT '' COMMENT '更新者',
  `update_time` datetime DEFAULT NULL COMMENT '更新时间',
  `remark` varchar(500) COLLATE utf8mb4_unicode_ci DEFAULT NULL COMMENT '备注',
  `ext1` int(11) DEFAULT NULL COMMENT '排序',
  `ext2` varchar(255) COLLATE utf8mb4_unicode_ci DEFAULT NULL COMMENT '扩展字段2',
  `ext3` varchar(255) COLLATE utf8mb4_unicode_ci DEFAULT NULL COMMENT '扩展字段3',
  `ext4` varchar(255) COLLATE utf8mb4_unicode_ci DEFAULT NULL COMMENT '扩展字段4',
  `ext5` varchar(255) COLLATE utf8mb4_unicode_ci DEFAULT NULL COMMENT '扩展字段5',
  `ext6` varchar(255) COLLATE utf8mb4_unicode_ci DEFAULT NULL COMMENT '扩展字段6',
  `ext7` varchar(255) COLLATE utf8mb4_unicode_ci DEFAULT NULL COMMENT '扩展字段7',
  `ext8` varchar(255) COLLATE utf8mb4_unicode_ci DEFAULT NULL COMMENT '扩展字段8',
  `ext9` varchar(255) COLLATE utf8mb4_unicode_ci DEFAULT NULL COMMENT '扩展字段9',
  `ext10` varchar(255) COLLATE utf8mb4_unicode_ci DEFAULT NULL COMMENT '扩展字段10',
  PRIMARY KEY (`id`)
) ENGINE=InnoDB AUTO_INCREMENT=3 DEFAULT CHARSET=utf8mb4 COLLATE=utf8mb4_unicode_ci COMMENT='护士信息表';
/*!40101 SET character_set_client = @saved_cs_client */;

--
-- Dumping data for table `nurse_info`
--

LOCK TABLES `nurse_info` WRITE;
/*!40000 ALTER TABLE `nurse_info` DISABLE KEYS */;
INSERT INTO `nurse_info` VALUES (1,'/profile/upload/2024/04/13/111_20240413122246A001.jpg,/profile/upload/2024/04/13/logo_20240413123658A002.png','1111','护士1','护士长',5,'1','2002-04-01','无','0','','2024-04-13 12:23:55','','2024-04-13 12:37:01',NULL,1,NULL,NULL,NULL,NULL,NULL,NULL,NULL,NULL,NULL),(2,'/profile/upload/2024/04/13/111_20240413125045A001.jpg','0782f252b586420f9aef49bee68a877e','护士2','护士2',3,'0','2024-04-11',NULL,'0','','2024-04-13 12:51:03','',NULL,NULL,2,NULL,NULL,NULL,NULL,NULL,NULL,NULL,NULL,NULL);
/*!40000 ALTER TABLE `nurse_info` ENABLE KEYS */;
UNLOCK TABLES;

--
-- Table structure for table `sys_config`
--

DROP TABLE IF EXISTS `sys_config`;
/*!40101 SET @saved_cs_client     = @@character_set_client */;
/*!40101 SET character_set_client = utf8 */;
CREATE TABLE `sys_config` (
  `config_id` int(5) NOT NULL AUTO_INCREMENT COMMENT '参数主键',
  `config_name` varchar(100) COLLATE utf8mb4_unicode_ci DEFAULT '' COMMENT '参数名称',
  `config_key` varchar(100) COLLATE utf8mb4_unicode_ci DEFAULT '' COMMENT '参数键名',
  `config_value` varchar(500) COLLATE utf8mb4_unicode_ci DEFAULT '' COMMENT '参数键值',
  `config_type` char(1) COLLATE utf8mb4_unicode_ci DEFAULT 'N' COMMENT '系统内置（Y是 N否）',
  `create_by` varchar(64) COLLATE utf8mb4_unicode_ci DEFAULT '' COMMENT '创建者',
  `create_time` datetime DEFAULT NULL COMMENT '创建时间',
  `update_by` varchar(64) COLLATE utf8mb4_unicode_ci DEFAULT '' COMMENT '更新者',
  `update_time` datetime DEFAULT NULL COMMENT '更新时间',
  `remark` varchar(500) COLLATE utf8mb4_unicode_ci DEFAULT NULL COMMENT '备注',
  PRIMARY KEY (`config_id`)
) ENGINE=InnoDB AUTO_INCREMENT=8 DEFAULT CHARSET=utf8mb4 COLLATE=utf8mb4_unicode_ci COMMENT='参数配置表';
/*!40101 SET character_set_client = @saved_cs_client */;

--
-- Dumping data for table `sys_config`
--

LOCK TABLES `sys_config` WRITE;
/*!40000 ALTER TABLE `sys_config` DISABLE KEYS */;
INSERT INTO `sys_config` VALUES (1,'主框架页-默认皮肤样式名称','sys.index.skinName','skin-blue','Y','admin','2024-01-15 05:14:52','',NULL,'蓝色 skin-blue、绿色 skin-green、紫色 skin-purple、红色 skin-red、黄色 skin-yellow'),(2,'用户管理-账号初始密码','sys.user.initPassword','123456','Y','admin','2024-01-15 05:14:52','',NULL,'初始化密码 123456'),(3,'主框架页-侧边栏主题','sys.index.sideTheme','theme-dark','Y','admin','2024-01-15 05:14:52','',NULL,'深色主题theme-dark，浅色主题theme-light'),(4,'账号自助-验证码开关','sys.account.captchaEnabled','true','Y','admin','2024-01-15 05:14:52','',NULL,'是否开启验证码功能（true开启，false关闭）'),(5,'账号自助-是否开启用户注册功能','sys.account.registerUser','true','Y','admin','2024-01-15 05:14:52','admin','2024-01-22 05:21:01','是否开启注册用户功能（true开启，false关闭）'),(6,'用户登录-黑名单列表','sys.login.blackIPList','','Y','admin','2024-01-15 05:14:52','',NULL,'设置登录IP黑名单限制，多个匹配项以;分隔，支持匹配（*通配、网段）'),(7,'提醒打疫苗天数','zmx.dym.days','请在三天内完成接种','Y','admin','2024-03-25 08:01:23','admin','2024-03-25 08:46:43',NULL);
/*!40000 ALTER TABLE `sys_config` ENABLE KEYS */;
UNLOCK TABLES;

--
-- Table structure for table `sys_dept`
--

DROP TABLE IF EXISTS `sys_dept`;
/*!40101 SET @saved_cs_client     = @@character_set_client */;
/*!40101 SET character_set_client = utf8 */;
CREATE TABLE `sys_dept` (
  `dept_id` bigint(20) NOT NULL AUTO_INCREMENT COMMENT '部门id',
  `parent_id` bigint(20) DEFAULT '0' COMMENT '父部门id',
  `ancestors` varchar(50) COLLATE utf8mb4_unicode_ci DEFAULT '' COMMENT '祖级列表',
  `dept_name` varchar(30) COLLATE utf8mb4_unicode_ci DEFAULT '' COMMENT '部门名称',
  `order_num` int(4) DEFAULT '0' COMMENT '显示顺序',
  `leader` varchar(20) COLLATE utf8mb4_unicode_ci DEFAULT NULL COMMENT '负责人',
  `phone` varchar(11) COLLATE utf8mb4_unicode_ci DEFAULT NULL COMMENT '联系电话',
  `email` varchar(50) COLLATE utf8mb4_unicode_ci DEFAULT NULL COMMENT '邮箱',
  `status` char(1) COLLATE utf8mb4_unicode_ci DEFAULT '0' COMMENT '部门状态（0正常 1停用）',
  `del_flag` char(1) COLLATE utf8mb4_unicode_ci DEFAULT '0' COMMENT '删除标志（0代表存在 2代表删除）',
  `create_by` varchar(64) COLLATE utf8mb4_unicode_ci DEFAULT '' COMMENT '创建者',
  `create_time` datetime DEFAULT NULL COMMENT '创建时间',
  `update_by` varchar(64) COLLATE utf8mb4_unicode_ci DEFAULT '' COMMENT '更新者',
  `update_time` datetime DEFAULT NULL COMMENT '更新时间',
  PRIMARY KEY (`dept_id`)
) ENGINE=InnoDB AUTO_INCREMENT=110 DEFAULT CHARSET=utf8mb4 COLLATE=utf8mb4_unicode_ci COMMENT='部门表';
/*!40101 SET character_set_client = @saved_cs_client */;

--
-- Dumping data for table `sys_dept`
--

LOCK TABLES `sys_dept` WRITE;
/*!40000 ALTER TABLE `sys_dept` DISABLE KEYS */;
INSERT INTO `sys_dept` VALUES (100,0,'0','AUTUMN',0,'','','','0','0','admin','2024-01-15 05:14:46','admin','2024-01-15 05:43:01'),(101,100,'0,100','总公司',1,'','','','0','0','admin','2024-01-15 05:14:46','admin','2024-01-15 05:42:43'),(102,100,'0,100','长沙分公司',2,'若依','15888888888','ry@qq.com','0','2','admin','2024-01-15 05:14:46','',NULL),(103,101,'0,100,101','研发部门',1,'','','','0','0','admin','2024-01-15 05:14:46','admin','2024-01-15 05:42:36'),(104,101,'0,100,101','市场部门',2,'若依','15888888888','ry@qq.com','0','2','admin','2024-01-15 05:14:46','',NULL),(105,101,'0,100,101','测试部门',3,'若依','15888888888','ry@qq.com','0','2','admin','2024-01-15 05:14:46','',NULL),(106,101,'0,100,101','财务部门',4,'若依','15888888888','ry@qq.com','0','2','admin','2024-01-15 05:14:46','',NULL),(107,101,'0,100,101','运维部门',5,'若依','15888888888','ry@qq.com','0','2','admin','2024-01-15 05:14:46','',NULL),(108,102,'0,100,102','市场部门',1,'若依','15888888888','ry@qq.com','0','2','admin','2024-01-15 05:14:46','',NULL),(109,102,'0,100,102','财务部门',2,'若依','15888888888','ry@qq.com','0','2','admin','2024-01-15 05:14:46','',NULL);
/*!40000 ALTER TABLE `sys_dept` ENABLE KEYS */;
UNLOCK TABLES;

--
-- Table structure for table `sys_dict_data`
--

DROP TABLE IF EXISTS `sys_dict_data`;
/*!40101 SET @saved_cs_client     = @@character_set_client */;
/*!40101 SET character_set_client = utf8 */;
CREATE TABLE `sys_dict_data` (
  `dict_code` bigint(20) NOT NULL AUTO_INCREMENT COMMENT '字典编码',
  `dict_sort` int(4) DEFAULT '0' COMMENT '字典排序',
  `dict_label` varchar(100) COLLATE utf8mb4_unicode_ci DEFAULT '' COMMENT '字典标签',
  `dict_value` varchar(100) COLLATE utf8mb4_unicode_ci DEFAULT '' COMMENT '字典键值',
  `dict_type` varchar(100) COLLATE utf8mb4_unicode_ci DEFAULT '' COMMENT '字典类型',
  `css_class` varchar(100) COLLATE utf8mb4_unicode_ci DEFAULT NULL COMMENT '样式属性（其他样式扩展）',
  `list_class` varchar(100) COLLATE utf8mb4_unicode_ci DEFAULT NULL COMMENT '表格回显样式',
  `is_default` char(1) COLLATE utf8mb4_unicode_ci DEFAULT 'N' COMMENT '是否默认（Y是 N否）',
  `status` char(1) COLLATE utf8mb4_unicode_ci DEFAULT '0' COMMENT '状态（0正常 1停用）',
  `create_by` varchar(64) COLLATE utf8mb4_unicode_ci DEFAULT '' COMMENT '创建者',
  `create_time` datetime DEFAULT NULL COMMENT '创建时间',
  `update_by` varchar(64) COLLATE utf8mb4_unicode_ci DEFAULT '' COMMENT '更新者',
  `update_time` datetime DEFAULT NULL COMMENT '更新时间',
  `remark` varchar(500) COLLATE utf8mb4_unicode_ci DEFAULT NULL COMMENT '备注',
  PRIMARY KEY (`dict_code`)
) ENGINE=InnoDB AUTO_INCREMENT=38 DEFAULT CHARSET=utf8mb4 COLLATE=utf8mb4_unicode_ci COMMENT='字典数据表';
/*!40101 SET character_set_client = @saved_cs_client */;

--
-- Dumping data for table `sys_dict_data`
--

LOCK TABLES `sys_dict_data` WRITE;
/*!40000 ALTER TABLE `sys_dict_data` DISABLE KEYS */;
INSERT INTO `sys_dict_data` VALUES (1,1,'男','0','sys_user_sex','','','Y','0','admin','2024-01-15 05:14:51','',NULL,'性别男'),(2,2,'女','1','sys_user_sex','','','N','0','admin','2024-01-15 05:14:51','',NULL,'性别女'),(4,1,'显示','0','sys_show_hide','','primary','Y','0','admin','2024-01-15 05:14:51','',NULL,'显示菜单'),(5,2,'隐藏','1','sys_show_hide','','danger','N','0','admin','2024-01-15 05:14:51','',NULL,'隐藏菜单'),(6,1,'正常','0','sys_normal_disable','','primary','Y','0','admin','2024-01-15 05:14:51','',NULL,'正常状态'),(7,2,'停用','1','sys_normal_disable','','danger','N','0','admin','2024-01-15 05:14:51','',NULL,'停用状态'),(8,1,'正常','0','sys_job_status','','primary','Y','0','admin','2024-01-15 05:14:51','',NULL,'正常状态'),(9,2,'暂停','1','sys_job_status','','danger','N','0','admin','2024-01-15 05:14:51','',NULL,'停用状态'),(10,1,'默认','DEFAULT','sys_job_group','','','Y','0','admin','2024-01-15 05:14:51','',NULL,'默认分组'),(11,2,'系统','SYSTEM','sys_job_group','','','N','0','admin','2024-01-15 05:14:51','',NULL,'系统分组'),(12,1,'是','Y','sys_yes_no','','primary','Y','0','admin','2024-01-15 05:14:51','',NULL,'系统默认是'),(13,2,'否','N','sys_yes_no','','danger','N','0','admin','2024-01-15 05:14:51','',NULL,'系统默认否'),(14,1,'通知','1','sys_notice_type','','warning','Y','0','admin','2024-01-15 05:14:51','',NULL,'通知'),(15,2,'公告','2','sys_notice_type','','success','N','0','admin','2024-01-15 05:14:51','',NULL,'公告'),(16,1,'正常','0','sys_notice_status','','primary','Y','0','admin','2024-01-15 05:14:51','',NULL,'正常状态'),(17,2,'关闭','1','sys_notice_status','','danger','N','0','admin','2024-01-15 05:14:51','',NULL,'关闭状态'),(18,99,'其他','0','sys_oper_type','','info','N','0','admin','2024-01-15 05:14:51','',NULL,'其他操作'),(19,1,'新增','1','sys_oper_type','','info','N','0','admin','2024-01-15 05:14:51','',NULL,'新增操作'),(20,2,'修改','2','sys_oper_type','','info','N','0','admin','2024-01-15 05:14:51','',NULL,'修改操作'),(21,3,'删除','3','sys_oper_type','','danger','N','0','admin','2024-01-15 05:14:52','',NULL,'删除操作'),(22,4,'授权','4','sys_oper_type','','primary','N','0','admin','2024-01-15 05:14:52','',NULL,'授权操作'),(23,5,'导出','5','sys_oper_type','','warning','N','0','admin','2024-01-15 05:14:52','',NULL,'导出操作'),(24,6,'导入','6','sys_oper_type','','warning','N','0','admin','2024-01-15 05:14:52','',NULL,'导入操作'),(25,7,'强退','7','sys_oper_type','','danger','N','0','admin','2024-01-15 05:14:52','',NULL,'强退操作'),(26,8,'生成代码','8','sys_oper_type','','warning','N','0','admin','2024-01-15 05:14:52','',NULL,'生成操作'),(27,9,'清空数据','9','sys_oper_type','','danger','N','0','admin','2024-01-15 05:14:52','',NULL,'清空操作'),(28,1,'成功','0','sys_common_status','','primary','N','0','admin','2024-01-15 05:14:52','',NULL,'正常状态'),(29,2,'失败','1','sys_common_status','','danger','N','0','admin','2024-01-15 05:14:52','',NULL,'停用状态'),(30,1,'草稿保存','1','user_fill_state',NULL,'default','N','0','admin','2024-01-23 07:33:38','admin','2024-02-29 05:57:01',NULL),(31,2,'用户推送完成','2','user_fill_state',NULL,'default','N','0','admin','2024-01-23 07:33:50','admin','2024-02-29 05:57:27',NULL),(32,3,'系统选择完成','3','user_fill_state',NULL,'default','N','0','admin','2024-01-23 07:34:09','admin','2024-01-24 03:54:16',NULL),(33,4,'审核通过','4','user_fill_state',NULL,'default','N','0','admin','2024-01-23 07:34:23','admin','2024-02-29 05:56:52',NULL),(34,5,'用户已读','5','user_fill_state',NULL,'default','N','0','admin','2024-01-23 07:34:32','admin','2024-01-24 03:54:35',NULL),(35,0,'无需接种','1','vaccination_status',NULL,'default','N','0','admin','2024-04-13 06:13:51','',NULL,NULL),(36,0,'未接种','2','vaccination_status',NULL,'default','N','0','admin','2024-04-13 06:13:59','admin','2024-04-13 06:42:24',NULL),(37,0,'已接种','3','vaccination_status',NULL,'default','N','0','admin','2024-04-13 06:14:09','admin','2024-04-13 06:42:30',NULL);
/*!40000 ALTER TABLE `sys_dict_data` ENABLE KEYS */;
UNLOCK TABLES;

--
-- Table structure for table `sys_dict_type`
--

DROP TABLE IF EXISTS `sys_dict_type`;
/*!40101 SET @saved_cs_client     = @@character_set_client */;
/*!40101 SET character_set_client = utf8 */;
CREATE TABLE `sys_dict_type` (
  `dict_id` bigint(20) NOT NULL AUTO_INCREMENT COMMENT '字典主键',
  `dict_name` varchar(100) COLLATE utf8mb4_unicode_ci DEFAULT '' COMMENT '字典名称',
  `dict_type` varchar(100) COLLATE utf8mb4_unicode_ci DEFAULT '' COMMENT '字典类型',
  `status` char(1) COLLATE utf8mb4_unicode_ci DEFAULT '0' COMMENT '状态（0正常 1停用）',
  `create_by` varchar(64) COLLATE utf8mb4_unicode_ci DEFAULT '' COMMENT '创建者',
  `create_time` datetime DEFAULT NULL COMMENT '创建时间',
  `update_by` varchar(64) COLLATE utf8mb4_unicode_ci DEFAULT '' COMMENT '更新者',
  `update_time` datetime DEFAULT NULL COMMENT '更新时间',
  `remark` varchar(500) COLLATE utf8mb4_unicode_ci DEFAULT NULL COMMENT '备注',
  PRIMARY KEY (`dict_id`),
  UNIQUE KEY `dict_type` (`dict_type`)
) ENGINE=InnoDB AUTO_INCREMENT=13 DEFAULT CHARSET=utf8mb4 COLLATE=utf8mb4_unicode_ci COMMENT='字典类型表';
/*!40101 SET character_set_client = @saved_cs_client */;

--
-- Dumping data for table `sys_dict_type`
--

LOCK TABLES `sys_dict_type` WRITE;
/*!40000 ALTER TABLE `sys_dict_type` DISABLE KEYS */;
INSERT INTO `sys_dict_type` VALUES (1,'用户性别','sys_user_sex','0','admin','2024-01-15 05:14:51','',NULL,'用户性别列表'),(2,'菜单状态','sys_show_hide','0','admin','2024-01-15 05:14:51','',NULL,'菜单状态列表'),(3,'系统开关','sys_normal_disable','0','admin','2024-01-15 05:14:51','',NULL,'系统开关列表'),(4,'任务状态','sys_job_status','0','admin','2024-01-15 05:14:51','',NULL,'任务状态列表'),(5,'任务分组','sys_job_group','0','admin','2024-01-15 05:14:51','',NULL,'任务分组列表'),(6,'系统是否','sys_yes_no','0','admin','2024-01-15 05:14:51','',NULL,'系统是否列表'),(7,'通知类型','sys_notice_type','0','admin','2024-01-15 05:14:51','',NULL,'通知类型列表'),(8,'通知状态','sys_notice_status','0','admin','2024-01-15 05:14:51','',NULL,'通知状态列表'),(9,'操作类型','sys_oper_type','0','admin','2024-01-15 05:14:51','',NULL,'操作类型列表'),(10,'系统状态','sys_common_status','0','admin','2024-01-15 05:14:51','',NULL,'登录状态列表'),(11,'用户填报信息状态','user_fill_state','0','admin','2024-01-23 07:33:18','',NULL,'用户填报信息表'),(12,'接种状态','vaccination_status','0','admin','2024-04-13 06:13:34','',NULL,NULL);
/*!40000 ALTER TABLE `sys_dict_type` ENABLE KEYS */;
UNLOCK TABLES;

--
-- Table structure for table `sys_job`
--

DROP TABLE IF EXISTS `sys_job`;
/*!40101 SET @saved_cs_client     = @@character_set_client */;
/*!40101 SET character_set_client = utf8 */;
CREATE TABLE `sys_job` (
  `job_id` bigint(20) NOT NULL AUTO_INCREMENT COMMENT '任务ID',
  `job_name` varchar(64) COLLATE utf8mb4_unicode_ci NOT NULL DEFAULT '' COMMENT '任务名称',
  `job_group` varchar(64) COLLATE utf8mb4_unicode_ci NOT NULL DEFAULT 'DEFAULT' COMMENT '任务组名',
  `invoke_target` varchar(500) COLLATE utf8mb4_unicode_ci NOT NULL COMMENT '调用目标字符串',
  `cron_expression` varchar(255) COLLATE utf8mb4_unicode_ci DEFAULT '' COMMENT 'cron执行表达式',
  `misfire_policy` varchar(20) COLLATE utf8mb4_unicode_ci DEFAULT '3' COMMENT '计划执行错误策略（1立即执行 2执行一次 3放弃执行）',
  `concurrent` char(1) COLLATE utf8mb4_unicode_ci DEFAULT '1' COMMENT '是否并发执行（0允许 1禁止）',
  `status` char(1) COLLATE utf8mb4_unicode_ci DEFAULT '0' COMMENT '状态（0正常 1暂停）',
  `create_by` varchar(64) COLLATE utf8mb4_unicode_ci DEFAULT '' COMMENT '创建者',
  `create_time` datetime DEFAULT NULL COMMENT '创建时间',
  `update_by` varchar(64) COLLATE utf8mb4_unicode_ci DEFAULT '' COMMENT '更新者',
  `update_time` datetime DEFAULT NULL COMMENT '更新时间',
  `remark` varchar(500) COLLATE utf8mb4_unicode_ci DEFAULT '' COMMENT '备注信息',
  PRIMARY KEY (`job_id`,`job_name`,`job_group`)
) ENGINE=InnoDB AUTO_INCREMENT=4 DEFAULT CHARSET=utf8mb4 COLLATE=utf8mb4_unicode_ci COMMENT='定时任务调度表';
/*!40101 SET character_set_client = @saved_cs_client */;

--
-- Dumping data for table `sys_job`
--

LOCK TABLES `sys_job` WRITE;
/*!40000 ALTER TABLE `sys_job` DISABLE KEYS */;
INSERT INTO `sys_job` VALUES (1,'系统默认（无参）','DEFAULT','ryTask.ryNoParams','0/10 * * * * ?','3','1','1','admin','2024-01-15 05:14:52','',NULL,''),(2,'系统默认（有参）','DEFAULT','ryTask.ryParams(\'ry\')','0/15 * * * * ?','3','1','1','admin','2024-01-15 05:14:52','',NULL,''),(3,'系统默认（多参）','DEFAULT','ryTask.ryMultipleParams(\'ry\', true, 2000L, 316.50D, 100)','0/20 * * * * ?','3','1','1','admin','2024-01-15 05:14:52','',NULL,'');
/*!40000 ALTER TABLE `sys_job` ENABLE KEYS */;
UNLOCK TABLES;

--
-- Table structure for table `sys_job_log`
--

DROP TABLE IF EXISTS `sys_job_log`;
/*!40101 SET @saved_cs_client     = @@character_set_client */;
/*!40101 SET character_set_client = utf8 */;
CREATE TABLE `sys_job_log` (
  `job_log_id` bigint(20) NOT NULL AUTO_INCREMENT COMMENT '任务日志ID',
  `job_name` varchar(64) COLLATE utf8mb4_unicode_ci NOT NULL COMMENT '任务名称',
  `job_group` varchar(64) COLLATE utf8mb4_unicode_ci NOT NULL COMMENT '任务组名',
  `invoke_target` varchar(500) COLLATE utf8mb4_unicode_ci NOT NULL COMMENT '调用目标字符串',
  `job_message` varchar(500) COLLATE utf8mb4_unicode_ci DEFAULT NULL COMMENT '日志信息',
  `status` char(1) COLLATE utf8mb4_unicode_ci DEFAULT '0' COMMENT '执行状态（0正常 1失败）',
  `exception_info` varchar(2000) COLLATE utf8mb4_unicode_ci DEFAULT '' COMMENT '异常信息',
  `create_time` datetime DEFAULT NULL COMMENT '创建时间',
  PRIMARY KEY (`job_log_id`)
) ENGINE=InnoDB DEFAULT CHARSET=utf8mb4 COLLATE=utf8mb4_unicode_ci COMMENT='定时任务调度日志表';
/*!40101 SET character_set_client = @saved_cs_client */;

--
-- Dumping data for table `sys_job_log`
--

LOCK TABLES `sys_job_log` WRITE;
/*!40000 ALTER TABLE `sys_job_log` DISABLE KEYS */;
/*!40000 ALTER TABLE `sys_job_log` ENABLE KEYS */;
UNLOCK TABLES;

--
-- Table structure for table `sys_logininfor`
--

DROP TABLE IF EXISTS `sys_logininfor`;
/*!40101 SET @saved_cs_client     = @@character_set_client */;
/*!40101 SET character_set_client = utf8 */;
CREATE TABLE `sys_logininfor` (
  `info_id` bigint(20) NOT NULL AUTO_INCREMENT COMMENT '访问ID',
  `user_name` varchar(50) COLLATE utf8mb4_unicode_ci DEFAULT '' COMMENT '用户账号',
  `ipaddr` varchar(128) COLLATE utf8mb4_unicode_ci DEFAULT '' COMMENT '登录IP地址',
  `login_location` varchar(255) COLLATE utf8mb4_unicode_ci DEFAULT '' COMMENT '登录地点',
  `browser` varchar(50) COLLATE utf8mb4_unicode_ci DEFAULT '' COMMENT '浏览器类型',
  `os` varchar(50) COLLATE utf8mb4_unicode_ci DEFAULT '' COMMENT '操作系统',
  `status` char(1) COLLATE utf8mb4_unicode_ci DEFAULT '0' COMMENT '登录状态（0成功 1失败）',
  `msg` varchar(255) COLLATE utf8mb4_unicode_ci DEFAULT '' COMMENT '提示消息',
  `login_time` datetime DEFAULT NULL COMMENT '访问时间',
  PRIMARY KEY (`info_id`),
  KEY `idx_sys_logininfor_lt` (`login_time`),
  KEY `idx_sys_logininfor_s` (`status`)
) ENGINE=InnoDB AUTO_INCREMENT=311 DEFAULT CHARSET=utf8mb4 COLLATE=utf8mb4_unicode_ci COMMENT='系统访问记录';
/*!40101 SET character_set_client = @saved_cs_client */;

--
-- Dumping data for table `sys_logininfor`
--

LOCK TABLES `sys_logininfor` WRITE;
/*!40000 ALTER TABLE `sys_logininfor` DISABLE KEYS */;
INSERT INTO `sys_logininfor` VALUES (1,'admin','127.0.0.1','内网IP','Chrome 12','Windows 10','0','登录成功','2024-01-26 01:56:22'),(2,'user9','127.0.0.1','内网IP','Chrome 12','Windows 10','0','登录成功','2024-01-26 01:57:08'),(3,'user9','127.0.0.1','内网IP','Chrome 12','Windows 10','0','退出成功','2024-01-26 02:07:51'),(4,'user1','127.0.0.1','内网IP','Chrome 12','Windows 10','0','注册成功','2024-01-26 02:18:52'),(5,'user1','127.0.0.1','内网IP','Chrome 12','Windows 10','0','登录成功','2024-01-26 02:20:04'),(6,'user1','127.0.0.1','内网IP','Chrome 12','Windows 10','0','退出成功','2024-01-26 04:33:02'),(7,'user2','127.0.0.1','内网IP','Chrome 12','Windows 10','0','注册成功','2024-01-26 04:33:24'),(8,'user3','127.0.0.1','内网IP','Chrome 12','Windows 10','0','注册成功','2024-01-26 05:27:04'),(9,'user4','127.0.0.1','内网IP','Chrome 12','Windows 10','0','注册成功','2024-01-26 05:38:20'),(10,'admin','127.0.0.1','内网IP','Chrome 12','Windows 10','0','退出成功','2024-01-26 06:10:27'),(11,'user6','127.0.0.1','内网IP','Chrome 12','Windows 10','0','注册成功','2024-01-26 06:10:55'),(12,'admin','127.0.0.1','内网IP','Chrome 12','Windows 10','0','登录成功','2024-01-26 06:14:57'),(13,'admin','127.0.0.1','内网IP','Chrome 12','Windows 10','1','验证码错误','2024-01-28 05:33:23'),(14,'admin','127.0.0.1','内网IP','Chrome 12','Windows 10','0','登录成功','2024-01-28 05:33:29'),(15,'admin','127.0.0.1','内网IP','Chrome 12','Windows 10','0','退出成功','2024-01-28 05:39:25'),(16,'user1','127.0.0.1','内网IP','Chrome 12','Windows 10','0','登录成功','2024-01-28 05:39:39'),(17,'user1','127.0.0.1','内网IP','Chrome 12','Windows 10','0','退出成功','2024-01-28 05:40:45'),(18,'admin','127.0.0.1','内网IP','Chrome 12','Windows 10','0','登录成功','2024-01-28 05:40:51'),(19,'admin','127.0.0.1','内网IP','Chrome 12','Windows 10','0','退出成功','2024-01-28 05:52:52'),(20,'user1','127.0.0.1','内网IP','Chrome 12','Windows 10','0','登录成功','2024-01-28 05:53:05'),(21,'admin','127.0.0.1','内网IP','Chrome 12','Windows 10','0','登录成功','2024-01-29 10:34:11'),(22,'admin','127.0.0.1','内网IP','Chrome 12','Windows 10','0','退出成功','2024-01-29 10:40:00'),(23,'user9','127.0.0.1','内网IP','Chrome 12','Windows 10','0','登录成功','2024-01-29 10:40:13'),(24,'user9','127.0.0.1','内网IP','Chrome 12','Windows 10','0','退出成功','2024-01-29 10:43:59'),(25,'admin','127.0.0.1','内网IP','Chrome 12','Windows 10','0','登录成功','2024-01-29 10:44:30'),(26,'admin','127.0.0.1','内网IP','Chrome 12','Windows 10','0','登录成功','2024-01-30 02:23:06'),(27,'admin','127.0.0.1','内网IP','Chrome 12','Windows 10','0','退出成功','2024-01-30 02:23:52'),(28,'user9','127.0.0.1','内网IP','Chrome 12','Windows 10','0','登录成功','2024-01-30 02:24:09'),(29,'user9','127.0.0.1','内网IP','Chrome 12','Windows 10','0','退出成功','2024-01-30 02:29:22'),(30,'admin','127.0.0.1','内网IP','Chrome 12','Windows 10','0','登录成功','2024-01-30 02:29:27'),(31,'admin','127.0.0.1','内网IP','Chrome 12','Windows 10','0','退出成功','2024-01-30 02:29:57'),(32,'user9','127.0.0.1','内网IP','Chrome 12','Windows 10','0','登录成功','2024-01-30 02:30:11'),(33,'admin','127.0.0.1','内网IP','Chrome 12','Windows 10','0','登录成功','2024-01-30 02:32:44'),(34,'user9','127.0.0.1','内网IP','Chrome 12','Windows 10','0','退出成功','2024-01-30 02:52:36'),(35,'admin','127.0.0.1','内网IP','Chrome 12','Windows 10','0','登录成功','2024-01-30 02:52:43'),(36,'admin','127.0.0.1','内网IP','Chrome 12','Windows 10','0','退出成功','2024-01-30 02:52:49'),(37,'user1','127.0.0.1','内网IP','Chrome 12','Windows 10','0','登录成功','2024-01-30 02:52:57'),(38,'admin','127.0.0.1','内网IP','Chrome 12','Windows 10','0','登录成功','2024-02-29 04:51:42'),(39,'admin','127.0.0.1','内网IP','Chrome 12','Windows 10','0','退出成功','2024-02-29 04:54:26'),(40,'admin','127.0.0.1','内网IP','Chrome 12','Windows 10','0','登录成功','2024-02-29 04:54:33'),(41,'admin','127.0.0.1','内网IP','Chrome 12','Windows 10','0','退出成功','2024-02-29 04:56:20'),(42,'adminwqe','127.0.0.1','内网IP','Chrome 12','Windows 10','1','用户不存在/密码错误','2024-02-29 04:56:28'),(43,'user1','127.0.0.1','内网IP','Chrome 12','Windows 10','0','登录成功','2024-02-29 04:56:53'),(44,'user1','127.0.0.1','内网IP','Chrome 12','Windows 10','0','退出成功','2024-02-29 04:57:28'),(45,'admin','127.0.0.1','内网IP','Chrome 12','Windows 10','0','登录成功','2024-02-29 04:57:34'),(46,'admin','127.0.0.1','内网IP','Chrome 12','Windows 10','0','退出成功','2024-02-29 05:04:04'),(47,'user1','127.0.0.1','内网IP','Chrome 12','Windows 10','0','登录成功','2024-02-29 05:04:16'),(48,'user1','127.0.0.1','内网IP','Chrome 12','Windows 10','0','退出成功','2024-02-29 05:26:25'),(49,'admin','101.82.121.33','上海市 上海市','Chrome Mobile','Android 1.x','1','验证码错误','2024-02-29 05:30:05'),(50,'admin','101.82.121.33','XX XX','Chrome Mobile','Android 1.x','0','登录成功','2024-02-29 05:30:13'),(51,'admin','127.0.0.1','内网IP','Chrome 12','Windows 10','0','登录成功','2024-02-29 05:35:16'),(52,'admin','127.0.0.1','内网IP','Chrome 12','Windows 10','0','退出成功','2024-02-29 05:35:33'),(53,'user2','127.0.0.1','内网IP','Chrome 12','Windows 10','0','注册成功','2024-02-29 05:38:30'),(54,'user2','127.0.0.1','内网IP','Chrome 12','Windows 10','0','登录成功','2024-02-29 05:38:41'),(55,'admin','223.104.105.190','XX XX','Chrome 12','Mac OS X','0','登录成功','2024-02-29 05:43:05'),(56,'user2','127.0.0.1','内网IP','Chrome 12','Windows 10','0','退出成功','2024-02-29 05:50:26'),(57,'admin','127.0.0.1','内网IP','Chrome 12','Windows 10','0','登录成功','2024-02-29 05:50:32'),(58,'admin','223.104.105.190','XX XX','Chrome 12','Mac OS X','0','退出成功','2024-02-29 05:54:05'),(59,'zhangmeng','223.104.105.190','XX XX','Chrome 12','Mac OS X','0','注册成功','2024-02-29 05:55:44'),(60,'zhangmeng','223.104.105.190','XX XX','Chrome 12','Mac OS X','0','登录成功','2024-02-29 05:57:17'),(61,'admin','127.0.0.1','内网IP','Chrome 12','Windows 10','0','退出成功','2024-02-29 06:01:44'),(62,'user1','127.0.0.1','内网IP','Chrome 12','Windows 10','0','登录成功','2024-02-29 06:02:22'),(63,'user1','127.0.0.1','内网IP','Chrome 12','Windows 10','0','退出成功','2024-02-29 06:10:53'),(64,'zhangmeng','127.0.0.1','内网IP','Chrome 12','Windows 10','0','登录成功','2024-02-29 06:11:19'),(65,'zhangmeng','127.0.0.1','内网IP','Chrome 12','Windows 10','0','退出成功','2024-02-29 06:23:31'),(66,'user1','127.0.0.1','内网IP','Chrome 12','Windows 10','0','登录成功','2024-02-29 06:23:47'),(67,'admin','127.0.0.1','内网IP','Chrome 12','Windows 10','1','验证码错误','2024-02-29 06:35:22'),(68,'admin','127.0.0.1','内网IP','Chrome 12','Windows 10','1','验证码错误','2024-02-29 06:35:30'),(69,'admin','127.0.0.1','内网IP','Chrome 12','Windows 10','0','登录成功','2024-02-29 06:35:35'),(70,'admin','127.0.0.1','内网IP','Chrome 12','Windows 10','0','退出成功','2024-02-29 06:36:11'),(71,'user1','127.0.0.1','内网IP','Chrome 12','Windows 10','0','登录成功','2024-02-29 06:37:07'),(72,'user1','223.104.105.190','XX XX','Chrome 12','Mac OS X','0','登录成功','2024-02-29 09:19:05'),(73,'user1','223.104.105.190','XX XX','Chrome 12','Mac OS X','0','退出成功','2024-02-29 09:21:09'),(74,'admin','223.104.105.190','XX XX','Chrome 12','Mac OS X','1','验证码已失效','2024-02-29 09:36:46'),(75,'admin','223.104.105.190','河南省 郑州市','Chrome 12','Mac OS X','0','登录成功','2024-02-29 09:37:00'),(76,'admin','223.104.105.190','XX XX','Chrome 12','Mac OS X','0','登录成功','2024-02-29 11:39:14'),(77,'admin','223.104.105.190','XX XX','Chrome 12','Mac OS X','0','退出成功','2024-02-29 11:54:15'),(78,'z','223.104.105.190','XX XX','Chrome 12','Mac OS X','1','用户不存在/密码错误','2024-02-29 11:54:34'),(79,'admin','223.104.105.190','XX XX','Chrome 12','Mac OS X','0','登录成功','2024-02-29 11:54:55'),(80,'admin','223.104.105.190','XX XX','Chrome 12','Mac OS X','0','退出成功','2024-02-29 12:29:18'),(81,'zhangmeng','223.104.105.190','XX XX','Chrome 12','Mac OS X','1','验证码错误','2024-02-29 12:30:06'),(82,'zhangmeng','223.104.105.190','XX XX','Chrome 12','Mac OS X','0','登录成功','2024-02-29 12:30:26'),(83,'zhangmeng','223.104.105.190','XX XX','Chrome 12','Mac OS X','0','退出成功','2024-02-29 12:32:16'),(84,'zmx2','223.104.105.190','XX XX','Chrome 12','Mac OS X','0','注册成功','2024-02-29 12:35:41'),(85,'zmx2','223.104.105.190','XX XX','Chrome 12','Mac OS X','0','登录成功','2024-02-29 12:36:15'),(86,'zmx2','223.104.105.190','XX XX','Chrome 12','Mac OS X','0','退出成功','2024-02-29 12:44:19'),(87,'admin','223.104.105.190','XX XX','Chrome 12','Mac OS X','0','登录成功','2024-02-29 12:44:35'),(88,'admin','223.104.105.190','XX XX','Chrome 12','Mac OS X','0','退出成功','2024-02-29 12:47:20'),(89,'zmx2','223.104.105.190','XX XX','Chrome 12','Mac OS X','0','登录成功','2024-02-29 12:47:43'),(90,'zmx2','223.104.105.190','XX XX','Chrome 12','Mac OS X','0','退出成功','2024-02-29 12:58:59'),(91,'admin','223.104.105.190','XX XX','Chrome 12','Mac OS X','0','登录成功','2024-02-29 12:59:15'),(92,'zhangmeng','123.14.76.118','XX XX','Chrome 12','Mac OS X','0','登录成功','2024-03-01 00:18:54'),(93,'zhangmeng','123.14.76.118','XX XX','Chrome 12','Mac OS X','0','退出成功','2024-03-01 00:23:11'),(94,'zhangmeng','123.14.76.118','河南省 郑州市','Chrome 12','Mac OS X','0','登录成功','2024-03-01 00:25:42'),(95,'admin','127.0.0.1','内网IP','Chrome 12','Windows 10','0','登录成功','2024-03-01 03:15:25'),(96,'admin','127.0.0.1','内网IP','Chrome 12','Windows 10','0','退出成功','2024-03-01 03:16:21'),(97,'user1','127.0.0.1','内网IP','Chrome 12','Windows 10','0','登录成功','2024-03-01 03:16:32'),(98,'user1','127.0.0.1','内网IP','Chrome 12','Windows 10','0','退出成功','2024-03-01 03:20:35'),(99,'admin','127.0.0.1','内网IP','Chrome 12','Windows 10','0','登录成功','2024-03-01 03:20:41'),(100,'user1','127.0.0.1','内网IP','Chrome 12','Windows 10','0','登录成功','2024-03-01 03:21:38'),(101,'zhangmeng','123.14.76.118','XX XX','Chrome 12','Mac OS X','0','退出成功','2024-03-01 03:51:47'),(102,'zhangmeng','123.14.76.118','XX XX','Chrome 12','Mac OS X','0','登录成功','2024-03-01 03:52:22'),(103,'zhangmeng','123.14.76.118','河南省 郑州市','Chrome 12','Mac OS X','0','退出成功','2024-03-01 04:52:46'),(104,'admin','123.14.76.118','XX XX','Chrome 12','Mac OS X','0','登录成功','2024-03-01 04:53:00'),(105,'admin','123.14.76.118','XX XX','Chrome 12','Mac OS X','0','退出成功','2024-03-01 04:59:09'),(106,'admin','123.14.76.118','XX XX','Chrome 12','Mac OS X','0','登录成功','2024-03-01 04:59:20'),(107,'user1','127.0.0.1','内网IP','Chrome 12','Windows 10','0','退出成功','2024-03-01 05:03:46'),(108,'user1','127.0.0.1','内网IP','Chrome 12','Windows 10','0','登录成功','2024-03-01 05:04:12'),(109,'admin','123.14.76.118','XX XX','Chrome 12','Mac OS X','0','退出成功','2024-03-01 05:04:17'),(110,'user1','127.0.0.1','内网IP','Chrome 12','Windows 10','0','退出成功','2024-03-01 05:04:36'),(111,'user1','127.0.0.1','内网IP','Chrome 12','Windows 10','1','验证码错误','2024-03-01 05:04:43'),(112,'user1','127.0.0.1','内网IP','Chrome 12','Windows 10','0','登录成功','2024-03-01 05:04:50'),(113,'admin','123.14.76.118','XX XX','Chrome 12','Mac OS X','0','登录成功','2024-03-01 05:05:30'),(114,'admin','123.14.76.118','河南省 郑州市','Chrome 12','Mac OS X','0','退出成功','2024-03-01 05:22:26'),(115,'zhangmeng','123.14.76.118','河南省 郑州市','Chrome 12','Mac OS X','0','登录成功','2024-03-01 05:22:59'),(116,'zhangmeng','123.14.76.118','XX XX','Chrome 12','Mac OS X','0','退出成功','2024-03-01 05:28:28'),(117,'admin','123.14.76.118','河南省 郑州市','Chrome 12','Mac OS X','0','登录成功','2024-03-01 05:28:37'),(118,'admin','123.14.76.118','XX XX','Chrome 12','Mac OS X','0','退出成功','2024-03-01 05:29:55'),(119,'zhangmeng','123.14.76.118','XX XX','Chrome 12','Mac OS X','0','登录成功','2024-03-01 05:30:16'),(120,'zhangmeng','123.14.76.118','河南省 郑州市','Chrome 12','Mac OS X','0','退出成功','2024-03-01 05:42:58'),(121,'admin','123.14.76.118','XX XX','Chrome 12','Mac OS X','0','登录成功','2024-03-01 05:43:07'),(122,'admin','123.14.76.118','XX XX','Chrome 12','Mac OS X','0','退出成功','2024-03-01 08:56:59'),(123,'zhangmeng','123.14.76.118','XX XX','Chrome 12','Mac OS X','0','登录成功','2024-03-01 08:57:23'),(124,'zhangmeng','123.14.76.118','XX XX','Chrome 12','Mac OS X','0','退出成功','2024-03-01 08:58:29'),(125,'admin','123.14.76.118','河南省 郑州市','Chrome 12','Mac OS X','0','登录成功','2024-03-01 08:58:40'),(126,'admin','123.14.76.118','XX XX','Chrome 12','Mac OS X','0','退出成功','2024-03-01 09:14:10'),(127,'zhangmeng','123.14.76.118','XX XX','Chrome 12','Mac OS X','0','登录成功','2024-03-01 09:14:37'),(128,'admin','192.168.31.1','内网IP','Chrome 12','Windows 10','1','用户不存在/密码错误','2024-03-01 09:51:52'),(129,'admin','192.168.31.1','内网IP','Chrome 12','Windows 10','1','用户不存在/密码错误','2024-03-01 09:52:03'),(130,'user1','192.168.31.1','内网IP','Chrome 12','Windows 10','0','登录成功','2024-03-01 09:52:19'),(131,'zhangmeng','123.14.76.118','XX XX','Chrome 12','Mac OS X','0','登录成功','2024-03-01 09:53:47'),(132,'zhangmeng','223.104.105.60','XX XX','Chrome 12','Mac OS X','0','登录成功','2024-03-01 10:51:13'),(133,'zhangmeng','223.104.105.60','XX XX','Chrome 12','Mac OS X','0','退出成功','2024-03-01 11:04:56'),(134,'admin','223.104.105.60','XX XX','Chrome 12','Mac OS X','0','登录成功','2024-03-01 11:05:06'),(135,'admin','223.104.105.60','河南省 郑州市','Chrome 12','Mac OS X','0','退出成功','2024-03-01 11:23:09'),(136,'zhangmeng','223.104.105.60','河南省 郑州市','Chrome 12','Mac OS X','0','登录成功','2024-03-01 11:23:29'),(137,'zhangmeng','223.104.105.60','河南省 郑州市','Chrome 12','Mac OS X','0','退出成功','2024-03-01 11:28:44'),(138,'admin','223.104.105.60','河南省 郑州市','Chrome 12','Mac OS X','0','登录成功','2024-03-01 11:28:54'),(139,'admin','223.104.105.60','XX XX','Chrome 12','Mac OS X','0','退出成功','2024-03-01 12:40:27'),(140,'zhangmeng','223.104.105.60','XX XX','Chrome 12','Mac OS X','1','验证码已失效','2024-03-01 12:57:12'),(141,'zhangmeng','223.104.105.60','河南省 郑州市','Chrome 12','Mac OS X','0','登录成功','2024-03-01 12:57:22'),(142,'zhangmeng','223.104.105.60','XX XX','Chrome 12','Mac OS X','0','退出成功','2024-03-01 13:29:27'),(143,'admin','223.104.105.60','XX XX','Chrome 12','Mac OS X','0','登录成功','2024-03-01 13:29:36'),(144,'admin','123.14.76.118','河南省 郑州市','Chrome 12','Mac OS X','0','登录成功','2024-03-02 01:24:21'),(145,'admin','123.14.76.118','XX XX','Chrome 12','Mac OS X','0','退出成功','2024-03-02 03:24:30'),(146,'zhanngmeng','123.14.76.118','XX XX','Chrome 12','Mac OS X','1','用户不存在/密码错误','2024-03-02 03:26:09'),(147,'zhangmeng','123.14.76.118','XX XX','Chrome 12','Mac OS X','1','验证码错误','2024-03-02 03:26:16'),(148,'zhangmeng','123.14.76.118','XX XX','Chrome 12','Mac OS X','0','登录成功','2024-03-02 03:26:25'),(149,'zhangmeng','123.14.76.118','XX XX','Chrome 12','Mac OS X','0','退出成功','2024-03-02 03:29:01'),(150,'zhangmeng','123.14.76.118','XX XX','Chrome 12','Mac OS X','1','用户不存在/密码错误','2024-03-02 03:30:41'),(151,'zhangmeng','123.14.76.118','XX XX','Chrome 12','Mac OS X','1','验证码错误','2024-03-02 03:30:51'),(152,'zhangmeng','123.14.76.118','河南省 郑州市','Chrome 12','Mac OS X','1','用户不存在/密码错误','2024-03-02 03:31:08'),(153,'zhangmeng','123.14.76.118','XX XX','Chrome 12','Mac OS X','1','用户不存在/密码错误','2024-03-02 03:31:20'),(154,'zhangmeng','123.14.76.118','XX XX','Chrome 12','Mac OS X','1','用户不存在/密码错误','2024-03-02 03:31:31'),(155,'zhangmeng','123.14.76.118','XX XX','Chrome 12','Mac OS X','1','用户不存在/密码错误','2024-03-02 03:31:43'),(156,'zhangmeng','123.14.76.118','XX XX','Chrome 12','Mac OS X','1','验证码错误','2024-03-02 03:32:03'),(157,'admin','123.14.76.118','XX XX','Chrome 12','Mac OS X','1','验证码已失效','2024-03-02 05:00:10'),(158,'admin','123.14.76.118','XX XX','Chrome 12','Mac OS X','0','登录成功','2024-03-02 05:00:23'),(159,'admin','123.14.76.118','XX XX','Chrome 12','Mac OS X','0','退出成功','2024-03-02 07:04:16'),(160,'zhangmeng','123.14.76.118','XX XX','Chrome 12','Mac OS X','0','登录成功','2024-03-02 07:04:39'),(161,'zhangmeng','123.14.76.118','XX XX','Chrome 12','Mac OS X','0','退出成功','2024-03-02 07:19:44'),(162,'admin','123.14.76.118','XX XX','Chrome 12','Mac OS X','0','登录成功','2024-03-02 07:19:58'),(163,'admin','123.14.76.118','XX XX','Chrome 12','Mac OS X','0','退出成功','2024-03-02 07:30:59'),(164,'zhangmeng','123.14.76.118','XX XX','Chrome 12','Mac OS X','0','登录成功','2024-03-02 07:31:20'),(165,'zhangmeng','223.104.105.108','XX XX','Chrome 12','Mac OS X','0','登录成功','2024-03-03 02:05:25'),(166,'admin','222.137.18.131','XX XX','Chrome 12','Mac OS X','1','验证码错误','2024-03-04 03:15:22'),(167,'admin','222.137.18.131','XX XX','Chrome 12','Mac OS X','0','登录成功','2024-03-04 03:15:34'),(168,'admin','222.137.18.131','河南省 郑州市','Chrome 12','Mac OS X','0','登录成功','2024-03-04 03:23:25'),(169,'admin','222.137.18.131','XX XX','Chrome 12','Mac OS X','0','登录成功','2024-03-04 04:59:26'),(170,'admin','222.137.18.131','XX XX','Chrome 12','Mac OS X','0','登录成功','2024-03-04 05:27:00'),(171,'admin','222.137.18.131','XX XX','Chrome 12','Mac OS X','1','验证码已失效','2024-03-05 09:27:54'),(172,'admin','222.137.18.131','XX XX','Chrome 12','Mac OS X','0','登录成功','2024-03-05 09:28:03'),(173,'zhangmeng','223.104.105.38','XX XX','Chrome 12','Mac OS X','0','登录成功','2024-03-06 02:12:58'),(174,'zhangmeng','223.104.105.198','XX XX','Chrome 12','Mac OS X','1','验证码错误','2024-03-07 05:28:30'),(175,'zhangmeng','223.104.105.198','XX XX','Chrome 12','Mac OS X','0','登录成功','2024-03-07 05:28:44'),(176,'zhangmeng','223.104.105.198','XX XX','Chrome 12','Mac OS X','0','退出成功','2024-03-07 05:31:37'),(177,'admin','223.104.105.198','XX XX','Chrome 12','Mac OS X','0','登录成功','2024-03-07 05:31:54'),(178,'admin','223.104.105.198','XX XX','Chrome 12','Mac OS X','0','退出成功','2024-03-07 05:35:27'),(179,'zhangmeng','223.104.105.198','XX XX','Chrome 12','Mac OS X','0','登录成功','2024-03-07 05:35:49'),(180,'zhangmeng','223.104.105.198','XX XX','Chrome 12','Mac OS X','0','退出成功','2024-03-07 05:37:44'),(181,'admin','223.104.105.198','XX XX','Chrome 12','Mac OS X','0','登录成功','2024-03-07 05:37:55'),(182,'admin','127.0.0.1','内网IP','Chrome 12','Mac OS X','1','验证码错误','2024-03-08 06:07:08'),(183,'admin','127.0.0.1','内网IP','Chrome 12','Mac OS X','0','登录成功','2024-03-08 06:07:14'),(184,'admin','127.0.0.1','内网IP','Chrome 12','Mac OS X','0','登录成功','2024-03-10 03:31:39'),(185,'admin','127.0.0.1','内网IP','Chrome 12','Mac OS X','0','退出成功','2024-03-10 03:34:51'),(186,'zhangmeng','127.0.0.1','内网IP','Chrome 12','Mac OS X','0','登录成功','2024-03-10 03:35:25'),(187,'zhangmeng','127.0.0.1','内网IP','Chrome 12','Mac OS X','1','验证码错误','2024-03-10 03:39:12'),(188,'zhangmeng','127.0.0.1','内网IP','Chrome 12','Mac OS X','0','登录成功','2024-03-10 03:39:19'),(189,'admin','127.0.0.1','内网IP','Chrome 12','Mac OS X','0','登录成功','2024-03-13 04:42:05'),(190,'zhanngmeng','127.0.0.1','内网IP','Chrome 12','Mac OS X','1','用户不存在/密码错误','2024-03-19 08:48:53'),(191,'zhangmeng','127.0.0.1','内网IP','Chrome 12','Mac OS X','0','登录成功','2024-03-19 08:49:11'),(192,'zhangmeng','127.0.0.1','内网IP','Chrome 12','Mac OS X','0','退出成功','2024-03-19 08:55:07'),(193,'admin','127.0.0.1','内网IP','Chrome 12','Mac OS X','0','登录成功','2024-03-19 08:55:21'),(194,'admin','127.0.0.1','内网IP','Chrome 12','Mac OS X','0','退出成功','2024-03-19 09:00:24'),(195,'zhangmeng','127.0.0.1','内网IP','Chrome 12','Mac OS X','1','用户不存在/密码错误','2024-03-19 09:00:43'),(196,'zhangmeng','127.0.0.1','内网IP','Chrome 12','Mac OS X','0','登录成功','2024-03-19 09:01:03'),(197,'zhangmeng','127.0.0.1','内网IP','Chrome 12','Mac OS X','0','登录成功','2024-03-24 04:57:06'),(198,'zhangmeng','127.0.0.1','内网IP','Chrome 12','Mac OS X','0','退出成功','2024-03-24 04:59:41'),(199,'admin','127.0.0.1','内网IP','Chrome 12','Mac OS X','0','登录成功','2024-03-24 04:59:51'),(200,'admin','127.0.0.1','内网IP','Chrome 12','Mac OS X','0','退出成功','2024-03-24 05:03:42'),(201,'zhangmeng','127.0.0.1','内网IP','Chrome 12','Mac OS X','0','登录成功','2024-03-24 05:04:01'),(202,'zhangmeng','127.0.0.1','内网IP','Chrome 12','Mac OS X','0','退出成功','2024-03-24 05:07:10'),(203,'admin','127.0.0.1','内网IP','Chrome 12','Mac OS X','0','登录成功','2024-03-24 05:07:20'),(204,'admin','127.0.0.1','内网IP','Chrome 12','Mac OS X','0','退出成功','2024-03-24 05:08:27'),(205,'zhangmeng','127.0.0.1','内网IP','Chrome 12','Mac OS X','0','登录成功','2024-03-24 05:08:47'),(206,'zhangmeng','127.0.0.1','内网IP','Chrome 12','Mac OS X','0','登录成功','2024-03-24 08:01:45'),(207,'zhangmeng','127.0.0.1','内网IP','Chrome 12','Mac OS X','1','验证码错误','2024-03-24 08:34:09'),(208,'zhangmeng','127.0.0.1','内网IP','Chrome 12','Mac OS X','0','登录成功','2024-03-24 08:34:18'),(209,'zhangmeng','127.0.0.1','内网IP','Chrome 12','Mac OS X','0','退出成功','2024-03-24 08:37:44'),(210,'admin','127.0.0.1','内网IP','Chrome 12','Mac OS X','1','验证码错误','2024-03-24 08:37:56'),(211,'admin','127.0.0.1','内网IP','Chrome 12','Mac OS X','0','登录成功','2024-03-24 08:38:05'),(212,'admin','127.0.0.1','内网IP','Chrome 12','Mac OS X','0','退出成功','2024-03-24 08:43:52'),(213,'zhangmeeng','127.0.0.1','内网IP','Chrome 12','Mac OS X','1','验证码错误','2024-03-24 08:44:16'),(214,'zhangmeeng','127.0.0.1','内网IP','Chrome 12','Mac OS X','1','用户不存在/密码错误','2024-03-24 08:44:28'),(215,'zhangmeng','127.0.0.1','内网IP','Chrome 12','Mac OS X','0','登录成功','2024-03-24 08:44:50'),(216,'zhangmeng','127.0.0.1','内网IP','Chrome 12','Mac OS X','0','退出成功','2024-03-24 08:49:48'),(217,'admin','127.0.0.1','内网IP','Chrome 12','Mac OS X','0','登录成功','2024-03-24 08:50:02'),(218,'admin','127.0.0.1','内网IP','Chrome 12','Mac OS X','0','退出成功','2024-03-24 09:02:50'),(219,'zhangmeng','127.0.0.1','内网IP','Chrome 12','Mac OS X','0','登录成功','2024-03-24 09:03:12'),(220,'zhangmeng','127.0.0.1','内网IP','Chrome 12','Mac OS X','0','登录成功','2024-03-25 07:20:46'),(221,'zhangmeng','127.0.0.1','内网IP','Chrome 12','Mac OS X','0','退出成功','2024-03-25 07:22:12'),(222,'admin','127.0.0.1','内网IP','Chrome 12','Mac OS X','1','验证码错误','2024-03-25 07:22:23'),(223,'admin','127.0.0.1','内网IP','Chrome 12','Mac OS X','0','登录成功','2024-03-25 07:22:35'),(224,'admin','127.0.0.1','内网IP','Chrome 12','Mac OS X','0','退出成功','2024-03-25 07:35:10'),(225,'zhangmeng','127.0.0.1','内网IP','Chrome 12','Mac OS X','0','登录成功','2024-03-25 07:35:32'),(226,'zhangmeng','127.0.0.1','内网IP','Chrome 12','Mac OS X','0','退出成功','2024-03-25 07:35:59'),(227,'admin','127.0.0.1','内网IP','Chrome 12','Mac OS X','0','登录成功','2024-03-25 07:36:08'),(228,'admin','127.0.0.1','内网IP','Chrome 12','Mac OS X','0','退出成功','2024-03-25 07:36:34'),(229,'zhangmeng','127.0.0.1','内网IP','Chrome 12','Mac OS X','0','登录成功','2024-03-25 07:37:31'),(230,'admin','127.0.0.1','内网IP','Chrome 12','Mac OS X','1','验证码错误','2024-03-25 08:18:53'),(231,'admin','127.0.0.1','内网IP','Chrome 12','Mac OS X','0','登录成功','2024-03-25 08:19:02'),(232,'admin','127.0.0.1','内网IP','Chrome 12','Mac OS X','0','退出成功','2024-03-25 08:47:33'),(233,'zhangmeng','127.0.0.1','内网IP','Chrome 12','Mac OS X','0','登录成功','2024-03-25 08:47:56'),(234,'zhangmeng','127.0.0.1','内网IP','Chrome 12','Mac OS X','0','退出成功','2024-03-25 09:00:59'),(235,'admin','127.0.0.1','内网IP','Chrome 12','Mac OS X','0','登录成功','2024-03-25 09:01:09'),(236,'admin','127.0.0.1','内网IP','Chrome 12','Mac OS X','0','退出成功','2024-03-25 09:03:59'),(237,'zhangmeng','127.0.0.1','内网IP','Chrome 12','Mac OS X','0','登录成功','2024-03-25 09:04:29'),(238,'zhangmeng','127.0.0.1','内网IP','Chrome 12','Mac OS X','0','退出成功','2024-03-25 09:11:07'),(239,'admin','127.0.0.1','内网IP','Chrome 12','Mac OS X','0','登录成功','2024-03-25 09:11:17'),(240,'zhangmeng','127.0.0.1','内网IP','Chrome 12','Mac OS X','1','验证码错误','2024-03-25 09:14:35'),(241,'zhangmeng','127.0.0.1','内网IP','Chrome 12','Mac OS X','1','验证码错误','2024-03-25 09:14:46'),(242,'zhangmeng','127.0.0.1','内网IP','Chrome 12','Mac OS X','0','登录成功','2024-03-25 09:14:57'),(243,'zhangmeng','127.0.0.1','内网IP','Chrome 12','Mac OS X','0','退出成功','2024-03-25 09:19:24'),(244,'admin','127.0.0.1','内网IP','Chrome 12','Mac OS X','0','登录成功','2024-03-25 09:19:34'),(245,'admin','127.0.0.1','内网IP','Chrome 12','Mac OS X','0','退出成功','2024-03-25 09:24:00'),(246,'zhangmeng','127.0.0.1','内网IP','Chrome 12','Mac OS X','0','登录成功','2024-03-25 09:24:27'),(247,'zhangmeng','127.0.0.1','内网IP','Chrome 12','Mac OS X','0','退出成功','2024-03-25 09:32:02'),(248,'admin','127.0.0.1','内网IP','Chrome 12','Mac OS X','0','登录成功','2024-03-25 09:32:12'),(249,'admin','127.0.0.1','内网IP','Chrome 12','Mac OS X','0','退出成功','2024-03-25 09:32:31'),(250,'zhangmenng','127.0.0.1','内网IP','Chrome 12','Mac OS X','1','用户不存在/密码错误','2024-03-25 09:32:51'),(251,'zhangmenng','127.0.0.1','内网IP','Chrome 12','Mac OS X','1','用户不存在/密码错误','2024-03-25 09:33:01'),(252,'zhangmeng','127.0.0.1','内网IP','Chrome 12','Mac OS X','0','登录成功','2024-03-25 09:33:13'),(253,'zhangmeng','127.0.0.1','内网IP','Chrome 12','Mac OS X','0','登录成功','2024-03-25 09:47:20'),(254,'zhangmeng','127.0.0.1','内网IP','Chrome 12','Mac OS X','1','验证码已失效','2024-03-26 05:25:48'),(255,'zhangmeng','127.0.0.1','内网IP','Chrome 12','Mac OS X','1','验证码错误','2024-03-26 05:26:01'),(256,'zhangmeng','127.0.0.1','内网IP','Chrome 12','Mac OS X','0','登录成功','2024-03-26 05:26:10'),(257,'zhangmeng','127.0.0.1','内网IP','Chrome 12','Mac OS X','0','退出成功','2024-03-26 05:33:41'),(258,'admin','127.0.0.1','内网IP','Chrome 12','Mac OS X','0','登录成功','2024-03-26 05:33:55'),(259,'zhangmeng','127.0.0.1','内网IP','Safari','Mac OS X','1','验证码错误','2024-03-26 05:48:44'),(260,'zhangmeng','127.0.0.1','内网IP','Safari','Mac OS X','1','用户不存在/密码错误','2024-03-26 05:49:00'),(261,'zhangmeng','127.0.0.1','内网IP','Safari','Mac OS X','1','验证码错误','2024-03-26 05:49:19'),(262,'zhangmeng','127.0.0.1','内网IP','Safari','Mac OS X','0','登录成功','2024-03-26 05:49:33'),(263,'zhangmeng','127.0.0.1','内网IP','Chrome 12','Mac OS X','0','登录成功','2024-03-26 06:08:29'),(264,'zhangmeng','127.0.0.1','内网IP','Chrome 12','Mac OS X','0','退出成功','2024-03-26 06:11:54'),(265,'admin','127.0.0.1','内网IP','Chrome 12','Mac OS X','0','登录成功','2024-03-26 06:12:06'),(266,'admin','127.0.0.1','内网IP','Chrome 12','Mac OS X','0','退出成功','2024-03-26 06:13:44'),(267,'zhangmenng','127.0.0.1','内网IP','Chrome 12','Mac OS X','1','用户不存在/密码错误','2024-03-26 06:14:01'),(268,'zhangmeng','127.0.0.1','内网IP','Chrome 12','Mac OS X','0','登录成功','2024-03-26 06:14:13'),(269,'admin','127.0.0.1','内网IP','Chrome 12','Mac OS X','0','登录成功','2024-03-26 09:14:46'),(270,'admin','127.0.0.1','内网IP','Chrome 12','Mac OS X','0','登录成功','2024-03-29 14:10:23'),(271,'user1','127.0.0.1','内网IP','Chrome 12','Mac OS X','1','用户不存在/密码错误','2024-03-29 14:12:15'),(272,'user1','127.0.0.1','内网IP','Chrome 12','Mac OS X','0','登录成功','2024-03-29 14:12:28'),(273,'001','127.0.0.1','内网IP','Chrome 12','Mac OS X','0','注册成功','2024-03-30 04:55:55'),(274,'001','127.0.0.1','内网IP','Chrome 12','Mac OS X','0','登录成功','2024-03-30 04:57:18'),(275,'001','127.0.0.1','内网IP','Chrome 12','Mac OS X','0','退出成功','2024-03-30 05:04:00'),(276,'admin','127.0.0.1','内网IP','Chrome 12','Mac OS X','1','用户不存在/密码错误','2024-03-30 05:04:22'),(277,'admin','127.0.0.1','内网IP','Chrome 12','Mac OS X','1','验证码错误','2024-03-30 05:04:46'),(278,'admin','127.0.0.1','内网IP','Chrome 12','Mac OS X','0','登录成功','2024-03-30 05:04:56'),(279,'admin','127.0.0.1','内网IP','Chrome 12','Mac OS X','0','退出成功','2024-03-30 05:10:29'),(280,'001','127.0.0.1','内网IP','Chrome 12','Mac OS X','0','登录成功','2024-03-30 05:10:43'),(281,'001','127.0.0.1','内网IP','Chrome 12','Mac OS X','0','退出成功','2024-03-30 05:13:11'),(282,'admin','127.0.0.1','内网IP','Chrome 12','Mac OS X','0','登录成功','2024-03-30 05:13:26'),(283,'011','127.0.0.1','内网IP','Safari','Mac OS X','1','用户不存在/密码错误','2024-03-30 05:14:32'),(284,'001','127.0.0.1','内网IP','Safari','Mac OS X','0','登录成功','2024-03-30 05:14:47'),(285,'001','127.0.0.1','内网IP','Chrome 12','Mac OS X','0','登录成功','2024-04-08 10:30:38'),(286,'001','127.0.0.1','内网IP','Chrome 12','Mac OS X','0','退出成功','2024-04-08 12:58:34'),(287,'001','127.0.0.1','内网IP','Chrome 12','Mac OS X','1','验证码已失效','2024-04-08 13:17:27'),(288,'001','127.0.0.1','内网IP','Chrome 12','Mac OS X','0','登录成功','2024-04-08 13:17:36'),(289,'001','127.0.0.1','内网IP','Chrome 12','Mac OS X','0','登录成功','2024-04-09 06:47:04'),(290,'001','127.0.0.1','内网IP','Chrome 12','Mac OS X','0','退出成功','2024-04-09 07:33:11'),(291,'admin','127.0.0.1','内网IP','Chrome 12','Mac OS X','0','登录成功','2024-04-09 07:33:33'),(292,'admin','127.0.0.1','内网IP','Chrome 12','Mac OS X','0','退出成功','2024-04-09 07:52:46'),(293,'001','127.0.0.1','内网IP','Chrome 12','Mac OS X','0','登录成功','2024-04-09 07:53:00'),(294,'001','127.0.0.1','内网IP','Chrome 12','Mac OS X','0','退出成功','2024-04-09 08:01:38'),(295,'admin','127.0.0.1','内网IP','Chrome 12','Mac OS X','0','登录成功','2024-04-09 08:01:57'),(296,'admin','127.0.0.1','内网IP','Chrome 12','Mac OS X','0','退出成功','2024-04-09 09:28:12'),(297,'admin','127.0.0.1','内网IP','Chrome 12','Mac OS X','0','登录成功','2024-04-09 13:55:02'),(298,'001','127.0.0.1','内网IP','Chrome 12','Mac OS X','1','验证码错误','2024-04-10 00:55:58'),(299,'001','127.0.0.1','内网IP','Chrome 12','Mac OS X','0','登录成功','2024-04-10 00:56:07'),(300,'001','127.0.0.1','内网IP','Chrome 12','Mac OS X','0','退出成功','2024-04-10 02:10:26'),(301,'admin','127.0.0.1','内网IP','Chrome 12','Mac OS X','0','登录成功','2024-04-10 02:10:43'),(302,'admin','127.0.0.1','内网IP','Chrome 12','Mac OS X','0','退出成功','2024-04-10 03:09:37'),(303,'011','127.0.0.1','内网IP','Chrome 12','Mac OS X','1','用户不存在/密码错误','2024-04-10 03:09:57'),(304,'011','127.0.0.1','内网IP','Chrome 12','Mac OS X','1','用户不存在/密码错误','2024-04-10 03:10:07'),(305,'001','127.0.0.1','内网IP','Chrome 12','Mac OS X','1','验证码错误','2024-04-10 03:10:20'),(306,'001','127.0.0.1','内网IP','Chrome 12','Mac OS X','0','登录成功','2024-04-10 03:10:35'),(307,'001','127.0.0.1','内网IP','Chrome 12','Mac OS X','0','登录成功','2024-04-12 08:49:24'),(308,'admin','127.0.0.1','内网IP','Safari','Mac OS X','0','登录成功','2024-04-12 08:50:11'),(309,'admin','127.0.0.1','内网IP','Chrome 12','Windows 10','0','登录成功','2024-04-13 03:23:17'),(310,'user1','127.0.0.1','内网IP','Chrome 12','Windows 10','0','登录成功','2024-04-13 06:34:52');
/*!40000 ALTER TABLE `sys_logininfor` ENABLE KEYS */;
UNLOCK TABLES;

--
-- Table structure for table `sys_menu`
--

DROP TABLE IF EXISTS `sys_menu`;
/*!40101 SET @saved_cs_client     = @@character_set_client */;
/*!40101 SET character_set_client = utf8 */;
CREATE TABLE `sys_menu` (
  `menu_id` bigint(20) NOT NULL AUTO_INCREMENT COMMENT '菜单ID',
  `menu_name` varchar(50) COLLATE utf8mb4_unicode_ci NOT NULL COMMENT '菜单名称',
  `parent_id` bigint(20) DEFAULT '0' COMMENT '父菜单ID',
  `order_num` int(4) DEFAULT '0' COMMENT '显示顺序',
  `path` varchar(200) COLLATE utf8mb4_unicode_ci DEFAULT '' COMMENT '路由地址',
  `component` varchar(255) COLLATE utf8mb4_unicode_ci DEFAULT NULL COMMENT '组件路径',
  `query` varchar(255) COLLATE utf8mb4_unicode_ci DEFAULT NULL COMMENT '路由参数',
  `is_frame` int(1) DEFAULT '1' COMMENT '是否为外链（0是 1否）',
  `is_cache` int(1) DEFAULT '0' COMMENT '是否缓存（0缓存 1不缓存）',
  `menu_type` char(1) COLLATE utf8mb4_unicode_ci DEFAULT '' COMMENT '菜单类型（M目录 C菜单 F按钮）',
  `visible` char(1) COLLATE utf8mb4_unicode_ci DEFAULT '0' COMMENT '菜单状态（0显示 1隐藏）',
  `status` char(1) COLLATE utf8mb4_unicode_ci DEFAULT '0' COMMENT '菜单状态（0正常 1停用）',
  `perms` varchar(100) COLLATE utf8mb4_unicode_ci DEFAULT NULL COMMENT '权限标识',
  `icon` varchar(100) COLLATE utf8mb4_unicode_ci DEFAULT '#' COMMENT '菜单图标',
  `create_by` varchar(64) COLLATE utf8mb4_unicode_ci DEFAULT '' COMMENT '创建者',
  `create_time` datetime DEFAULT NULL COMMENT '创建时间',
  `update_by` varchar(64) COLLATE utf8mb4_unicode_ci DEFAULT '' COMMENT '更新者',
  `update_time` datetime DEFAULT NULL COMMENT '更新时间',
  `remark` varchar(500) COLLATE utf8mb4_unicode_ci DEFAULT '' COMMENT '备注',
  PRIMARY KEY (`menu_id`)
) ENGINE=InnoDB AUTO_INCREMENT=1092 DEFAULT CHARSET=utf8mb4 COLLATE=utf8mb4_unicode_ci COMMENT='菜单权限表';
/*!40101 SET character_set_client = @saved_cs_client */;

--
-- Dumping data for table `sys_menu`
--

LOCK TABLES `sys_menu` WRITE;
/*!40000 ALTER TABLE `sys_menu` DISABLE KEYS */;
INSERT INTO `sys_menu` VALUES (1,'系统管理',0,1,'system',NULL,'',1,0,'M','0','0','','system','admin','2024-01-15 05:14:46','',NULL,'系统管理目录'),(2,'系统监控',0,2,'monitor',NULL,'',1,0,'M','0','0','','monitor','admin','2024-01-15 05:14:47','',NULL,'系统监控目录'),(3,'系统工具',0,3,'tool',NULL,'',1,0,'M','0','0','','tool','admin','2024-01-15 05:14:47','admin','2024-04-13 03:44:18','系统工具目录'),(100,'用户管理',1,1,'user','system/user/index','',1,0,'C','0','0','system:user:list','user','admin','2024-01-15 05:14:47','',NULL,'用户管理菜单'),(101,'角色管理',1,2,'role','system/role/index','',1,0,'C','0','0','system:role:list','peoples','admin','2024-01-15 05:14:47','',NULL,'角色管理菜单'),(102,'菜单管理',1,3,'menu','system/menu/index','',1,0,'C','0','0','system:menu:list','tree-table','admin','2024-01-15 05:14:47','',NULL,'菜单管理菜单'),(103,'部门管理',1,4,'dept','system/dept/index','',1,0,'C','1','0','system:dept:list','tree','admin','2024-01-15 05:14:47','admin','2024-03-01 04:56:44','部门管理菜单'),(104,'岗位管理',1,5,'post','system/post/index','',1,0,'C','1','0','system:post:list','post','admin','2024-01-15 05:14:47','admin','2024-03-01 04:56:49','岗位管理菜单'),(105,'字典管理',1,6,'dict','system/dict/index','',1,0,'C','0','0','system:dict:list','dict','admin','2024-01-15 05:14:47','',NULL,'字典管理菜单'),(106,'参数设置',1,7,'config','system/config/index','',1,0,'C','0','0','system:config:list','edit','admin','2024-01-15 05:14:47','admin','2024-03-25 08:25:11','参数设置菜单'),(107,'通知公告',1,8,'notice','system/notice/index','',1,0,'C','0','0','system:notice:list','message','admin','2024-01-15 05:14:47','',NULL,'通知公告菜单'),(108,'日志管理',1,9,'log','','',1,0,'M','0','0','','log','admin','2024-01-15 05:14:47','',NULL,'日志管理菜单'),(109,'在线用户',2,1,'online','monitor/online/index','',1,0,'C','0','0','monitor:online:list','online','admin','2024-01-15 05:14:47','',NULL,'在线用户菜单'),(110,'定时任务',2,2,'job','monitor/job/index','',1,0,'C','1','0','monitor:job:list','job','admin','2024-01-15 05:14:47','admin','2024-03-01 04:56:06','定时任务菜单'),(111,'数据监控',2,3,'druid','monitor/druid/index','',1,0,'C','1','0','monitor:druid:list','druid','admin','2024-01-15 05:14:47','admin','2024-03-01 04:56:10','数据监控菜单'),(112,'服务监控',2,4,'server','monitor/server/index','',1,0,'C','0','0','monitor:server:list','server','admin','2024-01-15 05:14:47','',NULL,'服务监控菜单'),(113,'缓存监控',2,5,'cache','monitor/cache/index','',1,0,'C','0','0','monitor:cache:list','redis','admin','2024-01-15 05:14:47','',NULL,'缓存监控菜单'),(114,'缓存列表',2,6,'cacheList','monitor/cache/list','',1,0,'C','1','0','monitor:cache:list','redis-list','admin','2024-01-15 05:14:47','admin','2024-03-01 04:56:32','缓存列表菜单'),(115,'表单构建',3,1,'build','tool/build/index','',1,0,'C','0','0','tool:build:list','build','admin','2024-01-15 05:14:47','',NULL,'表单构建菜单'),(116,'代码生成',3,2,'gen','tool/gen/index','',1,0,'C','0','0','tool:gen:list','code','admin','2024-01-15 05:14:47','',NULL,'代码生成菜单'),(117,'系统接口',3,3,'swagger','tool/swagger/index','',1,0,'C','0','0','tool:swagger:list','swagger','admin','2024-01-15 05:14:47','',NULL,'系统接口菜单'),(500,'操作日志',108,1,'operlog','monitor/operlog/index','',1,0,'C','0','0','monitor:operlog:list','form','admin','2024-01-15 05:14:47','',NULL,'操作日志菜单'),(501,'登录日志',108,2,'logininfor','monitor/logininfor/index','',1,0,'C','0','0','monitor:logininfor:list','logininfor','admin','2024-01-15 05:14:47','',NULL,'登录日志菜单'),(1000,'用户查询',100,1,'','','',1,0,'F','0','0','system:user:query','#','admin','2024-01-15 05:14:47','',NULL,''),(1001,'用户新增',100,2,'','','',1,0,'F','0','0','system:user:add','#','admin','2024-01-15 05:14:47','',NULL,''),(1002,'用户修改',100,3,'','','',1,0,'F','0','0','system:user:edit','#','admin','2024-01-15 05:14:47','',NULL,''),(1003,'用户删除',100,4,'','','',1,0,'F','0','0','system:user:remove','#','admin','2024-01-15 05:14:47','',NULL,''),(1004,'用户导出',100,5,'','','',1,0,'F','0','0','system:user:export','#','admin','2024-01-15 05:14:47','',NULL,''),(1005,'用户导入',100,6,'','','',1,0,'F','0','0','system:user:import','#','admin','2024-01-15 05:14:47','',NULL,''),(1006,'重置密码',100,7,'','','',1,0,'F','0','0','system:user:resetPwd','#','admin','2024-01-15 05:14:47','',NULL,''),(1007,'角色查询',101,1,'','','',1,0,'F','0','0','system:role:query','#','admin','2024-01-15 05:14:47','',NULL,''),(1008,'角色新增',101,2,'','','',1,0,'F','0','0','system:role:add','#','admin','2024-01-15 05:14:47','',NULL,''),(1009,'角色修改',101,3,'','','',1,0,'F','0','0','system:role:edit','#','admin','2024-01-15 05:14:47','',NULL,''),(1010,'角色删除',101,4,'','','',1,0,'F','0','0','system:role:remove','#','admin','2024-01-15 05:14:47','',NULL,''),(1011,'角色导出',101,5,'','','',1,0,'F','0','0','system:role:export','#','admin','2024-01-15 05:14:47','',NULL,''),(1012,'菜单查询',102,1,'','','',1,0,'F','0','0','system:menu:query','#','admin','2024-01-15 05:14:47','',NULL,''),(1013,'菜单新增',102,2,'','','',1,0,'F','0','0','system:menu:add','#','admin','2024-01-15 05:14:47','',NULL,''),(1014,'菜单修改',102,3,'','','',1,0,'F','0','0','system:menu:edit','#','admin','2024-01-15 05:14:47','',NULL,''),(1015,'菜单删除',102,4,'','','',1,0,'F','0','0','system:menu:remove','#','admin','2024-01-15 05:14:47','',NULL,''),(1016,'部门查询',103,1,'','','',1,0,'F','0','0','system:dept:query','#','admin','2024-01-15 05:14:47','',NULL,''),(1017,'部门新增',103,2,'','','',1,0,'F','0','0','system:dept:add','#','admin','2024-01-15 05:14:47','',NULL,''),(1018,'部门修改',103,3,'','','',1,0,'F','0','0','system:dept:edit','#','admin','2024-01-15 05:14:48','',NULL,''),(1019,'部门删除',103,4,'','','',1,0,'F','0','0','system:dept:remove','#','admin','2024-01-15 05:14:48','',NULL,''),(1020,'岗位查询',104,1,'','','',1,0,'F','0','0','system:post:query','#','admin','2024-01-15 05:14:48','',NULL,''),(1021,'岗位新增',104,2,'','','',1,0,'F','0','0','system:post:add','#','admin','2024-01-15 05:14:48','',NULL,''),(1022,'岗位修改',104,3,'','','',1,0,'F','0','0','system:post:edit','#','admin','2024-01-15 05:14:48','',NULL,''),(1023,'岗位删除',104,4,'','','',1,0,'F','0','0','system:post:remove','#','admin','2024-01-15 05:14:48','',NULL,''),(1024,'岗位导出',104,5,'','','',1,0,'F','0','0','system:post:export','#','admin','2024-01-15 05:14:48','',NULL,''),(1025,'字典查询',105,1,'#','','',1,0,'F','0','0','system:dict:query','#','admin','2024-01-15 05:14:48','',NULL,''),(1026,'字典新增',105,2,'#','','',1,0,'F','0','0','system:dict:add','#','admin','2024-01-15 05:14:48','',NULL,''),(1027,'字典修改',105,3,'#','','',1,0,'F','0','0','system:dict:edit','#','admin','2024-01-15 05:14:48','',NULL,''),(1028,'字典删除',105,4,'#','','',1,0,'F','0','0','system:dict:remove','#','admin','2024-01-15 05:14:48','',NULL,''),(1029,'字典导出',105,5,'#','','',1,0,'F','0','0','system:dict:export','#','admin','2024-01-15 05:14:48','',NULL,''),(1030,'参数查询',106,1,'#','','',1,0,'F','0','0','system:config:query','#','admin','2024-01-15 05:14:48','',NULL,''),(1031,'参数新增',106,2,'#','','',1,0,'F','0','0','system:config:add','#','admin','2024-01-15 05:14:48','',NULL,''),(1032,'参数修改',106,3,'#','','',1,0,'F','0','0','system:config:edit','#','admin','2024-01-15 05:14:48','',NULL,''),(1033,'参数删除',106,4,'#','','',1,0,'F','0','0','system:config:remove','#','admin','2024-01-15 05:14:48','',NULL,''),(1034,'参数导出',106,5,'#','','',1,0,'F','0','0','system:config:export','#','admin','2024-01-15 05:14:48','',NULL,''),(1035,'公告查询',107,1,'#','','',1,0,'F','0','0','system:notice:query','#','admin','2024-01-15 05:14:48','',NULL,''),(1036,'公告新增',107,2,'#','','',1,0,'F','0','0','system:notice:add','#','admin','2024-01-15 05:14:48','',NULL,''),(1037,'公告修改',107,3,'#','','',1,0,'F','0','0','system:notice:edit','#','admin','2024-01-15 05:14:48','',NULL,''),(1038,'公告删除',107,4,'#','','',1,0,'F','0','0','system:notice:remove','#','admin','2024-01-15 05:14:48','',NULL,''),(1039,'操作查询',500,1,'#','','',1,0,'F','0','0','monitor:operlog:query','#','admin','2024-01-15 05:14:48','',NULL,''),(1040,'操作删除',500,2,'#','','',1,0,'F','0','0','monitor:operlog:remove','#','admin','2024-01-15 05:14:48','',NULL,''),(1041,'日志导出',500,3,'#','','',1,0,'F','0','0','monitor:operlog:export','#','admin','2024-01-15 05:14:48','',NULL,''),(1042,'登录查询',501,1,'#','','',1,0,'F','0','0','monitor:logininfor:query','#','admin','2024-01-15 05:14:48','',NULL,''),(1043,'登录删除',501,2,'#','','',1,0,'F','0','0','monitor:logininfor:remove','#','admin','2024-01-15 05:14:48','',NULL,''),(1044,'日志导出',501,3,'#','','',1,0,'F','0','0','monitor:logininfor:export','#','admin','2024-01-15 05:14:48','',NULL,''),(1045,'账户解锁',501,4,'#','','',1,0,'F','0','0','monitor:logininfor:unlock','#','admin','2024-01-15 05:14:48','',NULL,''),(1046,'在线查询',109,1,'#','','',1,0,'F','0','0','monitor:online:query','#','admin','2024-01-15 05:14:48','',NULL,''),(1047,'批量强退',109,2,'#','','',1,0,'F','0','0','monitor:online:batchLogout','#','admin','2024-01-15 05:14:48','',NULL,''),(1048,'单条强退',109,3,'#','','',1,0,'F','0','0','monitor:online:forceLogout','#','admin','2024-01-15 05:14:48','',NULL,''),(1049,'任务查询',110,1,'#','','',1,0,'F','0','0','monitor:job:query','#','admin','2024-01-15 05:14:48','',NULL,''),(1050,'任务新增',110,2,'#','','',1,0,'F','0','0','monitor:job:add','#','admin','2024-01-15 05:14:48','',NULL,''),(1051,'任务修改',110,3,'#','','',1,0,'F','0','0','monitor:job:edit','#','admin','2024-01-15 05:14:48','',NULL,''),(1052,'任务删除',110,4,'#','','',1,0,'F','0','0','monitor:job:remove','#','admin','2024-01-15 05:14:48','',NULL,''),(1053,'状态修改',110,5,'#','','',1,0,'F','0','0','monitor:job:changeStatus','#','admin','2024-01-15 05:14:48','',NULL,''),(1054,'任务导出',110,6,'#','','',1,0,'F','0','0','monitor:job:export','#','admin','2024-01-15 05:14:48','',NULL,''),(1055,'生成查询',116,1,'#','','',1,0,'F','0','0','tool:gen:query','#','admin','2024-01-15 05:14:48','',NULL,''),(1056,'生成修改',116,2,'#','','',1,0,'F','0','0','tool:gen:edit','#','admin','2024-01-15 05:14:48','',NULL,''),(1057,'生成删除',116,3,'#','','',1,0,'F','0','0','tool:gen:remove','#','admin','2024-01-15 05:14:48','',NULL,''),(1058,'导入代码',116,4,'#','','',1,0,'F','0','0','tool:gen:import','#','admin','2024-01-15 05:14:48','',NULL,''),(1059,'预览代码',116,5,'#','','',1,0,'F','0','0','tool:gen:preview','#','admin','2024-01-15 05:14:48','',NULL,''),(1060,'生成代码',116,6,'#','','',1,0,'F','0','0','tool:gen:code','#','admin','2024-01-15 05:14:48','',NULL,''),(1061,'疫苗接种管理',0,4,'vaccines',NULL,NULL,1,0,'M','0','0',NULL,'list','admin','2024-01-23 06:23:21','',NULL,''),(1062,'接种方法',1061,1,'vaccinationMethodInfo','vaccines/vaccinationMethodInfo/index',NULL,1,0,'C','0','0','vaccines:vaccinationMethodInfo:list','list','admin','2024-01-23 06:28:32','admin','2024-02-29 05:02:26','接种方法信息菜单'),(1063,'接种方法信息查询',1062,1,'#','',NULL,1,0,'F','0','0','vaccines:vaccinationMethodInfo:query','#','admin','2024-01-23 06:28:32','',NULL,''),(1064,'接种方法信息新增',1062,2,'#','',NULL,1,0,'F','0','0','vaccines:vaccinationMethodInfo:add','#','admin','2024-01-23 06:28:32','',NULL,''),(1065,'接种方法信息修改',1062,3,'#','',NULL,1,0,'F','0','0','vaccines:vaccinationMethodInfo:edit','#','admin','2024-01-23 06:28:32','',NULL,''),(1066,'接种方法信息删除',1062,4,'#','',NULL,1,0,'F','0','0','vaccines:vaccinationMethodInfo:remove','#','admin','2024-01-23 06:28:32','',NULL,''),(1067,'接种方法信息导出',1062,5,'#','',NULL,1,0,'F','0','0','vaccines:vaccinationMethodInfo:export','#','admin','2024-01-23 06:28:32','',NULL,''),(1068,'疫苗信息',1061,2,'vaccinesInfo','vaccines/vaccinesInfo/index',NULL,1,0,'C','0','0','vaccines:vaccinesInfo:list','list','admin','2024-01-23 06:49:42','admin','2024-02-29 05:03:14','疫苗信息菜单'),(1069,'疫苗信息查询',1068,1,'#','',NULL,1,0,'F','0','0','vaccines:vaccinesInfo:query','#','admin','2024-01-23 06:49:42','',NULL,''),(1070,'疫苗信息新增',1068,2,'#','',NULL,1,0,'F','0','0','vaccines:vaccinesInfo:add','#','admin','2024-01-23 06:49:42','',NULL,''),(1071,'疫苗信息修改',1068,3,'#','',NULL,1,0,'F','0','0','vaccines:vaccinesInfo:edit','#','admin','2024-01-23 06:49:42','',NULL,''),(1072,'疫苗信息删除',1068,4,'#','',NULL,1,0,'F','0','0','vaccines:vaccinesInfo:remove','#','admin','2024-01-23 06:49:42','',NULL,''),(1073,'疫苗信息导出',1068,5,'#','',NULL,1,0,'F','0','0','vaccines:vaccinesInfo:export','#','admin','2024-01-23 06:49:42','',NULL,''),(1074,'申请疫苗接种',1061,0,'userFillInfo','vaccines/userFillInfo/index',NULL,1,0,'C','0','0','vaccines:userFillInfo:list','list','admin','2024-01-23 07:06:53','admin','2024-02-29 05:03:28','用户填报信息菜单'),(1075,'用户填报信息查询',1074,1,'#','',NULL,1,0,'F','0','0','vaccines:userFillInfo:query','#','admin','2024-01-23 07:06:53','',NULL,''),(1076,'用户填报信息新增',1074,2,'#','',NULL,1,0,'F','0','0','vaccines:userFillInfo:add','#','admin','2024-01-23 07:06:53','',NULL,''),(1077,'用户填报信息修改',1074,3,'#','',NULL,1,0,'F','0','0','vaccines:userFillInfo:edit','#','admin','2024-01-23 07:06:53','',NULL,''),(1078,'用户填报信息删除',1074,4,'#','',NULL,1,0,'F','0','0','vaccines:userFillInfo:remove','#','admin','2024-01-23 07:06:53','',NULL,''),(1079,'用户填报信息导出',1074,5,'#','',NULL,1,0,'F','0','0','vaccines:userFillInfo:export','#','admin','2024-01-23 07:06:53','',NULL,''),(1080,'年龄段疫苗绑定',1061,3,'ageVaccinesInfo','vaccines/ageVaccinesInfo/index',NULL,1,0,'C','0','0','vaccines:ageVaccinesInfo:list','cascader','admin','2024-01-26 02:43:46','admin','2024-02-29 05:03:22','各年龄段需打疫苗信息菜单'),(1081,'各年龄段需打疫苗信息查询',1080,1,'#','',NULL,1,0,'F','0','0','vaccines:ageVaccinesInfo:query','#','admin','2024-01-26 02:43:46','',NULL,''),(1082,'各年龄段需打疫苗信息新增',1080,2,'#','',NULL,1,0,'F','0','0','vaccines:ageVaccinesInfo:add','#','admin','2024-01-26 02:43:46','',NULL,''),(1083,'各年龄段需打疫苗信息修改',1080,3,'#','',NULL,1,0,'F','0','0','vaccines:ageVaccinesInfo:edit','#','admin','2024-01-26 02:43:46','',NULL,''),(1084,'各年龄段需打疫苗信息删除',1080,4,'#','',NULL,1,0,'F','0','0','vaccines:ageVaccinesInfo:remove','#','admin','2024-01-26 02:43:46','',NULL,''),(1085,'各年龄段需打疫苗信息导出',1080,5,'#','',NULL,1,0,'F','0','0','vaccines:ageVaccinesInfo:export','#','admin','2024-01-26 02:43:46','',NULL,''),(1086,'护士信息',1061,1,'nurseInfo','vaccines/nurseInfo/index',NULL,1,0,'C','0','0','vaccines:nurseInfo:list','list','admin','2024-04-13 03:52:18','admin','2024-04-13 04:21:28','护士信息菜单'),(1087,'护士信息查询',1086,1,'#','',NULL,1,0,'F','0','0','vaccines:nurseInfo:query','#','admin','2024-04-13 03:52:18','',NULL,''),(1088,'护士信息新增',1086,2,'#','',NULL,1,0,'F','0','0','vaccines:nurseInfo:add','#','admin','2024-04-13 03:52:19','',NULL,''),(1089,'护士信息修改',1086,3,'#','',NULL,1,0,'F','0','0','vaccines:nurseInfo:edit','#','admin','2024-04-13 03:52:19','',NULL,''),(1090,'护士信息删除',1086,4,'#','',NULL,1,0,'F','0','0','vaccines:nurseInfo:remove','#','admin','2024-04-13 03:52:19','',NULL,''),(1091,'护士信息导出',1086,5,'#','',NULL,1,0,'F','0','0','vaccines:nurseInfo:export','#','admin','2024-04-13 03:52:19','',NULL,'');
/*!40000 ALTER TABLE `sys_menu` ENABLE KEYS */;
UNLOCK TABLES;

--
-- Table structure for table `sys_notice`
--

DROP TABLE IF EXISTS `sys_notice`;
/*!40101 SET @saved_cs_client     = @@character_set_client */;
/*!40101 SET character_set_client = utf8 */;
CREATE TABLE `sys_notice` (
  `notice_id` int(4) NOT NULL AUTO_INCREMENT COMMENT '公告ID',
  `notice_title` varchar(50) COLLATE utf8mb4_unicode_ci NOT NULL COMMENT '公告标题',
  `notice_type` char(1) COLLATE utf8mb4_unicode_ci NOT NULL COMMENT '公告类型（1通知 2公告）',
  `notice_content` longblob COMMENT '公告内容',
  `status` char(1) COLLATE utf8mb4_unicode_ci DEFAULT '0' COMMENT '公告状态（0正常 1关闭）',
  `create_by` varchar(64) COLLATE utf8mb4_unicode_ci DEFAULT '' COMMENT '创建者',
  `create_time` datetime DEFAULT NULL COMMENT '创建时间',
  `update_by` varchar(64) COLLATE utf8mb4_unicode_ci DEFAULT '' COMMENT '更新者',
  `update_time` datetime DEFAULT NULL COMMENT '更新时间',
  `remark` varchar(255) COLLATE utf8mb4_unicode_ci DEFAULT NULL COMMENT '备注',
  PRIMARY KEY (`notice_id`)
) ENGINE=InnoDB DEFAULT CHARSET=utf8mb4 COLLATE=utf8mb4_unicode_ci COMMENT='通知公告表';
/*!40101 SET character_set_client = @saved_cs_client */;

--
-- Dumping data for table `sys_notice`
--

LOCK TABLES `sys_notice` WRITE;
/*!40000 ALTER TABLE `sys_notice` DISABLE KEYS */;
/*!40000 ALTER TABLE `sys_notice` ENABLE KEYS */;
UNLOCK TABLES;

--
-- Table structure for table `sys_oper_log`
--

DROP TABLE IF EXISTS `sys_oper_log`;
/*!40101 SET @saved_cs_client     = @@character_set_client */;
/*!40101 SET character_set_client = utf8 */;
CREATE TABLE `sys_oper_log` (
  `oper_id` bigint(20) NOT NULL AUTO_INCREMENT COMMENT '日志主键',
  `title` varchar(50) COLLATE utf8mb4_unicode_ci DEFAULT '' COMMENT '模块标题',
  `business_type` int(2) DEFAULT '0' COMMENT '业务类型（0其它 1新增 2修改 3删除）',
  `method` varchar(100) COLLATE utf8mb4_unicode_ci DEFAULT '' COMMENT '方法名称',
  `request_method` varchar(10) COLLATE utf8mb4_unicode_ci DEFAULT '' COMMENT '请求方式',
  `operator_type` int(1) DEFAULT '0' COMMENT '操作类别（0其它 1后台用户 2手机端用户）',
  `oper_name` varchar(50) COLLATE utf8mb4_unicode_ci DEFAULT '' COMMENT '操作人员',
  `dept_name` varchar(50) COLLATE utf8mb4_unicode_ci DEFAULT '' COMMENT '部门名称',
  `oper_url` varchar(255) COLLATE utf8mb4_unicode_ci DEFAULT '' COMMENT '请求URL',
  `oper_ip` varchar(128) COLLATE utf8mb4_unicode_ci DEFAULT '' COMMENT '主机地址',
  `oper_location` varchar(255) COLLATE utf8mb4_unicode_ci DEFAULT '' COMMENT '操作地点',
  `oper_param` varchar(2000) COLLATE utf8mb4_unicode_ci DEFAULT '' COMMENT '请求参数',
  `json_result` varchar(2000) COLLATE utf8mb4_unicode_ci DEFAULT '' COMMENT '返回参数',
  `status` int(1) DEFAULT '0' COMMENT '操作状态（0正常 1异常）',
  `error_msg` varchar(2000) COLLATE utf8mb4_unicode_ci DEFAULT '' COMMENT '错误消息',
  `oper_time` datetime DEFAULT NULL COMMENT '操作时间',
  `cost_time` bigint(20) DEFAULT '0' COMMENT '消耗时间',
  PRIMARY KEY (`oper_id`),
  KEY `idx_sys_oper_log_bt` (`business_type`),
  KEY `idx_sys_oper_log_ot` (`oper_time`),
  KEY `idx_sys_oper_log_s` (`status`)
) ENGINE=InnoDB AUTO_INCREMENT=311 DEFAULT CHARSET=utf8mb4 COLLATE=utf8mb4_unicode_ci COMMENT='操作日志记录';
/*!40101 SET character_set_client = @saved_cs_client */;

--
-- Dumping data for table `sys_oper_log`
--

LOCK TABLES `sys_oper_log` WRITE;
/*!40000 ALTER TABLE `sys_oper_log` DISABLE KEYS */;
INSERT INTO `sys_oper_log` VALUES (1,'用户填报信息',2,'com.autumn.project.vaccines.controller.UserFillInfoController.edit()','PUT',1,'admin','研发部门','/vaccines/userFillInfo','127.0.0.1','内网IP','{\"address\":\"1\",\"childrenBirthday\":\"2024-01-11\",\"childrenName\":\"1\",\"childrenSex\":\"1\",\"createBy\":\"user9\",\"createTime\":\"2024-01-25 16:59:36\",\"ext1\":\"乙肝疫苗（第一剂）-注射\",\"ext2\":\"0\",\"ext3\":\"\\\"null\\\"\",\"id\":44,\"params\":{},\"roleFlag\":\"4\",\"scoreIsNull\":true,\"state\":\"4\",\"takeCare\":\"<p>213</p>\",\"today\":\"2024-01-25\",\"userId\":4,\"userName\":\"1\",\"userPhone\":\"1\",\"userSex\":\"0\"}','{\"msg\":\"操作成功\",\"code\":200}',0,NULL,'2024-01-25 09:10:07',5),(2,'用户填报信息',2,'com.autumn.project.vaccines.controller.UserFillInfoController.edit()','PUT',1,'user9',NULL,'/vaccines/userFillInfo','127.0.0.1','内网IP','{\"address\":\"1\",\"childrenBirthday\":\"2024-01-11\",\"childrenName\":\"1\",\"childrenSex\":\"1\",\"createBy\":\"user9\",\"createTime\":\"2024-01-25 16:59:36\",\"ext1\":\"乙肝疫苗（第一剂）-注射\",\"ext2\":\"0\",\"ext3\":\"\\\"\\\\\\\"null\\\\\\\"\\\"\",\"id\":44,\"params\":{},\"roleFlag\":\"5\",\"score\":\"5\",\"scoreIsNull\":true,\"state\":\"5\",\"takeCare\":\"<p>213</p>\",\"today\":\"2024-01-25\",\"userId\":4,\"userName\":\"1\",\"userPhone\":\"1\",\"userSex\":\"0\"}','{\"msg\":\"操作成功\",\"code\":200}',0,NULL,'2024-01-25 09:12:03',5),(3,'用户填报信息',1,'com.autumn.project.vaccines.controller.UserFillInfoController.add()','POST',1,'user9',NULL,'/vaccines/userFillInfo','127.0.0.1','内网IP','{\"address\":\"2\",\"childrenBirthday\":\"2024-01-18\",\"childrenName\":\"2\",\"childrenSex\":\"0\",\"createBy\":\"user9\",\"createTime\":\"2024-01-25 17:12:55\",\"ext1\":\"乙肝疫苗（第一剂）-注射\",\"ext2\":\"0\",\"ext3\":\"null\",\"id\":45,\"params\":{},\"roleFlag\":\"2\",\"state\":\"3\",\"today\":\"2024-01-25\",\"userId\":4,\"userName\":\"2\",\"userPhone\":\"2\",\"userSex\":\"1\"}','{\"msg\":\"操作成功\",\"code\":200}',0,NULL,'2024-01-25 09:12:55',8),(4,'用户填报信息',2,'com.autumn.project.vaccines.controller.UserFillInfoController.edit()','PUT',1,'admin','研发部门','/vaccines/userFillInfo','127.0.0.1','内网IP','{\"address\":\"2\",\"childrenBirthday\":\"2024-01-18\",\"childrenName\":\"2\",\"childrenSex\":\"0\",\"createBy\":\"user9\",\"createTime\":\"2024-01-25 17:12:56\",\"ext1\":\"乙肝疫苗（第一剂）-注射\",\"ext2\":\"0\",\"ext3\":\"\\\"null\\\"\",\"id\":45,\"params\":{},\"roleFlag\":\"4\",\"scoreIsNull\":true,\"state\":\"4\",\"takeCare\":\"<p>656565656</p>\",\"today\":\"2024-01-25\",\"userId\":4,\"userName\":\"2\",\"userPhone\":\"2\",\"userSex\":\"1\"}','{\"msg\":\"操作成功\",\"code\":200}',0,NULL,'2024-01-26 01:56:36',117),(5,'个人信息',2,'com.autumn.project.system.controller.SysProfileController.updateProfile()','PUT',1,'user9',NULL,'/system/user/profile','127.0.0.1','内网IP','{\"admin\":false,\"email\":\"1060590974@qq.com\",\"nickName\":\"user9\",\"params\":{},\"phonenumber\":\"16638808906\",\"sex\":\"0\"}','{\"msg\":\"操作成功\",\"code\":200}',0,NULL,'2024-01-26 01:57:50',16),(6,'用户填报信息',1,'com.autumn.project.vaccines.controller.UserFillInfoController.add()','POST',1,'user9',NULL,'/vaccines/userFillInfo','127.0.0.1','内网IP','{\"address\":\"0\",\"childrenBirthday\":\"2024-01-11\",\"childrenName\":\"000\",\"childrenSex\":\"0\",\"createBy\":\"user9\",\"createTime\":\"2024-01-26 09:58:09\",\"ext1\":\"乙肝疫苗（第一剂）-注射\",\"ext2\":\"0\",\"ext3\":\"null\",\"id\":46,\"params\":{},\"roleFlag\":\"2\",\"state\":\"3\",\"today\":\"2024-01-26\",\"userId\":4,\"userName\":\"000\",\"userPhone\":\"0\",\"userSex\":\"0\"}','{\"msg\":\"操作成功\",\"code\":200}',0,NULL,'2024-01-26 01:58:09',14),(7,'用户填报信息',2,'com.autumn.project.vaccines.controller.UserFillInfoController.edit()','PUT',1,'admin','研发部门','/vaccines/userFillInfo','127.0.0.1','内网IP','{\"address\":\"0\",\"childrenBirthday\":\"2024-01-11\",\"childrenName\":\"000\",\"childrenSex\":\"0\",\"createBy\":\"user9\",\"createTime\":\"2024-01-26 09:58:09\",\"ext1\":\"乙肝疫苗（第一剂）-注射\",\"ext2\":\"0\",\"ext3\":\"\\\"null\\\"\",\"id\":46,\"params\":{},\"roleFlag\":\"4\",\"scoreIsNull\":true,\"state\":\"4\",\"takeCare\":\"<p>121</p>\",\"today\":\"2024-01-26\",\"userId\":4,\"userName\":\"000\",\"userPhone\":\"0\",\"userSex\":\"0\"}','{\"msg\":\"操作成功\",\"code\":200}',0,NULL,'2024-01-26 01:58:22',1186),(8,'个人信息',2,'com.autumn.project.system.controller.SysProfileController.updateProfile()','PUT',1,'user9',NULL,'/system/user/profile','127.0.0.1','内网IP','{\"admin\":false,\"email\":\"408766067@qq.com\",\"nickName\":\"user9\",\"params\":{},\"phonenumber\":\"16638808906\",\"sex\":\"1\"}','{\"msg\":\"操作成功\",\"code\":200}',0,NULL,'2024-01-26 01:59:26',14),(9,'用户填报信息',1,'com.autumn.project.vaccines.controller.UserFillInfoController.add()','POST',1,'user9',NULL,'/vaccines/userFillInfo','127.0.0.1','内网IP','{\"address\":\"1111\",\"childrenBirthday\":\"2024-01-12\",\"childrenName\":\"张小三\",\"childrenSex\":\"0\",\"createBy\":\"user9\",\"createTime\":\"2024-01-26 09:59:57\",\"ext1\":\"乙肝疫苗（第一剂）-注射\",\"ext2\":\"0\",\"ext3\":\"null\",\"id\":47,\"params\":{},\"roleFlag\":\"2\",\"state\":\"3\",\"today\":\"2024-01-26\",\"userId\":4,\"userName\":\"张三\",\"userPhone\":\"111\",\"userSex\":\"1\"}','{\"msg\":\"操作成功\",\"code\":200}',0,NULL,'2024-01-26 01:59:57',11),(10,'用户填报信息',2,'com.autumn.project.vaccines.controller.UserFillInfoController.edit()','PUT',1,'admin','研发部门','/vaccines/userFillInfo','127.0.0.1','内网IP','{\"address\":\"1111\",\"childrenBirthday\":\"2024-01-12\",\"childrenName\":\"张小三\",\"childrenSex\":\"0\",\"createBy\":\"user9\",\"createTime\":\"2024-01-26 09:59:57\",\"ext1\":\"乙肝疫苗（第一剂）-注射\",\"ext2\":\"0\",\"ext3\":\"\\\"null\\\"\",\"id\":47,\"params\":{},\"roleFlag\":\"4\",\"scoreIsNull\":true,\"state\":\"4\",\"takeCare\":\"<p>cccccccccccccc</p>\",\"today\":\"2024-01-26\",\"userId\":4,\"userName\":\"张三\",\"userPhone\":\"111\",\"userSex\":\"1\"}','{\"msg\":\"操作成功\",\"code\":200}',0,NULL,'2024-01-26 02:00:31',1107),(11,'用户填报信息',1,'com.autumn.project.vaccines.controller.UserFillInfoController.add()','POST',1,'user1',NULL,'/vaccines/userFillInfo','127.0.0.1','内网IP','{\"address\":\"31231\",\"childrenBirthday\":\"2024-01-12\",\"childrenName\":\"3123\",\"childrenSex\":\"0\",\"createBy\":\"user1\",\"createTime\":\"2024-01-26 10:36:50\",\"ext1\":\"乙肝疫苗（第一剂）-注射\",\"ext2\":\"0\",\"ext3\":\"null\",\"ext4\":\"1060590974@qq.com\",\"id\":48,\"params\":{},\"roleFlag\":\"2\",\"state\":\"3\",\"today\":\"2024-01-26\",\"userId\":5,\"userName\":\"2131\",\"userPhone\":\"16638808906\",\"userSex\":\"0\"}','{\"msg\":\"操作成功\",\"code\":200}',0,NULL,'2024-01-26 02:36:50',10),(12,'用户填报信息',2,'com.autumn.project.vaccines.controller.UserFillInfoController.edit()','PUT',1,'admin','研发部门','/vaccines/userFillInfo','127.0.0.1','内网IP','{\"address\":\"31231\",\"childrenBirthday\":\"2024-01-12\",\"childrenName\":\"3123\",\"childrenSex\":\"0\",\"createBy\":\"user1\",\"createTime\":\"2024-01-26 10:36:50\",\"ext1\":\"乙肝疫苗（第一剂）-注射\",\"ext2\":\"0\",\"ext3\":\"\\\"null\\\"\",\"ext4\":\"1060590974@qq.com\",\"id\":48,\"params\":{},\"roleFlag\":\"4\",\"scoreIsNull\":true,\"state\":\"4\",\"takeCare\":\"<p>a\'s\'da\'sasdas</p>\",\"today\":\"2024-01-26\",\"userId\":5,\"userName\":\"2131\",\"userPhone\":\"16638808906\",\"userSex\":\"0\"}','{\"msg\":\"操作成功\",\"code\":200}',0,NULL,'2024-01-26 02:37:21',1079),(13,'代码生成',6,'com.autumn.project.tool.gen.controller.GenController.importTableSave()','POST',1,'admin','研发部门','/tool/gen/importTable','127.0.0.1','内网IP','{\"tables\":\"age_vaccines_info\"}','{\"msg\":\"操作成功\",\"code\":200}',0,NULL,'2024-01-26 02:39:22',129),(14,'代码生成',2,'com.autumn.project.tool.gen.controller.GenController.editSave()','PUT',1,'admin','研发部门','/tool/gen','127.0.0.1','内网IP','{\"businessName\":\"ageVaccinesInfo\",\"className\":\"AgeVaccinesInfo\",\"columns\":[{\"capJavaField\":\"Id\",\"columnComment\":\"ID\",\"columnId\":138,\"columnName\":\"id\",\"columnType\":\"bigint(20)\",\"createBy\":\"admin\",\"createTime\":\"2024-01-26 02:39:22\",\"dictType\":\"\",\"edit\":false,\"htmlType\":\"input\",\"increment\":true,\"insert\":true,\"isIncrement\":\"1\",\"isInsert\":\"1\",\"isPk\":\"1\",\"isRequired\":\"0\",\"javaField\":\"id\",\"javaType\":\"Long\",\"list\":false,\"params\":{},\"pk\":true,\"query\":false,\"queryType\":\"EQ\",\"required\":false,\"sort\":1,\"superColumn\":false,\"tableId\":7,\"updateBy\":\"\",\"usableColumn\":false},{\"capJavaField\":\"Age\",\"columnComment\":\"年龄(岁)\",\"columnId\":139,\"columnName\":\"age\",\"columnType\":\"int(11)\",\"createBy\":\"admin\",\"createTime\":\"2024-01-26 02:39:22\",\"dictType\":\"\",\"edit\":true,\"htmlType\":\"input\",\"increment\":false,\"insert\":true,\"isEdit\":\"1\",\"isIncrement\":\"0\",\"isInsert\":\"1\",\"isList\":\"1\",\"isPk\":\"0\",\"isQuery\":\"1\",\"isRequired\":\"0\",\"javaField\":\"age\",\"javaType\":\"Long\",\"list\":true,\"params\":{},\"pk\":false,\"query\":true,\"queryType\":\"EQ\",\"required\":false,\"sort\":2,\"superColumn\":false,\"tableId\":7,\"updateBy\":\"\",\"usableColumn\":false},{\"capJavaField\":\"AgeMin\",\"columnComment\":\"最小年龄(天)\",\"columnId\":140,\"columnName\":\"age_min\",\"columnType\":\"int(11)\",\"createBy\":\"admin\",\"createTime\":\"2024-01-26 02:39:22\",\"dictType\":\"\",\"edit\":true,\"htmlType\":\"input\",\"increment\":false,\"insert\":true,\"isEdit\":\"1\",\"isIncrement\":\"0\",\"isInsert\":\"1\",\"isList\":\"1\",\"isPk\":\"0\",\"isQuery\":\"1\",\"isRequired\":\"1\",\"javaField\":\"ageMin\",\"javaType\":\"Long\",\"list\":true,\"params\":{},\"pk\":false,\"query\":true,\"queryType\":\"EQ\",\"required\":true,\"sort\":3,\"superColumn\":false,\"tableId\":7,\"updateBy\":\"\",\"usableColumn\":false},{\"capJavaField\":\"AgeMax\",\"columnComment\":\"最大年龄(天)\",\"columnId\":141,\"columnName\":\"age_max\",\"columnType\":\"int(11)\",\"createBy\":\"admin\",\"createTime\":\"2024-01-26 02:39:22\",\"dictType\":\"\",\"edit\":true,\"htmlType\":\"input\",\"increment\":false,\"insert\":true,\"isEdit\":\"1\",\"isIncrement\":\"0\",\"isInsert\":\"1\",\"isList\":\"1\",\"isPk\":\"0\",\"isQuery\":\"1\",\"isRequired\":\"1\",\"javaField\":\"ageMax\",\"','{\"msg\":\"操作成功\",\"code\":200}',0,NULL,'2024-01-26 02:42:17',117),(15,'代码生成',8,'com.autumn.project.tool.gen.controller.GenController.batchGenCode()','GET',1,'admin','研发部门','/tool/gen/batchGenCode','127.0.0.1','内网IP','{\"tables\":\"age_vaccines_info\"}',NULL,0,NULL,'2024-01-26 02:42:20',362),(16,'菜单管理',2,'com.autumn.project.system.controller.SysMenuController.edit()','PUT',1,'admin','研发部门','/system/menu','127.0.0.1','内网IP','{\"children\":[],\"component\":\"vaccines/ageVaccinesInfo/index\",\"createTime\":\"2024-01-26 02:43:46\",\"icon\":\"cascader\",\"isCache\":\"0\",\"isFrame\":\"1\",\"menuId\":1080,\"menuName\":\"年龄段疫苗绑定\",\"menuType\":\"C\",\"orderNum\":1,\"params\":{},\"parentId\":1061,\"path\":\"ageVaccinesInfo\",\"perms\":\"vaccines:ageVaccinesInfo:list\",\"status\":\"0\",\"updateBy\":\"admin\",\"visible\":\"0\"}','{\"msg\":\"操作成功\",\"code\":200}',0,NULL,'2024-01-26 02:46:17',31),(17,'各年龄段需打疫苗信息',1,'com.autumn.project.vaccines.controller.AgeVaccinesInfoController.add()','POST',1,'admin','研发部门','/vaccines/ageVaccinesInfo','127.0.0.1','内网IP','{\"ageMax\":10,\"ageMin\":1,\"createTime\":\"2024-01-26 10:55:57\",\"params\":{},\"remark\":\"111\",\"state\":\"0\",\"takeCare\":\"111\",\"vaccinesCodes\":[\"0\",\"1\"]}',NULL,1,'nested exception is org.apache.ibatis.exceptions.PersistenceException: \n### Error updating database.  Cause: java.lang.IllegalStateException: Type handler was null on parameter mapping for property \'vaccinesCodes\'. It was either not specified and/or could not be found for the javaType ([Ljava.lang.String;) : jdbcType (null) combination.\n### The error may exist in file [D:\\autumn\\Documents\\GitHub\\zmx_system\\target\\classes\\mybatis\\vaccines\\AgeVaccinesInfoMapper.xml]\n### The error may involve com.autumn.project.vaccines.mapper.AgeVaccinesInfoMapper.insertAgeVaccinesInfo\n### The error occurred while executing an update\n### Cause: java.lang.IllegalStateException: Type handler was null on parameter mapping for property \'vaccinesCodes\'. It was either not specified and/or could not be found for the javaType ([Ljava.lang.String;) : jdbcType (null) combination.','2024-01-26 02:55:57',40),(18,'各年龄段需打疫苗信息',2,'com.autumn.project.vaccines.controller.AgeVaccinesInfoController.edit()','PUT',1,'admin','研发部门','/vaccines/ageVaccinesInfo','127.0.0.1','内网IP','{\"ageMax\":10,\"ageMin\":1,\"createBy\":\"admin\",\"createTime\":\"2024-01-26 11:12:21\",\"ext1\":[\"yg1\",\"yg2\"],\"id\":7,\"params\":{},\"remark\":\"无\",\"state\":\"0\",\"takeCare\":\"无\",\"updateBy\":\"admin\",\"updateTime\":\"2024-01-26 11:44:48\",\"vaccinesCodes\":\"[\\\"yg1\\\",\\\"yg2\\\"]\"}','{\"msg\":\"操作成功\",\"code\":200}',0,NULL,'2024-01-26 03:44:48',60),(19,'用户填报信息',1,'com.autumn.project.vaccines.controller.UserFillInfoController.add()','POST',1,'user1',NULL,'/vaccines/userFillInfo','127.0.0.1','内网IP','{\"address\":\"q\",\"childrenBirthday\":\"2024-01-24\",\"childrenName\":\"qq\",\"childrenSex\":\"0\",\"createBy\":\"user1\",\"createTime\":\"2024-01-26 12:05:22\",\"ext1\":\"未匹配到数据，请工作人员选择\",\"ext2\":\"1\",\"ext3\":\"null\",\"ext4\":\"1060590974@qq.com\",\"id\":49,\"params\":{},\"roleFlag\":\"2\",\"state\":\"2\",\"today\":\"2024-01-26\",\"userId\":5,\"userName\":\"qq\",\"userPhone\":\"16638808906\",\"userSex\":\"1\"}','{\"msg\":\"操作成功\",\"code\":200}',0,NULL,'2024-01-26 04:05:22',47),(20,'用户填报信息',1,'com.autumn.project.vaccines.controller.UserFillInfoController.add()','POST',1,'user1',NULL,'/vaccines/userFillInfo','127.0.0.1','内网IP','{\"address\":\"w\",\"childrenBirthday\":\"2024-01-24\",\"childrenName\":\"ww\",\"childrenSex\":\"0\",\"createBy\":\"user1\",\"createTime\":\"2024-01-26 12:06:12\",\"ext1\":\"未匹配到数据，请工作人员选择\",\"ext2\":\"1\",\"ext3\":\"null\",\"ext4\":\"1060590974@qq.com\",\"id\":50,\"params\":{},\"roleFlag\":\"2\",\"state\":\"2\",\"today\":\"2024-01-26\",\"userId\":5,\"userName\":\"ww\",\"userPhone\":\"16638808906\",\"userSex\":\"0\"}','{\"msg\":\"操作成功\",\"code\":200}',0,NULL,'2024-01-26 04:06:12',10),(21,'用户填报信息',1,'com.autumn.project.vaccines.controller.UserFillInfoController.add()','POST',1,'user1',NULL,'/vaccines/userFillInfo','127.0.0.1','内网IP','{\"address\":\"ee\",\"childrenBirthday\":\"2024-01-24\",\"childrenName\":\"ee\",\"childrenSex\":\"0\",\"createBy\":\"user1\",\"createTime\":\"2024-01-26 12:08:13\",\"ext3\":\"null\",\"ext4\":\"1060590974@qq.com\",\"params\":{},\"roleFlag\":\"2\",\"state\":\"2\",\"today\":\"2024-01-26\",\"userId\":5,\"userName\":\"ee\",\"userPhone\":\"16638808906\",\"userSex\":\"0\"}',NULL,1,'nested exception is org.apache.ibatis.builder.BuilderException: The expression \'vaccinesCodes\' evaluated to a null value.','2024-01-26 04:08:13',10),(22,'用户填报信息',1,'com.autumn.project.vaccines.controller.UserFillInfoController.add()','POST',1,'user1',NULL,'/vaccines/userFillInfo','127.0.0.1','内网IP','{\"address\":\"ee\",\"childrenBirthday\":\"2024-01-24\",\"childrenName\":\"ee\",\"childrenSex\":\"0\",\"createBy\":\"user1\",\"createTime\":\"2024-01-26 12:09:47\",\"ext3\":\"null\",\"ext4\":\"1060590974@qq.com\",\"params\":{},\"roleFlag\":\"2\",\"state\":\"2\",\"today\":\"2024-01-26\",\"userId\":5,\"userName\":\"ee\",\"userPhone\":\"16638808906\",\"userSex\":\"0\"}',NULL,1,'nested exception is org.apache.ibatis.builder.BuilderException: The expression \'vaccinesCodes\' evaluated to a null value.','2024-01-26 04:10:29',42153),(23,'用户填报信息',1,'com.autumn.project.vaccines.controller.UserFillInfoController.add()','POST',1,'user1',NULL,'/vaccines/userFillInfo','127.0.0.1','内网IP','{\"address\":\"ee\",\"childrenBirthday\":\"2024-01-24\",\"childrenName\":\"ee\",\"childrenSex\":\"0\",\"createBy\":\"user1\",\"createTime\":\"2024-01-26 12:10:53\",\"ext1\":\"乙肝疫苗（第一剂）-注射 或 乙肝疫苗（第二剂）-注射\",\"ext2\":\"0\",\"ext3\":\"null\",\"ext4\":\"1060590974@qq.com\",\"id\":51,\"params\":{},\"roleFlag\":\"2\",\"state\":\"3\",\"today\":\"2024-01-26\",\"userId\":5,\"userName\":\"ee\",\"userPhone\":\"16638808906\",\"userSex\":\"0\"}','{\"msg\":\"操作成功\",\"code\":200}',0,NULL,'2024-01-26 04:10:53',15),(24,'各年龄段需打疫苗信息',2,'com.autumn.project.vaccines.controller.AgeVaccinesInfoController.edit()','PUT',1,'admin','研发部门','/vaccines/ageVaccinesInfo','127.0.0.1','内网IP','{\"ageMax\":10,\"ageMin\":1,\"createBy\":\"admin\",\"createTime\":\"2024-01-26 11:12:21\",\"ext1\":[\"yg2\"],\"id\":7,\"params\":{},\"remark\":\"无\",\"state\":\"0\",\"takeCare\":\"无\",\"updateBy\":\"admin\",\"updateTime\":\"2024-01-26 12:12:28\",\"vaccinesCodes\":\"[\\\"yg2\\\"]\"}','{\"msg\":\"操作成功\",\"code\":200}',0,NULL,'2024-01-26 04:12:29',6),(25,'用户填报信息',1,'com.autumn.project.vaccines.controller.UserFillInfoController.add()','POST',1,'user1',NULL,'/vaccines/userFillInfo','127.0.0.1','内网IP','{\"address\":\"rr\",\"childrenBirthday\":\"2024-01-24\",\"childrenName\":\"rr\",\"childrenSex\":\"0\",\"createBy\":\"user1\",\"createTime\":\"2024-01-26 12:12:39\",\"ext1\":\"乙肝疫苗（第二剂）-注射\",\"ext2\":\"0\",\"ext3\":\"null\",\"ext4\":\"1060590974@qq.com\",\"id\":52,\"params\":{},\"roleFlag\":\"2\",\"state\":\"3\",\"today\":\"2024-01-26\",\"userId\":5,\"userName\":\"rr\",\"userPhone\":\"16638808906\",\"userSex\":\"1\"}','{\"msg\":\"操作成功\",\"code\":200}',0,NULL,'2024-01-26 04:12:39',15),(26,'用户填报信息',2,'com.autumn.project.vaccines.controller.UserFillInfoController.edit()','PUT',1,'admin','研发部门','/vaccines/userFillInfo','127.0.0.1','内网IP','{\"address\":\"rr\",\"childrenBirthday\":\"2024-01-24\",\"childrenName\":\"rr\",\"childrenSex\":\"0\",\"createBy\":\"user1\",\"createTime\":\"2024-01-26 12:12:40\",\"ext1\":\"乙肝疫苗（第二剂）-注射\",\"ext2\":\"0\",\"ext3\":\"\\\"null\\\"\",\"ext4\":\"1060590974@qq.com\",\"id\":52,\"params\":{},\"roleFlag\":\"4\",\"scoreIsNull\":true,\"state\":\"4\",\"takeCare\":\"<p>0</p>\",\"today\":\"2024-01-26\",\"userId\":5,\"userName\":\"rr\",\"userPhone\":\"16638808906\",\"userSex\":\"1\"}','{\"msg\":\"操作成功\",\"code\":200}',0,NULL,'2024-01-26 04:32:19',10),(27,'用户填报信息',2,'com.autumn.project.vaccines.controller.UserFillInfoController.edit()','PUT',1,'admin','研发部门','/vaccines/userFillInfo','127.0.0.1','内网IP','{\"address\":\"ee\",\"childrenBirthday\":\"2024-01-24\",\"childrenName\":\"ee\",\"childrenSex\":\"0\",\"createBy\":\"user1\",\"createTime\":\"2024-01-26 12:10:54\",\"ext1\":\"乙肝疫苗（第一剂）-注射 或 乙肝疫苗（第二剂）-注射\",\"ext2\":\"0\",\"ext3\":\"\\\"null\\\"\",\"ext4\":\"1060590974@qq.com\",\"id\":51,\"params\":{},\"roleFlag\":\"4\",\"scoreIsNull\":true,\"state\":\"4\",\"today\":\"2024-01-26\",\"userId\":5,\"userName\":\"ee\",\"userPhone\":\"16638808906\",\"userSex\":\"0\"}','{\"msg\":\"操作成功\",\"code\":200}',0,NULL,'2024-01-26 04:32:33',5),(28,'各年龄段需打疫苗信息',3,'com.autumn.project.vaccines.controller.AgeVaccinesInfoController.remove()','DELETE',1,'admin','研发部门','/vaccines/ageVaccinesInfo/7','127.0.0.1','内网IP','{}','{\"msg\":\"操作成功\",\"code\":200}',0,NULL,'2024-01-26 05:51:29',16),(29,'各年龄段需打疫苗信息',3,'com.autumn.project.vaccines.controller.AgeVaccinesInfoController.remove()','DELETE',1,'admin','研发部门','/vaccines/ageVaccinesInfo/8','127.0.0.1','内网IP','{}','{\"msg\":\"操作成功\",\"code\":200}',0,NULL,'2024-01-26 05:51:31',4),(30,'各年龄段需打疫苗信息',3,'com.autumn.project.vaccines.controller.AgeVaccinesInfoController.remove()','DELETE',1,'admin','研发部门','/vaccines/ageVaccinesInfo/9','127.0.0.1','内网IP','{}','{\"msg\":\"操作成功\",\"code\":200}',0,NULL,'2024-01-26 05:51:33',5),(31,'各年龄段需打疫苗信息',3,'com.autumn.project.vaccines.controller.AgeVaccinesInfoController.remove()','DELETE',1,'admin','研发部门','/vaccines/ageVaccinesInfo/10','127.0.0.1','内网IP','{}','{\"msg\":\"操作成功\",\"code\":200}',0,NULL,'2024-01-26 05:51:35',6),(32,'各年龄段需打疫苗信息',1,'com.autumn.project.vaccines.controller.AgeVaccinesInfoController.add()','POST',1,'admin','研发部门','/vaccines/ageVaccinesInfo','127.0.0.1','内网IP','{\"age\":\"0 月 - 0 月\",\"ageMax\":10,\"ageMin\":1,\"createBy\":\"admin\",\"createTime\":\"2024-01-26 13:51:47\",\"ext1\":[\"yg1\"],\"id\":11,\"params\":{},\"state\":\"0\",\"vaccinesCodes\":\"[\\\"yg1\\\"]\"}','{\"msg\":\"操作成功\",\"code\":200}',0,NULL,'2024-01-26 05:51:47',28),(33,'各年龄段需打疫苗信息',2,'com.autumn.project.vaccines.controller.AgeVaccinesInfoController.edit()','PUT',1,'admin','研发部门','/vaccines/ageVaccinesInfo','127.0.0.1','内网IP','{\"age\":\"1 - 1\",\"ageMax\":10,\"ageMin\":1,\"createBy\":\"admin\",\"createTime\":\"2024-01-26 13:51:48\",\"ext1\":[\"yg1\"],\"id\":11,\"params\":{},\"state\":\"0\",\"updateBy\":\"admin\",\"updateTime\":\"2024-01-26 13:53:57\",\"vaccinesCodes\":\"[\\\"yg1\\\"]\"}','{\"msg\":\"操作成功\",\"code\":200}',0,NULL,'2024-01-26 05:53:57',13),(34,'各年龄段需打疫苗信息',2,'com.autumn.project.vaccines.controller.AgeVaccinesInfoController.edit()','PUT',1,'admin','研发部门','/vaccines/ageVaccinesInfo','127.0.0.1','内网IP','{\"age\":\"1月 - 1月\",\"ageMax\":10,\"ageMin\":1,\"createBy\":\"admin\",\"createTime\":\"2024-01-26 13:51:48\",\"ext1\":[\"yg1\"],\"id\":11,\"params\":{},\"state\":\"0\",\"updateBy\":\"admin\",\"updateTime\":\"2024-01-26 13:54:24\",\"vaccinesCodes\":\"[\\\"yg1\\\"]\"}','{\"msg\":\"操作成功\",\"code\":200}',0,NULL,'2024-01-26 05:54:24',6),(35,'各年龄段需打疫苗信息',1,'com.autumn.project.vaccines.controller.AgeVaccinesInfoController.add()','POST',1,'admin','研发部门','/vaccines/ageVaccinesInfo','127.0.0.1','内网IP','{\"age\":\"1月 - 1月\",\"ageMax\":50,\"ageMin\":10,\"createBy\":\"admin\",\"createTime\":\"2024-01-26 13:54:38\",\"ext1\":[\"yg2\"],\"id\":12,\"params\":{},\"state\":\"0\",\"vaccinesCodes\":\"[\\\"yg2\\\"]\"}','{\"msg\":\"操作成功\",\"code\":200}',0,NULL,'2024-01-26 05:54:38',6),(36,'各年龄段需打疫苗信息',1,'com.autumn.project.vaccines.controller.AgeVaccinesInfoController.add()','POST',1,'admin','研发部门','/vaccines/ageVaccinesInfo','127.0.0.1','内网IP','{\"age\":\"1月 - 3月\",\"ageMax\":100,\"ageMin\":50,\"createBy\":\"admin\",\"createTime\":\"2024-01-26 13:54:49\",\"ext1\":[\"yg1\"],\"id\":13,\"params\":{},\"state\":\"0\",\"vaccinesCodes\":\"[\\\"yg1\\\"]\"}','{\"msg\":\"操作成功\",\"code\":200}',0,NULL,'2024-01-26 05:54:49',6),(37,'各年龄段需打疫苗信息',2,'com.autumn.project.vaccines.controller.AgeVaccinesInfoController.edit()','PUT',1,'admin','研发部门','/vaccines/ageVaccinesInfo','127.0.0.1','内网IP','{\"age\":\"1月 - 1月\",\"ageMax\":10,\"ageMin\":1,\"createBy\":\"admin\",\"createTime\":\"2024-01-26 13:51:48\",\"ext1\":[\"yg1\"],\"id\":11,\"params\":{},\"state\":\"0\",\"updateBy\":\"admin\",\"updateTime\":\"2024-01-26 13:57:44\",\"vaccinesCodes\":\"[\\\"yg1\\\"]\"}','{\"msg\":\"操作成功\",\"code\":200}',0,NULL,'2024-01-26 05:57:44',6),(38,'各年龄段需打疫苗信息',2,'com.autumn.project.vaccines.controller.AgeVaccinesInfoController.edit()','PUT',1,'admin','研发部门','/vaccines/ageVaccinesInfo','127.0.0.1','内网IP','{\"age\":\"1月 - 1月\",\"ageMax\":50,\"ageMin\":10,\"createBy\":\"admin\",\"createTime\":\"2024-01-26 13:54:38\",\"ext1\":[\"yg2\"],\"id\":12,\"params\":{},\"state\":\"0\",\"updateBy\":\"admin\",\"updateTime\":\"2024-01-26 13:57:47\",\"vaccinesCodes\":\"[\\\"yg2\\\"]\"}','{\"msg\":\"操作成功\",\"code\":200}',0,NULL,'2024-01-26 05:57:47',7),(39,'各年龄段需打疫苗信息',2,'com.autumn.project.vaccines.controller.AgeVaccinesInfoController.edit()','PUT',1,'admin','研发部门','/vaccines/ageVaccinesInfo','127.0.0.1','内网IP','{\"age\":\"1月 - 3月\",\"ageMax\":100,\"ageMin\":50,\"createBy\":\"admin\",\"createTime\":\"2024-01-26 13:54:50\",\"ext1\":[\"yg1\"],\"id\":13,\"params\":{},\"state\":\"0\",\"updateBy\":\"admin\",\"updateTime\":\"2024-01-26 13:57:53\",\"vaccinesCodes\":\"[\\\"yg1\\\"]\"}','{\"msg\":\"操作成功\",\"code\":200}',0,NULL,'2024-01-26 05:57:53',5),(40,'各年龄段需打疫苗信息',2,'com.autumn.project.vaccines.controller.AgeVaccinesInfoController.edit()','PUT',1,'admin','研发部门','/vaccines/ageVaccinesInfo','127.0.0.1','内网IP','{\"age\":\"1月 - 1月\",\"ageMax\":10,\"ageMin\":1,\"createBy\":\"admin\",\"createTime\":\"2024-01-26 13:51:48\",\"ext1\":[\"yg1\"],\"id\":11,\"params\":{},\"state\":\"0\",\"updateBy\":\"admin\",\"updateTime\":\"2024-01-26 14:03:45\",\"vaccinesCodes\":\"[\\\"yg1\\\"]\"}','{\"msg\":\"操作成功\",\"code\":200}',0,NULL,'2024-01-26 06:03:45',6),(41,'各年龄段需打疫苗信息',2,'com.autumn.project.vaccines.controller.AgeVaccinesInfoController.edit()','PUT',1,'admin','研发部门','/vaccines/ageVaccinesInfo','127.0.0.1','内网IP','{\"age\":\"1月 - 1月\",\"ageMax\":50,\"ageMin\":10,\"createBy\":\"admin\",\"createTime\":\"2024-01-26 13:54:38\",\"ext1\":[\"yg2\"],\"id\":12,\"params\":{},\"state\":\"0\",\"updateBy\":\"admin\",\"updateTime\":\"2024-01-26 14:03:47\",\"vaccinesCodes\":\"[\\\"yg2\\\"]\"}','{\"msg\":\"操作成功\",\"code\":200}',0,NULL,'2024-01-26 06:03:48',6),(42,'各年龄段需打疫苗信息',2,'com.autumn.project.vaccines.controller.AgeVaccinesInfoController.edit()','PUT',1,'admin','研发部门','/vaccines/ageVaccinesInfo','127.0.0.1','内网IP','{\"age\":\"1月 - 3月\",\"ageMax\":100,\"ageMin\":50,\"createBy\":\"admin\",\"createTime\":\"2024-01-26 13:54:50\",\"ext1\":[\"yg1\"],\"id\":13,\"params\":{},\"state\":\"0\",\"updateBy\":\"admin\",\"updateTime\":\"2024-01-26 14:03:51\",\"vaccinesCodes\":\"[\\\"yg1\\\"]\"}','{\"msg\":\"操作成功\",\"code\":200}',0,NULL,'2024-01-26 06:03:51',5),(43,'各年龄段需打疫苗信息',2,'com.autumn.project.vaccines.controller.AgeVaccinesInfoController.edit()','PUT',1,'admin','研发部门','/vaccines/ageVaccinesInfo','127.0.0.1','内网IP','{\"age\":\"1月 - 1月\",\"ageMax\":10,\"ageMin\":1,\"createBy\":\"admin\",\"createTime\":\"2024-01-26 13:51:48\",\"ext1\":[\"yg1\"],\"id\":11,\"params\":{},\"state\":\"0\",\"updateBy\":\"admin\",\"updateTime\":\"2024-01-26 14:06:24\",\"vaccinesCodes\":\"[\\\"yg1\\\"]\"}','{\"msg\":\"操作成功\",\"code\":200}',0,NULL,'2024-01-26 06:06:24',5),(44,'各年龄段需打疫苗信息',2,'com.autumn.project.vaccines.controller.AgeVaccinesInfoController.edit()','PUT',1,'admin','研发部门','/vaccines/ageVaccinesInfo','127.0.0.1','内网IP','{\"age\":\"1月 - 1月\",\"ageMax\":50,\"ageMin\":10,\"createBy\":\"admin\",\"createTime\":\"2024-01-26 13:54:38\",\"ext1\":[\"yg2\"],\"id\":12,\"params\":{},\"state\":\"0\",\"updateBy\":\"admin\",\"updateTime\":\"2024-01-26 14:06:27\",\"vaccinesCodes\":\"[\\\"yg2\\\"]\"}','{\"msg\":\"操作成功\",\"code\":200}',0,NULL,'2024-01-26 06:06:27',5),(45,'各年龄段需打疫苗信息',2,'com.autumn.project.vaccines.controller.AgeVaccinesInfoController.edit()','PUT',1,'admin','研发部门','/vaccines/ageVaccinesInfo','127.0.0.1','内网IP','{\"age\":\"1月 - 3月\",\"ageMax\":100,\"ageMin\":50,\"createBy\":\"admin\",\"createTime\":\"2024-01-26 13:54:50\",\"ext1\":[\"yg1\"],\"id\":13,\"params\":{},\"state\":\"0\",\"updateBy\":\"admin\",\"updateTime\":\"2024-01-26 14:06:29\",\"vaccinesCodes\":\"[\\\"yg1\\\"]\"}','{\"msg\":\"操作成功\",\"code\":200}',0,NULL,'2024-01-26 06:06:29',6),(46,'各年龄段需打疫苗信息',2,'com.autumn.project.vaccines.controller.AgeVaccinesInfoController.edit()','PUT',1,'admin','研发部门','/vaccines/ageVaccinesInfo','127.0.0.1','内网IP','{\"age\":\"0.3333333333333333月 - 1.6666666666666667月\",\"ageMax\":50,\"ageMin\":10,\"createBy\":\"admin\",\"createTime\":\"2024-01-26 13:54:38\",\"ext1\":[\"yg2\"],\"id\":12,\"params\":{},\"state\":\"0\",\"updateBy\":\"admin\",\"updateTime\":\"2024-01-26 14:07:27\",\"vaccinesCodes\":\"[\\\"yg2\\\"]\"}','{\"msg\":\"操作成功\",\"code\":200}',0,NULL,'2024-01-26 06:07:27',6),(47,'各年龄段需打疫苗信息',2,'com.autumn.project.vaccines.controller.AgeVaccinesInfoController.edit()','PUT',1,'admin','研发部门','/vaccines/ageVaccinesInfo','127.0.0.1','内网IP','{\"age\":\"0.3月 - 1.7月\",\"ageMax\":50,\"ageMin\":10,\"createBy\":\"admin\",\"createTime\":\"2024-01-26 13:54:38\",\"ext1\":[\"yg2\"],\"id\":12,\"params\":{},\"state\":\"0\",\"updateBy\":\"admin\",\"updateTime\":\"2024-01-26 14:09:27\",\"vaccinesCodes\":\"[\\\"yg2\\\"]\"}','{\"msg\":\"操作成功\",\"code\":200}',0,NULL,'2024-01-26 06:09:27',9),(48,'各年龄段需打疫苗信息',2,'com.autumn.project.vaccines.controller.AgeVaccinesInfoController.edit()','PUT',1,'admin','研发部门','/vaccines/ageVaccinesInfo','127.0.0.1','内网IP','{\"age\":\"1.7月 - 3.3月\",\"ageMax\":100,\"ageMin\":50,\"createBy\":\"admin\",\"createTime\":\"2024-01-26 13:54:50\",\"ext1\":[\"yg1\"],\"id\":13,\"params\":{},\"state\":\"0\",\"updateBy\":\"admin\",\"updateTime\":\"2024-01-26 14:09:31\",\"vaccinesCodes\":\"[\\\"yg1\\\"]\"}','{\"msg\":\"操作成功\",\"code\":200}',0,NULL,'2024-01-26 06:09:31',8),(49,'各年龄段需打疫苗信息',1,'com.autumn.project.vaccines.controller.AgeVaccinesInfoController.add()','POST',1,'admin','研发部门','/vaccines/ageVaccinesInfo','127.0.0.1','内网IP','{\"age\":\"11.9月 - 1.4岁\",\"ageMax\":500,\"ageMin\":356,\"createBy\":\"admin\",\"createTime\":\"2024-01-26 14:09:45\",\"ext1\":[\"yg1\",\"yg2\"],\"id\":14,\"params\":{},\"state\":\"0\",\"vaccinesCodes\":\"[\\\"yg1\\\",\\\"yg2\\\"]\"}','{\"msg\":\"操作成功\",\"code\":200}',0,NULL,'2024-01-26 06:09:45',5),(50,'各年龄段需打疫苗信息',2,'com.autumn.project.vaccines.controller.AgeVaccinesInfoController.edit()','PUT',1,'admin','研发部门','/vaccines/ageVaccinesInfo','127.0.0.1','内网IP','{\"age\":\"1.0岁 - 1.4岁\",\"ageMax\":500,\"ageMin\":365,\"createBy\":\"admin\",\"createTime\":\"2024-01-26 14:09:46\",\"ext1\":[\"yg1\",\"yg2\"],\"id\":14,\"params\":{},\"state\":\"0\",\"updateBy\":\"admin\",\"updateTime\":\"2024-01-26 14:09:53\",\"vaccinesCodes\":\"[\\\"yg1\\\",\\\"yg2\\\"]\"}','{\"msg\":\"操作成功\",\"code\":200}',0,NULL,'2024-01-26 06:09:53',6),(51,'各年龄段需打疫苗信息',2,'com.autumn.project.vaccines.controller.AgeVaccinesInfoController.edit()','PUT',1,'admin','研发部门','/vaccines/ageVaccinesInfo','127.0.0.1','内网IP','{\"age\":\"0.0月 - 0.3月\",\"ageMax\":10,\"ageMin\":1,\"createBy\":\"admin\",\"createTime\":\"2024-01-26 13:51:48\",\"ext1\":[\"yg1\"],\"id\":11,\"params\":{},\"state\":\"0\",\"updateBy\":\"admin\",\"updateTime\":\"2024-01-26 14:17:27\",\"vaccinesCodes\":\"[\\\"yg1\\\"]\"}','{\"msg\":\"操作成功\",\"code\":200}',0,NULL,'2024-01-26 06:17:27',4),(52,'各年龄段需打疫苗信息',2,'com.autumn.project.vaccines.controller.AgeVaccinesInfoController.edit()','PUT',1,'admin','研发部门','/vaccines/ageVaccinesInfo','127.0.0.1','内网IP','{\"age\":\"0.0月 - 0.3月\",\"ageMax\":10,\"ageMin\":1,\"createBy\":\"admin\",\"createTime\":\"2024-01-26 13:51:48\",\"ext1\":[\"yg1\"],\"id\":11,\"params\":{},\"state\":\"0\",\"updateBy\":\"admin\",\"updateTime\":\"2024-01-26 14:17:32\",\"vaccinesCodes\":\"[\\\"yg1\\\"]\"}','{\"msg\":\"操作成功\",\"code\":200}',0,NULL,'2024-01-26 06:17:32',5),(53,'各年龄段需打疫苗信息',2,'com.autumn.project.vaccines.controller.AgeVaccinesInfoController.edit()','PUT',1,'admin','研发部门','/vaccines/ageVaccinesInfo','127.0.0.1','内网IP','{\"age\":\"0.0月 - 0.3月\",\"ageMax\":10,\"ageMin\":1,\"createBy\":\"admin\",\"createTime\":\"2024-01-26 13:51:48\",\"ext1\":[\"yg1\"],\"id\":11,\"params\":{},\"state\":\"0\",\"updateBy\":\"admin\",\"updateTime\":\"2024-01-29 18:48:14\",\"vaccinesCodes\":\"[\\\"yg1\\\"]\"}','{\"msg\":\"操作成功\",\"code\":200}',0,NULL,'2024-01-29 10:48:14',38),(54,'用户填报信息',3,'com.autumn.project.vaccines.controller.UserFillInfoController.remove()','DELETE',1,'admin','研发部门','/vaccines/userFillInfo/52','127.0.0.1','内网IP','{}','{\"msg\":\"操作成功\",\"code\":200}',0,NULL,'2024-01-30 02:23:34',22),(55,'用户填报信息',1,'com.autumn.project.vaccines.controller.UserFillInfoController.add()','POST',1,'user9',NULL,'/vaccines/userFillInfo','127.0.0.1','内网IP','{\"address\":\"1\",\"childrenAllergy\":\"1\",\"childrenBirthday\":\"2024-01-24\",\"childrenName\":\"1\",\"childrenSex\":\"0\",\"createBy\":\"user9\",\"createTime\":\"2024-01-30 10:25:35\",\"ext1\":\"孩子存在过敏，请工作人员选择\",\"ext2\":\"1\",\"ext3\":\"null\",\"ext4\":\"408766067@qq.com\",\"ext5\":\"0\",\"id\":53,\"params\":{},\"roleFlag\":\"2\",\"state\":\"2\",\"today\":\"2024-01-30\",\"userId\":4,\"userName\":\"1\",\"userPhone\":\"16638808906\",\"userSex\":\"0\"}','{\"msg\":\"操作成功\",\"code\":200}',0,NULL,'2024-01-30 02:25:35',23),(56,'用户填报信息',2,'com.autumn.project.vaccines.controller.UserFillInfoController.edit()','PUT',1,'admin','研发部门','/vaccines/userFillInfo','127.0.0.1','内网IP','{\"address\":\"1\",\"childrenAllergy\":\"1\",\"childrenBirthday\":\"2024-01-24\",\"childrenName\":\"1\",\"childrenSex\":\"0\",\"createBy\":\"user9\",\"createTime\":\"2024-01-30 10:25:36\",\"ext1\":\"乙肝疫苗（第一剂）-注射 或 乙肝疫苗（第二剂）-注射\",\"ext2\":\"0\",\"ext3\":\"[\\\"yg1\\\",\\\"yg2\\\"]\",\"ext4\":\"408766067@qq.com\",\"ext5\":\"0\",\"id\":53,\"params\":{},\"roleFlag\":\"4\",\"scoreIsNull\":true,\"state\":\"4\",\"takeCare\":\"<p>1</p>\",\"today\":\"2024-01-30\",\"userId\":4,\"userName\":\"1\",\"userPhone\":\"16638808906\",\"userSex\":\"0\"}','{\"msg\":\"操作成功\",\"code\":200}',0,NULL,'2024-01-30 02:29:38',11),(57,'用户填报信息',2,'com.autumn.project.vaccines.controller.UserFillInfoController.edit()','PUT',1,'user9',NULL,'/vaccines/userFillInfo','127.0.0.1','内网IP','{\"address\":\"1\",\"childrenAllergy\":\"1\",\"childrenBirthday\":\"2024-01-24\",\"childrenName\":\"1\",\"childrenSex\":\"0\",\"createBy\":\"user9\",\"createTime\":\"2024-01-30 10:25:36\",\"ext1\":\"乙肝疫苗（第一剂）-注射 或 乙肝疫苗（第二剂）-注射\",\"ext2\":\"0\",\"ext3\":\"\\\"[\\\\\\\"yg1\\\\\\\",\\\\\\\"yg2\\\\\\\"]\\\"\",\"ext4\":\"408766067@qq.com\",\"ext5\":\"0\",\"id\":53,\"opinions\":\"<p>1</p>\",\"params\":{},\"roleFlag\":\"5\",\"score\":\"4\",\"scoreIsNull\":true,\"state\":\"5\",\"takeCare\":\"<p>1</p>\",\"today\":\"2024-01-30\",\"userId\":4,\"userName\":\"1\",\"userPhone\":\"16638808906\",\"userSex\":\"0\"}','{\"msg\":\"操作成功\",\"code\":200}',0,NULL,'2024-01-30 02:30:23',6),(58,'用户填报信息',1,'com.autumn.project.vaccines.controller.UserFillInfoController.add()','POST',1,'user9',NULL,'/vaccines/userFillInfo','127.0.0.1','内网IP','{\"address\":\"2\",\"childrenAllergy\":\"2\",\"childrenBirthday\":\"2024-01-24\",\"childrenName\":\"2\",\"childrenSex\":\"0\",\"createBy\":\"user9\",\"createTime\":\"2024-01-30 10:33:11\",\"ext1\":\"孩子存在过敏，请工作人员选择\",\"ext2\":\"1\",\"ext4\":\"408766067@qq.com\",\"ext5\":\"0\",\"id\":54,\"params\":{},\"roleFlag\":\"2\",\"state\":\"2\",\"today\":\"2024-01-30\",\"userId\":4,\"userName\":\"2\",\"userPhone\":\"16638808906\",\"userSex\":\"0\"}','{\"msg\":\"操作成功\",\"code\":200}',0,NULL,'2024-01-30 02:33:11',6),(59,'用户填报信息',2,'com.autumn.project.vaccines.controller.UserFillInfoController.edit()','PUT',1,'admin','研发部门','/vaccines/userFillInfo','127.0.0.1','内网IP','{\"address\":\"2\",\"childrenAllergy\":\"2\",\"childrenBirthday\":\"2024-01-24\",\"childrenName\":\"2\",\"childrenSex\":\"0\",\"createBy\":\"user9\",\"createTime\":\"2024-01-30 10:33:12\",\"ext1\":\"乙肝疫苗（第一剂）-注射\",\"ext2\":\"0\",\"ext4\":\"408766067@qq.com\",\"ext5\":\"0\",\"id\":54,\"params\":{},\"roleFlag\":\"4\",\"scoreIsNull\":true,\"state\":\"4\",\"takeCare\":\"<p>2</p>\",\"today\":\"2024-01-30\",\"userId\":4,\"userName\":\"2\",\"userPhone\":\"16638808906\",\"userSex\":\"0\"}','{\"msg\":\"操作成功\",\"code\":200}',0,NULL,'2024-01-30 02:33:29',9),(60,'用户填报信息',1,'com.autumn.project.vaccines.controller.UserFillInfoController.add()','POST',1,'user9',NULL,'/vaccines/userFillInfo','127.0.0.1','内网IP','{\"address\":\"3\",\"childrenAllergy\":\"3\",\"childrenBirthday\":\"2024-01-17\",\"childrenName\":\"3\",\"childrenSex\":\"0\",\"createBy\":\"user9\",\"createTime\":\"2024-01-30 10:37:02\",\"ext1\":\"孩子存在过敏，请工作人员选择\",\"ext2\":\"1\",\"ext4\":\"408766067@qq.com\",\"ext5\":\"0\",\"id\":55,\"params\":{},\"roleFlag\":\"2\",\"state\":\"2\",\"today\":\"2024-01-30\",\"userId\":4,\"userName\":\"3\",\"userPhone\":\"16638808906\",\"userSex\":\"0\"}','{\"msg\":\"操作成功\",\"code\":200}',0,NULL,'2024-01-30 02:37:02',6),(61,'用户填报信息',2,'com.autumn.project.vaccines.controller.UserFillInfoController.edit()','PUT',1,'admin','研发部门','/vaccines/userFillInfo','127.0.0.1','内网IP','{\"address\":\"3\",\"childrenAllergy\":\"3\",\"childrenBirthday\":\"2024-01-17\",\"childrenName\":\"3\",\"childrenSex\":\"0\",\"createBy\":\"user9\",\"createTime\":\"2024-01-30 10:37:02\",\"ext1\":\"乙肝疫苗（第一剂）-注射 或 乙肝疫苗（第二剂）-注射\",\"ext2\":\"0\",\"ext3\":\"[yg1, yg2]\",\"ext4\":\"408766067@qq.com\",\"ext5\":\"0\",\"id\":55,\"params\":{},\"roleFlag\":\"4\",\"scoreIsNull\":true,\"state\":\"4\",\"today\":\"2024-01-30\",\"userId\":4,\"userName\":\"3\",\"userPhone\":\"16638808906\",\"userSex\":\"0\"}','{\"msg\":\"操作成功\",\"code\":200}',0,NULL,'2024-01-30 02:37:16',11),(62,'用户填报信息',2,'com.autumn.project.vaccines.controller.UserFillInfoController.edit()','PUT',1,'user9',NULL,'/vaccines/userFillInfo','127.0.0.1','内网IP','{\"address\":\"3\",\"childrenAllergy\":\"3\",\"childrenBirthday\":\"2024-01-17\",\"childrenName\":\"3\",\"childrenSex\":\"0\",\"createBy\":\"user9\",\"createTime\":\"2024-01-30 10:37:02\",\"ext1\":\"乙肝疫苗（第一剂）-注射 或 乙肝疫苗（第二剂）-注射\",\"ext2\":\"0\",\"ext3\":\"\\\"[yg1, yg2]\\\"\",\"ext4\":\"408766067@qq.com\",\"ext5\":\"0\",\"id\":55,\"opinions\":\"<p>2</p>\",\"params\":{},\"roleFlag\":\"5\",\"score\":\"5\",\"scoreIsNull\":true,\"state\":\"5\",\"today\":\"2024-01-30\",\"userId\":4,\"userName\":\"3\",\"userPhone\":\"16638808906\",\"userSex\":\"0\"}',NULL,1,'offset 12, character \Z, line 1, column 13, fastjson-version 2.0.43 \"[yg1, yg2]\"','2024-01-30 02:38:05',3),(63,'用户填报信息',2,'com.autumn.project.vaccines.controller.UserFillInfoController.edit()','PUT',1,'user9',NULL,'/vaccines/userFillInfo','127.0.0.1','内网IP','{\"address\":\"3\",\"childrenAllergy\":\"3\",\"childrenBirthday\":\"2024-01-17\",\"childrenName\":\"3\",\"childrenSex\":\"0\",\"createBy\":\"user9\",\"createTime\":\"2024-01-30 10:37:02\",\"ext1\":\"乙肝疫苗（第一剂）-注射 或 乙肝疫苗（第二剂）-注射\",\"ext2\":\"0\",\"ext3\":\"\\\"[yg1, yg2]\\\"\",\"ext4\":\"408766067@qq.com\",\"ext5\":\"0\",\"id\":55,\"opinions\":\"<p>2</p>\",\"params\":{},\"roleFlag\":\"5\",\"score\":\"5\",\"scoreIsNull\":true,\"state\":\"5\",\"today\":\"2024-01-30\",\"userId\":4,\"userName\":\"3\",\"userPhone\":\"16638808906\",\"userSex\":\"0\"}',NULL,1,'offset 12, character \Z, line 1, column 13, fastjson-version 2.0.43 \"[yg1, yg2]\"','2024-01-30 02:38:10',1),(64,'用户填报信息',2,'com.autumn.project.vaccines.controller.UserFillInfoController.edit()','PUT',1,'user9',NULL,'/vaccines/userFillInfo','127.0.0.1','内网IP','{\"address\":\"3\",\"childrenAllergy\":\"3\",\"childrenBirthday\":\"2024-01-17\",\"childrenName\":\"3\",\"childrenSex\":\"0\",\"createBy\":\"user9\",\"createTime\":\"2024-01-30 10:37:02\",\"ext1\":\"乙肝疫苗（第一剂）-注射 或 乙肝疫苗（第二剂）-注射\",\"ext2\":\"0\",\"ext3\":\"\\\"[yg1, yg2]\\\"\",\"ext4\":\"408766067@qq.com\",\"ext5\":\"0\",\"id\":55,\"opinions\":\"<p>2</p>\",\"params\":{},\"roleFlag\":\"5\",\"score\":\"5\",\"scoreIsNull\":true,\"state\":\"5\",\"today\":\"2024-01-30\",\"userId\":4,\"userName\":\"3\",\"userPhone\":\"16638808906\",\"userSex\":\"0\"}',NULL,1,'offset 12, character \Z, line 1, column 13, fastjson-version 2.0.43 \"[yg1, yg2]\"','2024-01-30 02:38:59',20828),(65,'用户填报信息',2,'com.autumn.project.vaccines.controller.UserFillInfoController.edit()','PUT',1,'user9',NULL,'/vaccines/userFillInfo','127.0.0.1','内网IP','{\"address\":\"3\",\"childrenAllergy\":\"3\",\"childrenBirthday\":\"2024-01-17\",\"childrenName\":\"3\",\"childrenSex\":\"0\",\"createBy\":\"user9\",\"createTime\":\"2024-01-30 10:37:02\",\"ext1\":\"乙肝疫苗（第一剂）-注射 或 乙肝疫苗（第二剂）-注射\",\"ext2\":\"0\",\"ext3\":\"\\\"\\\\\\\"[yg1, yg2]\\\\\\\"\\\"\",\"ext4\":\"408766067@qq.com\",\"ext5\":\"0\",\"id\":55,\"opinions\":\"<p>2</p>\",\"params\":{},\"roleFlag\":\"5\",\"score\":\"4\",\"scoreIsNull\":true,\"state\":\"5\",\"today\":\"2024-01-30\",\"userId\":4,\"userName\":\"3\",\"userPhone\":\"16638808906\",\"userSex\":\"0\"}','{\"msg\":\"操作成功\",\"code\":200}',0,NULL,'2024-01-30 02:39:40',4),(66,'用户填报信息',1,'com.autumn.project.vaccines.controller.UserFillInfoController.add()','POST',1,'user9',NULL,'/vaccines/userFillInfo','127.0.0.1','内网IP','{\"address\":\"1\",\"childrenAllergy\":\"1\",\"childrenBirthday\":\"2024-01-23\",\"childrenName\":\"1\",\"childrenSex\":\"0\",\"createBy\":\"user9\",\"createTime\":\"2024-01-30 10:41:21\",\"ext1\":\"孩子存在过敏，请工作人员选择\",\"ext2\":\"1\",\"ext4\":\"408766067@qq.com\",\"ext5\":\"0\",\"id\":56,\"params\":{},\"roleFlag\":\"2\",\"state\":\"2\",\"today\":\"2024-01-30\",\"userId\":4,\"userName\":\"1\",\"userPhone\":\"16638808906\",\"userSex\":\"0\"}','{\"msg\":\"操作成功\",\"code\":200}',0,NULL,'2024-01-30 02:41:21',6),(67,'用户填报信息',2,'com.autumn.project.vaccines.controller.UserFillInfoController.edit()','PUT',1,'admin','研发部门','/vaccines/userFillInfo','127.0.0.1','内网IP','{\"address\":\"1\",\"childrenAllergy\":\"1\",\"childrenBirthday\":\"2024-01-23\",\"childrenName\":\"1\",\"childrenSex\":\"0\",\"createBy\":\"user9\",\"createTime\":\"2024-01-30 10:41:21\",\"ext1\":\"乙肝疫苗（第一剂）-注射 或 乙肝疫苗（第二剂）-注射\",\"ext2\":\"0\",\"ext3\":\"[\\\"yg1\\\",\\\"yg2\\\"]\",\"ext4\":\"408766067@qq.com\",\"ext5\":\"0\",\"id\":56,\"params\":{},\"roleFlag\":\"4\",\"scoreIsNull\":true,\"state\":\"4\",\"takeCare\":\"<p>1</p>\",\"today\":\"2024-01-30\",\"userId\":4,\"userName\":\"1\",\"userPhone\":\"16638808906\",\"userSex\":\"0\"}','{\"msg\":\"操作成功\",\"code\":200}',0,NULL,'2024-01-30 02:42:52',8),(68,'用户填报信息',1,'com.autumn.project.vaccines.controller.UserFillInfoController.add()','POST',1,'user1',NULL,'/vaccines/userFillInfo','127.0.0.1','内网IP','{\"address\":\"2\",\"childrenAllergy\":\"2\",\"childrenBirthday\":\"2024-01-17\",\"childrenName\":\"2\",\"childrenSex\":\"0\",\"createBy\":\"user1\",\"createTime\":\"2024-01-30 10:53:16\",\"ext1\":\"孩子存在过敏，请工作人员选择\",\"ext2\":\"1\",\"ext4\":\"1060590974@qq.com\",\"ext5\":\"0\",\"id\":57,\"params\":{},\"roleFlag\":\"2\",\"state\":\"2\",\"today\":\"2024-01-30\",\"userId\":5,\"userName\":\"2\",\"userPhone\":\"16638808906\",\"userSex\":\"0\"}','{\"msg\":\"操作成功\",\"code\":200}',0,NULL,'2024-01-30 02:53:16',4),(69,'用户填报信息',2,'com.autumn.project.vaccines.controller.UserFillInfoController.edit()','PUT',1,'admin','研发部门','/vaccines/userFillInfo','127.0.0.1','内网IP','{\"address\":\"2\",\"childrenAllergy\":\"2\",\"childrenBirthday\":\"2024-01-17\",\"childrenName\":\"2\",\"childrenSex\":\"0\",\"createBy\":\"user1\",\"createTime\":\"2024-01-30 10:53:17\",\"ext1\":\"乙肝疫苗（第一剂）-注射 或 乙肝疫苗（第二剂）-注射\",\"ext2\":\"0\",\"ext3\":\"[\\\"yg1\\\",\\\"yg2\\\"]\",\"ext4\":\"1060590974@qq.com\",\"ext5\":\"0\",\"id\":57,\"params\":{},\"roleFlag\":\"4\",\"scoreIsNull\":true,\"state\":\"4\",\"takeCare\":\"<p>2</p>\",\"today\":\"2024-01-30\",\"userId\":5,\"userName\":\"2\",\"userPhone\":\"16638808906\",\"userSex\":\"0\"}','{\"msg\":\"操作成功\",\"code\":200}',0,NULL,'2024-01-30 02:53:32',8),(70,'用户填报信息',2,'com.autumn.project.vaccines.controller.UserFillInfoController.edit()','PUT',1,'user1',NULL,'/vaccines/userFillInfo','127.0.0.1','内网IP','{\"address\":\"2\",\"childrenAllergy\":\"2\",\"childrenBirthday\":\"2024-01-17\",\"childrenName\":\"2\",\"childrenSex\":\"0\",\"createBy\":\"user1\",\"createTime\":\"2024-01-30 10:53:17\",\"ext1\":\"乙肝疫苗（第一剂）-注射 或 乙肝疫苗（第二剂）-注射\",\"ext2\":\"0\",\"ext3\":\"\\\"[\\\\\\\"yg1\\\\\\\",\\\\\\\"yg2\\\\\\\"]\\\"\",\"ext4\":\"1060590974@qq.com\",\"ext5\":\"0\",\"id\":57,\"opinions\":\"<p>2</p>\",\"params\":{},\"roleFlag\":\"5\",\"score\":\"5\",\"scoreIsNull\":true,\"state\":\"5\",\"takeCare\":\"<p>2</p>\",\"today\":\"2024-01-30\",\"userId\":5,\"userName\":\"2\",\"userPhone\":\"16638808906\",\"userSex\":\"0\"}','{\"msg\":\"操作成功\",\"code\":200}',0,NULL,'2024-01-30 02:53:58',8),(71,'用户填报信息',2,'com.autumn.project.vaccines.controller.UserFillInfoController.edit()','PUT',1,'user1',NULL,'/vaccines/userFillInfo','127.0.0.1','内网IP','{\"address\":\"2\",\"childrenAllergy\":\"2\",\"childrenBirthday\":\"2024-01-17\",\"childrenName\":\"2\",\"childrenSex\":\"0\",\"createBy\":\"user1\",\"createTime\":\"2024-01-30 10:53:17\",\"ext1\":\"乙肝疫苗（第一剂）-注射 或 乙肝疫苗（第二剂）-注射\",\"ext2\":\"0\",\"ext3\":\"\\\"[\\\\\\\"yg1\\\\\\\",\\\\\\\"yg2\\\\\\\"]\\\"\",\"ext4\":\"1060590974@qq.com\",\"ext5\":\"0\",\"id\":57,\"opinions\":\"<p>2</p>\",\"params\":{},\"roleFlag\":\"5\",\"score\":\"5\",\"scoreIsNull\":false,\"state\":\"5\",\"takeCare\":\"<p>2</p>\",\"today\":\"2024-01-30\",\"userId\":5,\"userName\":\"2\",\"userPhone\":\"16638808906\",\"userSex\":\"0\"}','{\"msg\":\"操作成功\",\"code\":200}',0,NULL,'2024-01-30 02:54:48',4),(72,'用户填报信息',1,'com.autumn.project.vaccines.controller.UserFillInfoController.add()','POST',1,'user1',NULL,'/vaccines/userFillInfo','127.0.0.1','内网IP','{\"address\":\"1\",\"childrenAllergy\":\"1\",\"childrenBirthday\":\"2024-01-25\",\"childrenName\":\"1\",\"childrenSex\":\"0\",\"createBy\":\"user1\",\"createTime\":\"2024-01-30 11:01:06\",\"ext1\":\"孩子存在过敏，请工作人员选择\",\"ext2\":\"1\",\"ext4\":\"1060590974@qq.com\",\"ext5\":\"0\",\"id\":58,\"params\":{},\"roleFlag\":\"2\",\"state\":\"2\",\"today\":\"2024-01-30\",\"userId\":5,\"userName\":\"1\",\"userPhone\":\"16638808906\",\"userSex\":\"0\"}','{\"msg\":\"操作成功\",\"code\":200}',0,NULL,'2024-01-30 03:01:06',5),(73,'用户填报信息',2,'com.autumn.project.vaccines.controller.UserFillInfoController.edit()','PUT',1,'admin','研发部门','/vaccines/userFillInfo','127.0.0.1','内网IP','{\"address\":\"1\",\"childrenAllergy\":\"1\",\"childrenBirthday\":\"2024-01-25\",\"childrenName\":\"1\",\"childrenSex\":\"0\",\"createBy\":\"user1\",\"createTime\":\"2024-01-30 11:01:07\",\"ext1\":\"乙肝疫苗（第一剂）-注射 或 乙肝疫苗（第二剂）-注射\",\"ext2\":\"0\",\"ext3\":\"[\\\"yg1\\\",\\\"yg2\\\"]\",\"ext4\":\"1060590974@qq.com\",\"ext5\":\"0\",\"id\":58,\"params\":{},\"roleFlag\":\"4\",\"scoreIsNull\":true,\"state\":\"4\",\"takeCare\":\"<p>1</p>\",\"today\":\"2024-01-30\",\"userId\":5,\"userName\":\"1\",\"userPhone\":\"16638808906\",\"userSex\":\"0\"}','{\"msg\":\"操作成功\",\"code\":200}',0,NULL,'2024-01-30 03:02:13',9),(74,'用户填报信息',2,'com.autumn.project.vaccines.controller.UserFillInfoController.edit()','PUT',1,'user1',NULL,'/vaccines/userFillInfo','127.0.0.1','内网IP','{\"address\":\"1\",\"childrenAllergy\":\"1\",\"childrenBirthday\":\"2024-01-25\",\"childrenName\":\"1\",\"childrenSex\":\"0\",\"createBy\":\"user1\",\"createTime\":\"2024-01-30 11:01:07\",\"ext1\":\"乙肝疫苗（第一剂）-注射 或 乙肝疫苗（第二剂）-注射\",\"ext2\":\"0\",\"ext3\":\"[\\\"yg1\\\",\\\"yg2\\\"]\",\"ext4\":\"1060590974@qq.com\",\"ext5\":\"0\",\"id\":58,\"opinions\":\"<p>1</p>\",\"params\":{},\"roleFlag\":\"5\",\"score\":\"4\",\"scoreIsNull\":true,\"state\":\"5\",\"takeCare\":\"<p>1</p>\",\"today\":\"2024-01-30\",\"userId\":5,\"userName\":\"1\",\"userPhone\":\"16638808906\",\"userSex\":\"0\"}','{\"msg\":\"操作成功\",\"code\":200}',0,NULL,'2024-01-30 03:07:36',25267),(75,'用户填报信息',1,'com.autumn.project.vaccines.controller.UserFillInfoController.add()','POST',1,'user1',NULL,'/vaccines/userFillInfo','127.0.0.1','内网IP','{\"address\":\"2\",\"childrenBirthday\":\"2024-01-17\",\"childrenName\":\"2\",\"childrenSex\":\"0\",\"createBy\":\"user1\",\"createTime\":\"2024-01-30 11:09:53\",\"ext1\":\"乙肝疫苗（第二剂）-注射\",\"ext2\":\"0\",\"ext4\":\"1060590974@qq.com\",\"ext5\":\"0\",\"id\":59,\"params\":{},\"roleFlag\":\"2\",\"state\":\"3\",\"today\":\"2024-01-30\",\"userId\":5,\"userName\":\"2\",\"userPhone\":\"16638808906\",\"userSex\":\"0\"}','{\"msg\":\"操作成功\",\"code\":200}',0,NULL,'2024-01-30 03:09:53',11),(76,'用户填报信息',2,'com.autumn.project.vaccines.controller.UserFillInfoController.edit()','PUT',1,'admin','研发部门','/vaccines/userFillInfo','127.0.0.1','内网IP','{\"address\":\"2\",\"childrenBirthday\":\"2024-01-17\",\"childrenName\":\"2\",\"childrenSex\":\"0\",\"createBy\":\"user1\",\"createTime\":\"2024-01-30 11:09:53\",\"ext1\":\"乙肝疫苗（第二剂）-注射\",\"ext2\":\"0\",\"ext3\":\"null\",\"ext4\":\"1060590974@qq.com\",\"ext5\":\"0\",\"id\":59,\"params\":{},\"roleFlag\":\"4\",\"scoreIsNull\":true,\"state\":\"4\",\"today\":\"2024-01-30\",\"userId\":5,\"userName\":\"2\",\"userPhone\":\"16638808906\",\"userSex\":\"0\"}','{\"msg\":\"操作成功\",\"code\":200}',0,NULL,'2024-01-30 03:10:21',7974),(77,'用户填报信息',1,'com.autumn.project.vaccines.controller.UserFillInfoController.add()','POST',1,'user1',NULL,'/vaccines/userFillInfo','127.0.0.1','内网IP','{\"address\":\"3\",\"childrenAllergy\":\"3\",\"childrenBirthday\":\"2024-01-24\",\"childrenName\":\"3\",\"childrenSex\":\"0\",\"createBy\":\"user1\",\"createTime\":\"2024-01-30 11:35:39\",\"ext1\":\"孩子存在过敏，请工作人员选择\",\"ext2\":\"1\",\"ext4\":\"1060590974@qq.com\",\"ext5\":\"0\",\"id\":60,\"params\":{},\"roleFlag\":\"2\",\"state\":\"2\",\"today\":\"2024-01-30\",\"userId\":5,\"userName\":\"3\",\"userPhone\":\"16638808906\",\"userSex\":\"0\"}','{\"msg\":\"操作成功\",\"code\":200}',0,NULL,'2024-01-30 03:35:39',33),(78,'用户填报信息',2,'com.autumn.project.vaccines.controller.UserFillInfoController.edit()','PUT',1,'admin','研发部门','/vaccines/userFillInfo','127.0.0.1','内网IP','{\"address\":\"3\",\"childrenAllergy\":\"3\",\"childrenBirthday\":\"2024-01-24\",\"childrenName\":\"3\",\"childrenSex\":\"0\",\"createBy\":\"user1\",\"createTime\":\"2024-01-30 11:35:40\",\"ext1\":\"乙肝疫苗（第一剂）-注射 或 乙肝疫苗（第二剂）-注射\",\"ext2\":\"0\",\"ext3\":\"[\\\"yg1\\\",\\\"yg2\\\"]\",\"ext4\":\"1060590974@qq.com\",\"ext5\":\"0\",\"id\":60,\"params\":{},\"roleFlag\":\"4\",\"scoreIsNull\":true,\"state\":\"4\",\"takeCare\":\"<p>1</p>\",\"today\":\"2024-01-30\",\"userId\":5,\"userName\":\"3\",\"userPhone\":\"16638808906\",\"userSex\":\"0\"}','{\"msg\":\"操作成功\",\"code\":200}',0,NULL,'2024-01-30 03:35:56',21),(79,'菜单管理',2,'com.autumn.project.system.controller.SysMenuController.edit()','PUT',1,'admin','研发部门','/system/menu','127.0.0.1','内网IP','{\"children\":[],\"component\":\"vaccines/userFillInfo/index\",\"createTime\":\"2024-01-23 07:06:53\",\"icon\":\"list\",\"isCache\":\"0\",\"isFrame\":\"1\",\"menuId\":1074,\"menuName\":\"申请疫苗接种\",\"menuType\":\"C\",\"orderNum\":1,\"params\":{},\"parentId\":1061,\"path\":\"userFillInfo\",\"perms\":\"vaccines:userFillInfo:list\",\"status\":\"0\",\"updateBy\":\"admin\",\"visible\":\"0\"}','{\"msg\":\"操作成功\",\"code\":200}',0,NULL,'2024-02-29 05:00:50',23),(80,'菜单管理',2,'com.autumn.project.system.controller.SysMenuController.edit()','PUT',1,'admin','研发部门','/system/menu','127.0.0.1','内网IP','{\"children\":[],\"component\":\"vaccines/vaccinationMethodInfo/index\",\"createTime\":\"2024-01-23 06:28:32\",\"icon\":\"list\",\"isCache\":\"0\",\"isFrame\":\"1\",\"menuId\":1062,\"menuName\":\"接种方法\",\"menuType\":\"C\",\"orderNum\":1,\"params\":{},\"parentId\":1061,\"path\":\"vaccinationMethodInfo\",\"perms\":\"vaccines:vaccinationMethodInfo:list\",\"status\":\"0\",\"updateBy\":\"admin\",\"visible\":\"0\"}','{\"msg\":\"操作成功\",\"code\":200}',0,NULL,'2024-02-29 05:02:26',10),(81,'菜单管理',2,'com.autumn.project.system.controller.SysMenuController.edit()','PUT',1,'admin','研发部门','/system/menu','127.0.0.1','内网IP','{\"children\":[],\"component\":\"vaccines/userFillInfo/index\",\"createTime\":\"2024-01-23 07:06:53\",\"icon\":\"list\",\"isCache\":\"0\",\"isFrame\":\"1\",\"menuId\":1074,\"menuName\":\"申请疫苗\",\"menuType\":\"C\",\"orderNum\":1,\"params\":{},\"parentId\":1061,\"path\":\"userFillInfo\",\"perms\":\"vaccines:userFillInfo:list\",\"status\":\"0\",\"updateBy\":\"admin\",\"visible\":\"0\"}','{\"msg\":\"操作成功\",\"code\":200}',0,NULL,'2024-02-29 05:02:34',9),(82,'菜单管理',2,'com.autumn.project.system.controller.SysMenuController.edit()','PUT',1,'admin','研发部门','/system/menu','127.0.0.1','内网IP','{\"children\":[],\"component\":\"vaccines/userFillInfo/index\",\"createTime\":\"2024-01-23 07:06:53\",\"icon\":\"list\",\"isCache\":\"0\",\"isFrame\":\"1\",\"menuId\":1074,\"menuName\":\"申请疫苗接种\",\"menuType\":\"C\",\"orderNum\":1,\"params\":{},\"parentId\":1061,\"path\":\"userFillInfo\",\"perms\":\"vaccines:userFillInfo:list\",\"status\":\"0\",\"updateBy\":\"admin\",\"visible\":\"0\"}','{\"msg\":\"操作成功\",\"code\":200}',0,NULL,'2024-02-29 05:02:50',9),(83,'菜单管理',2,'com.autumn.project.system.controller.SysMenuController.edit()','PUT',1,'admin','研发部门','/system/menu','127.0.0.1','内网IP','{\"children\":[],\"component\":\"vaccines/vaccinesInfo/index\",\"createTime\":\"2024-01-23 06:49:42\",\"icon\":\"list\",\"isCache\":\"0\",\"isFrame\":\"1\",\"menuId\":1068,\"menuName\":\"疫苗信息\",\"menuType\":\"C\",\"orderNum\":2,\"params\":{},\"parentId\":1061,\"path\":\"vaccinesInfo\",\"perms\":\"vaccines:vaccinesInfo:list\",\"status\":\"0\",\"updateBy\":\"admin\",\"visible\":\"0\"}','{\"msg\":\"操作成功\",\"code\":200}',0,NULL,'2024-02-29 05:03:14',8),(84,'菜单管理',2,'com.autumn.project.system.controller.SysMenuController.edit()','PUT',1,'admin','研发部门','/system/menu','127.0.0.1','内网IP','{\"children\":[],\"component\":\"vaccines/ageVaccinesInfo/index\",\"createTime\":\"2024-01-26 02:43:46\",\"icon\":\"cascader\",\"isCache\":\"0\",\"isFrame\":\"1\",\"menuId\":1080,\"menuName\":\"年龄段疫苗绑定\",\"menuType\":\"C\",\"orderNum\":3,\"params\":{},\"parentId\":1061,\"path\":\"ageVaccinesInfo\",\"perms\":\"vaccines:ageVaccinesInfo:list\",\"status\":\"0\",\"updateBy\":\"admin\",\"visible\":\"0\"}','{\"msg\":\"操作成功\",\"code\":200}',0,NULL,'2024-02-29 05:03:22',7),(85,'菜单管理',2,'com.autumn.project.system.controller.SysMenuController.edit()','PUT',1,'admin','研发部门','/system/menu','127.0.0.1','内网IP','{\"children\":[],\"component\":\"vaccines/userFillInfo/index\",\"createTime\":\"2024-01-23 07:06:53\",\"icon\":\"list\",\"isCache\":\"0\",\"isFrame\":\"1\",\"menuId\":1074,\"menuName\":\"申请疫苗接种\",\"menuType\":\"C\",\"orderNum\":0,\"params\":{},\"parentId\":1061,\"path\":\"userFillInfo\",\"perms\":\"vaccines:userFillInfo:list\",\"status\":\"0\",\"updateBy\":\"admin\",\"visible\":\"0\"}','{\"msg\":\"操作成功\",\"code\":200}',0,NULL,'2024-02-29 05:03:28',6),(86,'个人信息',2,'com.autumn.project.system.controller.SysProfileController.updateProfile()','PUT',1,'user1',NULL,'/system/user/profile','127.0.0.1','内网IP','{\"admin\":false,\"email\":\"1060590974@qq.com\",\"nickName\":\"111\",\"params\":{},\"phonenumber\":\"16638808906\",\"sex\":\"0\"}','{\"msg\":\"修改用户\'user1\'失败，手机号码已存在\",\"code\":500}',0,NULL,'2024-02-29 05:25:11',7),(87,'个人信息',2,'com.autumn.project.system.controller.SysProfileController.updateProfile()','PUT',1,'user1',NULL,'/system/user/profile','127.0.0.1','内网IP','{\"admin\":false,\"email\":\"1060590974@qq.com\",\"nickName\":\"111\",\"params\":{},\"phonenumber\":\"16638808906\",\"sex\":\"0\"}','{\"msg\":\"修改用户\'user1\'失败，手机号码已存在\",\"code\":500}',0,NULL,'2024-02-29 05:25:35',3),(88,'个人信息',2,'com.autumn.project.system.controller.SysProfileController.updateProfile()','PUT',1,'user1',NULL,'/system/user/profile','127.0.0.1','内网IP','{\"admin\":false,\"email\":\"1060590974@qq.com\",\"nickName\":\"111\",\"params\":{},\"phonenumber\":\"16638808906\",\"sex\":\"0\"}','{\"msg\":\"操作成功\",\"code\":200}',0,NULL,'2024-02-29 05:25:51',12),(89,'个人信息',2,'com.autumn.project.system.controller.SysProfileController.updateProfile()','PUT',1,'user2',NULL,'/system/user/profile','127.0.0.1','内网IP','{\"admin\":false,\"email\":\"1060590974@qq.com\",\"nickName\":\"李一一\",\"params\":{},\"phonenumber\":\"16638808906\",\"sex\":\"0\"}','{\"msg\":\"修改用户\'user2\'失败，手机号码已存在\",\"code\":500}',0,NULL,'2024-02-29 05:38:55',7),(90,'个人信息',2,'com.autumn.project.system.controller.SysProfileController.updateProfile()','PUT',1,'user2',NULL,'/system/user/profile','127.0.0.1','内网IP','{\"admin\":false,\"email\":\"1060590974@qq.com\",\"nickName\":\"李一一\",\"params\":{},\"phonenumber\":\"16638808905\",\"sex\":\"0\"}','{\"msg\":\"修改用户\'user2\'失败，邮箱账号已存在\",\"code\":500}',0,NULL,'2024-02-29 05:39:00',7),(91,'个人信息',2,'com.autumn.project.system.controller.SysProfileController.updateProfile()','PUT',1,'user2',NULL,'/system/user/profile','127.0.0.1','内网IP','{\"admin\":false,\"email\":\"1060590975@qq.com\",\"nickName\":\"李一一\",\"params\":{},\"phonenumber\":\"16638808905\",\"sex\":\"0\"}','{\"msg\":\"操作成功\",\"code\":200}',0,NULL,'2024-02-29 05:39:05',14),(92,'字典数据',2,'com.autumn.project.system.controller.SysDictDataController.edit()','PUT',1,'admin','研发部门','/system/dict/data','127.0.0.1','内网IP','{\"createBy\":\"admin\",\"createTime\":\"2024-01-23 07:34:23\",\"default\":false,\"dictCode\":33,\"dictLabel\":\"审核通过\",\"dictSort\":4,\"dictType\":\"user_fill_state\",\"dictValue\":\"4\",\"isDefault\":\"N\",\"listClass\":\"default\",\"params\":{},\"status\":\"0\",\"updateBy\":\"admin\"}','{\"msg\":\"操作成功\",\"code\":200}',0,NULL,'2024-02-29 05:56:53',11),(93,'字典数据',2,'com.autumn.project.system.controller.SysDictDataController.edit()','PUT',1,'admin','研发部门','/system/dict/data','127.0.0.1','内网IP','{\"createBy\":\"admin\",\"createTime\":\"2024-01-23 07:33:38\",\"default\":false,\"dictCode\":30,\"dictLabel\":\"草稿保存\",\"dictSort\":1,\"dictType\":\"user_fill_state\",\"dictValue\":\"1\",\"isDefault\":\"N\",\"listClass\":\"default\",\"params\":{},\"status\":\"0\",\"updateBy\":\"admin\"}','{\"msg\":\"操作成功\",\"code\":200}',0,NULL,'2024-02-29 05:57:01',7),(94,'字典数据',2,'com.autumn.project.system.controller.SysDictDataController.edit()','PUT',1,'admin','研发部门','/system/dict/data','127.0.0.1','内网IP','{\"createBy\":\"admin\",\"createTime\":\"2024-01-23 07:33:50\",\"default\":false,\"dictCode\":31,\"dictLabel\":\"推送完成\",\"dictSort\":2,\"dictType\":\"user_fill_state\",\"dictValue\":\"2\",\"isDefault\":\"N\",\"listClass\":\"default\",\"params\":{},\"status\":\"0\",\"updateBy\":\"admin\"}','{\"msg\":\"操作成功\",\"code\":200}',0,NULL,'2024-02-29 05:57:06',9),(95,'字典数据',2,'com.autumn.project.system.controller.SysDictDataController.edit()','PUT',1,'admin','研发部门','/system/dict/data','127.0.0.1','内网IP','{\"createBy\":\"admin\",\"createTime\":\"2024-01-23 07:33:50\",\"default\":false,\"dictCode\":31,\"dictLabel\":\"用户推送完成\",\"dictSort\":2,\"dictType\":\"user_fill_state\",\"dictValue\":\"2\",\"isDefault\":\"N\",\"listClass\":\"default\",\"params\":{},\"status\":\"0\",\"updateBy\":\"admin\"}','{\"msg\":\"操作成功\",\"code\":200}',0,NULL,'2024-02-29 05:57:27',10),(96,'用户填报信息',1,'com.autumn.project.vaccines.controller.UserFillInfoController.add()','POST',1,'zhangmeng',NULL,'/vaccines/userFillInfo','223.104.105.190','XX XX','{\"address\":\"郑州\",\"childrenAllergy\":\"无\",\"childrenBirthday\":\"2024-05-05\",\"childrenName\":\"张张张\",\"childrenSex\":\"0\",\"createBy\":\"zhangmeng\",\"createTime\":\"2024-02-29 14:13:49\",\"ext1\":\"孩子存在过敏，请工作人员选择\",\"ext2\":\"1\",\"ext4\":\"408766067@qq.com\",\"ext5\":\"0\",\"id\":61,\"params\":{},\"roleFlag\":\"2\",\"state\":\"2\",\"today\":\"2024-02-29\",\"userId\":11,\"userName\":\"张梦旋\",\"userPhone\":\"17638794719\",\"userSex\":\"1\"}','{\"msg\":\"操作成功\",\"code\":200}',0,NULL,'2024-02-29 06:13:50',43),(97,'个人信息',2,'com.autumn.project.system.controller.SysProfileController.updateProfile()','PUT',1,'zhangmeng',NULL,'/system/user/profile','127.0.0.1','内网IP','{\"admin\":false,\"email\":\"408766067@qq.com\",\"nickName\":\"张11\",\"params\":{},\"phonenumber\":\"17638794719\",\"sex\":\"0\"}','{\"msg\":\"操作成功\",\"code\":200}',0,NULL,'2024-02-29 06:20:34',11),(98,'个人信息',2,'com.autumn.project.system.controller.SysProfileController.updateProfile()','PUT',1,'zhangmeng',NULL,'/system/user/profile','127.0.0.1','内网IP','{\"admin\":false,\"email\":\"408766067@qq.com\",\"nickName\":\"张11\",\"params\":{},\"phonenumber\":\"17638794719\",\"sex\":\"1\"}','{\"msg\":\"操作成功\",\"code\":200}',0,NULL,'2024-02-29 06:20:47',13),(99,'个人信息',2,'com.autumn.project.system.controller.SysProfileController.updateProfile()','PUT',1,'user1',NULL,'/system/user/profile','127.0.0.1','内网IP','{\"admin\":false,\"email\":\"1060590974@qq.com\",\"nickName\":\"测试姓名\",\"params\":{},\"phonenumber\":\"16638808906\",\"sex\":\"0\"}','{\"msg\":\"操作成功\",\"code\":200}',0,NULL,'2024-02-29 06:23:57',11),(100,'用户填报信息',2,'com.autumn.project.vaccines.controller.UserFillInfoController.edit()','PUT',1,'user1',NULL,'/vaccines/userFillInfo','127.0.0.1','内网IP','{\"address\":\"3\",\"childrenAllergy\":\"3\",\"childrenBirthday\":\"2024-01-24\",\"childrenName\":\"3\",\"childrenSex\":\"0\",\"createBy\":\"user1\",\"createTime\":\"2024-01-30 11:35:40\",\"ext1\":\"乙肝疫苗（第一剂）-注射 或 乙肝疫苗（第二剂）-注射\",\"ext2\":\"0\",\"ext3\":\"[\\\"yg1\\\",\\\"yg2\\\"]\",\"ext4\":\"1060590974@qq.com\",\"ext5\":\"0\",\"id\":60,\"params\":{},\"roleFlag\":\"5\",\"score\":\"3\",\"scoreIsNull\":true,\"state\":\"5\",\"takeCare\":\"<p>1</p>\",\"today\":\"2024-01-30\",\"userId\":5,\"userName\":\"3\",\"userPhone\":\"16638808906\",\"userSex\":\"0\"}','{\"msg\":\"操作成功\",\"code\":200}',0,NULL,'2024-02-29 06:27:44',4),(101,'用户填报信息',2,'com.autumn.project.vaccines.controller.UserFillInfoController.edit()','PUT',1,'user1',NULL,'/vaccines/userFillInfo','127.0.0.1','内网IP','{\"address\":\"2\",\"childrenBirthday\":\"2024-01-17\",\"childrenName\":\"2\",\"childrenSex\":\"0\",\"createBy\":\"user1\",\"createTime\":\"2024-01-30 11:09:53\",\"ext1\":\"乙肝疫苗（第二剂）-注射\",\"ext2\":\"0\",\"ext3\":\"\\\"null\\\"\",\"ext4\":\"1060590974@qq.com\",\"ext5\":\"0\",\"id\":59,\"params\":{},\"roleFlag\":\"5\",\"scoreIsNull\":true,\"state\":\"5\",\"today\":\"2024-01-30\",\"userId\":5,\"userName\":\"2\",\"userPhone\":\"16638808906\",\"userSex\":\"0\"}','{\"msg\":\"操作成功\",\"code\":200}',0,NULL,'2024-02-29 06:27:49',4),(102,'用户填报信息',2,'com.autumn.project.vaccines.controller.UserFillInfoController.edit()','PUT',1,'user1',NULL,'/vaccines/userFillInfo','127.0.0.1','内网IP','{\"address\":\"2\",\"childrenBirthday\":\"2024-01-17\",\"childrenName\":\"2\",\"childrenSex\":\"0\",\"createBy\":\"user1\",\"createTime\":\"2024-01-30 11:09:53\",\"ext1\":\"乙肝疫苗（第二剂）-注射\",\"ext2\":\"0\",\"ext3\":\"\\\"\\\\\\\"null\\\\\\\"\\\"\",\"ext4\":\"1060590974@qq.com\",\"ext5\":\"0\",\"id\":59,\"params\":{},\"roleFlag\":\"5\",\"score\":\"5\",\"scoreIsNull\":true,\"state\":\"5\",\"today\":\"2024-01-30\",\"userId\":5,\"userName\":\"2\",\"userPhone\":\"16638808906\",\"userSex\":\"0\"}','{\"msg\":\"操作成功\",\"code\":200}',0,NULL,'2024-02-29 06:27:58',4),(103,'个人信息',2,'com.autumn.project.system.controller.SysProfileController.updateProfile()','PUT',1,'user1',NULL,'/system/user/profile','127.0.0.1','内网IP','{\"admin\":false,\"email\":\"1060590974@qq.com\",\"nickName\":\"测试姓名1\",\"params\":{},\"phonenumber\":\"16638808906\",\"sex\":\"0\"}','{\"msg\":\"操作成功\",\"code\":200}',0,NULL,'2024-02-29 06:29:39',12),(104,'个人信息',2,'com.autumn.project.system.controller.SysProfileController.updateProfile()','PUT',1,'user1',NULL,'/system/user/profile','127.0.0.1','内网IP','{\"admin\":false,\"email\":\"1060590974@qq.com\",\"nickName\":\"测试姓名\",\"params\":{},\"phonenumber\":\"16638808906\",\"sex\":\"0\"}','{\"msg\":\"操作成功\",\"code\":200}',0,NULL,'2024-02-29 06:29:54',10),(105,'用户填报信息',2,'com.autumn.project.vaccines.controller.UserFillInfoController.edit()','PUT',1,'admin','研发部门','/vaccines/userFillInfo','127.0.0.1','内网IP','{\"address\":\"郑州\",\"childrenAllergy\":\"无\",\"childrenBirthday\":\"2024-05-05\",\"childrenName\":\"张张张\",\"childrenSex\":\"0\",\"createBy\":\"zhangmeng\",\"createTime\":\"2024-02-29 14:13:50\",\"ext1\":\"乙肝疫苗（第一剂）-注射\",\"ext2\":\"0\",\"ext3\":\"[\\\"yg1\\\"]\",\"ext4\":\"408766067@qq.com\",\"ext5\":\"0\",\"id\":61,\"params\":{},\"roleFlag\":\"4\",\"scoreIsNull\":true,\"state\":\"4\",\"today\":\"2024-02-29\",\"userId\":11,\"userName\":\"张梦旋\",\"userPhone\":\"17638794719\",\"userSex\":\"1\"}','{\"msg\":\"操作成功\",\"code\":200}',0,NULL,'2024-02-29 06:35:59',9),(106,'个人信息',2,'com.autumn.project.system.controller.SysProfileController.updateProfile()','PUT',1,'zmx2',NULL,'/system/user/profile','223.104.105.190','XX XX','{\"admin\":false,\"email\":\"408766067@qq.com\",\"nickName\":\"张梦旋\",\"params\":{},\"phonenumber\":\"17638794718\",\"sex\":\"0\"}','{\"msg\":\"修改用户\'zmx2\'失败，邮箱账号已存在\",\"code\":500}',0,NULL,'2024-02-29 12:39:47',5),(107,'个人信息',2,'com.autumn.project.system.controller.SysProfileController.updateProfile()','PUT',1,'zmx2',NULL,'/system/user/profile','223.104.105.190','XX XX','{\"admin\":false,\"email\":\"408766067@qq.com\",\"nickName\":\"张梦旋\",\"params\":{},\"phonenumber\":\"17638794718\",\"sex\":\"0\"}','{\"msg\":\"修改用户\'zmx2\'失败，邮箱账号已存在\",\"code\":500}',0,NULL,'2024-02-29 12:39:59',5),(108,'个人信息',2,'com.autumn.project.system.controller.SysProfileController.updateProfile()','PUT',1,'zmx2',NULL,'/system/user/profile','223.104.105.190','XX XX','{\"admin\":false,\"email\":\"408766068@qq.com\",\"nickName\":\"张梦旋\",\"params\":{},\"phonenumber\":\"17638794718\",\"sex\":\"0\"}','{\"msg\":\"操作成功\",\"code\":200}',0,NULL,'2024-02-29 12:40:15',11),(109,'个人信息',2,'com.autumn.project.system.controller.SysProfileController.updateProfile()','PUT',1,'zmx2',NULL,'/system/user/profile','223.104.105.190','XX XX','{\"admin\":false,\"email\":\"408766068@qq.com\",\"nickName\":\"张梦旋\",\"params\":{},\"phonenumber\":\"17638794718\",\"sex\":\"0\"}','{\"msg\":\"操作成功\",\"code\":200}',0,NULL,'2024-02-29 12:40:23',11),(110,'个人信息',2,'com.autumn.project.system.controller.SysProfileController.updateProfile()','PUT',1,'zmx2',NULL,'/system/user/profile','223.104.105.190','XX XX','{\"admin\":false,\"email\":\"408766068@qq.com\",\"nickName\":\"张梦旋\",\"params\":{},\"phonenumber\":\"17638794718\",\"sex\":\"0\"}','{\"msg\":\"操作成功\",\"code\":200}',0,NULL,'2024-02-29 12:40:28',12),(111,'用户填报信息',1,'com.autumn.project.vaccines.controller.UserFillInfoController.add()','POST',1,'zmx2',NULL,'/vaccines/userFillInfo','223.104.105.190','XX XX','{\"address\":\"政治\",\"childrenBirthday\":\"2024-02-22\",\"childrenName\":\"传递\",\"childrenSex\":\"0\",\"createBy\":\"zmx2\",\"createTime\":\"2024-02-29 20:42:40\",\"ext4\":\"408766068@qq.com\",\"ext5\":\"0\",\"id\":62,\"params\":{},\"roleFlag\":\"1\",\"state\":\"1\",\"today\":\"2024-02-29\",\"userId\":12,\"userName\":\"张梦旋\",\"userPhone\":\"17638794718\",\"userSex\":\"0\"}','{\"msg\":\"操作成功\",\"code\":200}',0,NULL,'2024-02-29 12:42:41',4),(112,'用户填报信息',2,'com.autumn.project.vaccines.controller.UserFillInfoController.edit()','PUT',1,'zmx2',NULL,'/vaccines/userFillInfo','223.104.105.190','XX XX','{\"address\":\"政治\",\"childrenBirthday\":\"2024-02-22\",\"childrenName\":\"传递\",\"childrenSex\":\"0\",\"createBy\":\"zmx2\",\"createTime\":\"2024-02-29 20:42:41\",\"ext1\":\"乙肝疫苗（第一剂）-注射\",\"ext2\":\"0\",\"ext3\":\"null\",\"ext4\":\"408766068@qq.com\",\"ext5\":\"0\",\"id\":62,\"params\":{},\"roleFlag\":\"2\",\"scoreIsNull\":true,\"state\":\"3\",\"today\":\"2024-02-29\",\"userId\":12,\"userName\":\"张梦旋\",\"userPhone\":\"17638794718\",\"userSex\":\"0\"}','{\"msg\":\"操作成功\",\"code\":200}',0,NULL,'2024-02-29 12:43:23',10),(113,'用户填报信息',2,'com.autumn.project.vaccines.controller.UserFillInfoController.edit()','PUT',1,'admin','研发部门','/vaccines/userFillInfo','223.104.105.190','XX XX','{\"address\":\"政治\",\"childrenBirthday\":\"2024-02-22\",\"childrenName\":\"传递\",\"childrenSex\":\"0\",\"createBy\":\"zmx2\",\"createTime\":\"2024-02-29 20:42:41\",\"ext1\":\"乙肝疫苗（第一剂）-注射\",\"ext2\":\"0\",\"ext3\":\"\\\"null\\\"\",\"ext4\":\"408766068@qq.com\",\"ext5\":\"0\",\"id\":62,\"params\":{},\"roleFlag\":\"4\",\"scoreIsNull\":true,\"state\":\"4\",\"takeCare\":\"<p>早睡</p>\",\"today\":\"2024-02-29\",\"userId\":12,\"userName\":\"张梦旋\",\"userPhone\":\"17638794718\",\"userSex\":\"0\"}','{\"msg\":\"操作成功\",\"code\":200}',0,NULL,'2024-02-29 12:46:50',4),(114,'用户填报信息',2,'com.autumn.project.vaccines.controller.UserFillInfoController.edit()','PUT',1,'zmx2',NULL,'/vaccines/userFillInfo','223.104.105.190','XX XX','{\"address\":\"政治\",\"childrenBirthday\":\"2024-02-22\",\"childrenName\":\"传递\",\"childrenSex\":\"0\",\"createBy\":\"zmx2\",\"createTime\":\"2024-02-29 20:42:41\",\"ext1\":\"乙肝疫苗（第一剂）-注射\",\"ext2\":\"0\",\"ext3\":\"\\\"\\\\\\\"null\\\\\\\"\\\"\",\"ext4\":\"408766068@qq.com\",\"ext5\":\"0\",\"id\":62,\"params\":{},\"roleFlag\":\"5\",\"scoreIsNull\":true,\"state\":\"5\",\"takeCare\":\"<p>早睡</p>\",\"today\":\"2024-02-29\",\"userId\":12,\"userName\":\"张梦旋\",\"userPhone\":\"17638794718\",\"userSex\":\"0\"}','{\"msg\":\"操作成功\",\"code\":200}',0,NULL,'2024-02-29 12:48:13',4),(115,'用户填报信息',2,'com.autumn.project.vaccines.controller.UserFillInfoController.edit()','PUT',1,'zmx2',NULL,'/vaccines/userFillInfo','223.104.105.190','XX XX','{\"address\":\"政治\",\"childrenBirthday\":\"2024-02-22\",\"childrenName\":\"传递\",\"childrenSex\":\"0\",\"createBy\":\"zmx2\",\"createTime\":\"2024-02-29 20:42:41\",\"ext1\":\"乙肝疫苗（第一剂）-注射\",\"ext2\":\"0\",\"ext3\":\"\\\"\\\\\\\"\\\\\\\\\\\\\\\"null\\\\\\\\\\\\\\\"\\\\\\\"\\\"\",\"ext4\":\"408766068@qq.com\",\"ext5\":\"0\",\"id\":62,\"params\":{},\"roleFlag\":\"5\",\"score\":\"1\",\"scoreIsNull\":true,\"state\":\"5\",\"takeCare\":\"<p>早睡</p>\",\"today\":\"2024-02-29\",\"userId\":12,\"userName\":\"张梦旋\",\"userPhone\":\"17638794718\",\"userSex\":\"0\"}','{\"msg\":\"操作成功\",\"code\":200}',0,NULL,'2024-02-29 12:50:40',4),(116,'接种方法信息',1,'com.autumn.project.vaccines.controller.VaccinationMethodInfoController.add()','POST',1,'admin','研发部门','/vaccines/vaccinationMethodInfo','223.104.105.190','XX XX','{\"createBy\":\"admin\",\"createTime\":\"2024-02-29 21:00:50\",\"id\":3,\"params\":{},\"state\":\"0\",\"vaccinationMethodCode\":\"tj\",\"vaccinationMethodName\":\"贴剂\"}','{\"msg\":\"操作成功\",\"code\":200}',0,NULL,'2024-02-29 13:00:51',18),(117,'疫苗信息',1,'com.autumn.project.vaccines.controller.VaccinesInfoController.add()','POST',1,'admin','研发部门','/vaccines/vaccinesInfo','223.104.105.190','XX XX','{\"ageMax\":177,\"ageMin\":166,\"createBy\":\"admin\",\"createTime\":\"2024-02-29 21:02:10\",\"id\":3,\"params\":{},\"state\":\"0\",\"vaccinationMethodCode\":\"tj\",\"vaccinesCode\":\"qqa\",\"vaccinesName\":\"111\"}','{\"msg\":\"操作成功\",\"code\":200}',0,NULL,'2024-02-29 13:02:10',14),(118,'各年龄段需打疫苗信息',1,'com.autumn.project.vaccines.controller.AgeVaccinesInfoController.add()','POST',1,'admin','研发部门','/vaccines/ageVaccinesInfo','223.104.105.190','XX XX','{\"age\":\"11.9月 - 1.0岁\",\"ageMax\":380,\"ageMin\":356,\"createBy\":\"admin\",\"createTime\":\"2024-02-29 21:09:29\",\"ext1\":[\"qqa\",\"yg2\",\"yg1\"],\"id\":15,\"params\":{},\"state\":\"0\",\"vaccinesCodes\":\"[\\\"qqa\\\",\\\"yg2\\\",\\\"yg1\\\"]\"}','{\"msg\":\"操作成功\",\"code\":200}',0,NULL,'2024-02-29 13:09:29',21),(119,'各年龄段需打疫苗信息',2,'com.autumn.project.vaccines.controller.AgeVaccinesInfoController.edit()','PUT',1,'admin','研发部门','/vaccines/ageVaccinesInfo','223.104.105.190','河南省 郑州市','{\"age\":\"1.4岁 - 1.5岁\",\"ageMax\":530,\"ageMin\":501,\"createBy\":\"admin\",\"createTime\":\"2024-02-29 21:09:29\",\"ext1\":[\"qqa\",\"yg2\",\"yg1\"],\"id\":15,\"params\":{},\"state\":\"0\",\"updateBy\":\"admin\",\"updateTime\":\"2024-02-29 21:11:01\",\"vaccinesCodes\":\"[\\\"qqa\\\",\\\"yg2\\\",\\\"yg1\\\"]\"}','{\"msg\":\"操作成功\",\"code\":200}',0,NULL,'2024-02-29 13:11:01',5),(120,'用户填报信息',2,'com.autumn.project.vaccines.controller.UserFillInfoController.edit()','PUT',1,'admin','研发部门','/vaccines/userFillInfo','223.104.105.190','XX XX','{\"address\":\"政治\",\"childrenBirthday\":\"2024-02-22\",\"childrenName\":\"传递\",\"childrenSex\":\"0\",\"createBy\":\"zmx2\",\"createTime\":\"2024-02-29 20:42:41\",\"ext1\":\"乙肝疫苗（第一剂）-注射\",\"ext2\":\"0\",\"ext3\":\"\\\"\\\\\\\"\\\\\\\\\\\\\\\"\\\\\\\\\\\\\\\\\\\\\\\\\\\\\\\"null\\\\\\\\\\\\\\\\\\\\\\\\\\\\\\\"\\\\\\\\\\\\\\\"\\\\\\\"\\\"\",\"ext4\":\"408766068@qq.com\",\"ext5\":\"0\",\"id\":62,\"params\":{},\"score\":\"1\",\"scoreIsNull\":false,\"state\":\"5\",\"takeCare\":\"<p>早睡</p>\",\"today\":\"2024-02-29\",\"userId\":12,\"userName\":\"张梦旋\",\"userPhone\":\"17638794718\",\"userSex\":\"0\"}','{\"msg\":\"操作成功\",\"code\":200}',0,NULL,'2024-02-29 13:14:16',5),(121,'角色管理',2,'com.autumn.project.system.controller.SysRoleController.edit()','PUT',1,'admin','研发部门','/system/role','127.0.0.1','内网IP','{\"admin\":false,\"createTime\":\"2024-01-15 05:14:46\",\"dataScope\":\"2\",\"delFlag\":\"0\",\"deptCheckStrictly\":true,\"flag\":false,\"menuCheckStrictly\":true,\"menuIds\":[1,107,1061,1074,1062,1068,1080,1035,1075,1076,1077,1079,1063,1069,1081],\"params\":{},\"remark\":\"普通角色\",\"roleId\":2,\"roleKey\":\"common\",\"roleName\":\"普通角色\",\"roleSort\":2,\"status\":\"0\",\"updateBy\":\"admin\"}','{\"msg\":\"操作成功\",\"code\":200}',0,NULL,'2024-03-01 03:21:17',40),(122,'角色管理',2,'com.autumn.project.system.controller.SysRoleController.edit()','PUT',1,'admin','研发部门','/system/role','127.0.0.1','内网IP','{\"admin\":false,\"createTime\":\"2024-01-15 05:14:46\",\"dataScope\":\"2\",\"delFlag\":\"0\",\"deptCheckStrictly\":true,\"flag\":false,\"menuCheckStrictly\":true,\"menuIds\":[1,107,1061,1074,1062,1068,1035,1075,1076,1077,1079,1063,1069],\"params\":{},\"remark\":\"普通角色\",\"roleId\":2,\"roleKey\":\"common\",\"roleName\":\"普通角色\",\"roleSort\":2,\"status\":\"0\",\"updateBy\":\"admin\"}','{\"msg\":\"操作成功\",\"code\":200}',0,NULL,'2024-03-01 03:22:33',18),(123,'角色管理',2,'com.autumn.project.system.controller.SysRoleController.edit()','PUT',1,'admin','研发部门','/system/role','127.0.0.1','内网IP','{\"admin\":false,\"createTime\":\"2024-01-15 05:14:46\",\"dataScope\":\"2\",\"delFlag\":\"0\",\"deptCheckStrictly\":true,\"flag\":false,\"menuCheckStrictly\":true,\"menuIds\":[1,107,1061,1074,1062,1068,1080,1035,1075,1076,1077,1079,1063,1069,1081],\"params\":{},\"remark\":\"普通角色\",\"roleId\":2,\"roleKey\":\"common\",\"roleName\":\"普通角色\",\"roleSort\":2,\"status\":\"0\",\"updateBy\":\"admin\"}','{\"msg\":\"操作成功\",\"code\":200}',0,NULL,'2024-03-01 03:24:02',18),(124,'用户填报信息',2,'com.autumn.project.vaccines.controller.UserFillInfoController.edit()','PUT',1,'zhangmeng',NULL,'/vaccines/userFillInfo','123.14.76.118','XX XX','{\"address\":\"郑州\",\"childrenAllergy\":\"无\",\"childrenBirthday\":\"2024-05-05\",\"childrenName\":\"张张张\",\"childrenSex\":\"0\",\"createBy\":\"zhangmeng\",\"createTime\":\"2024-02-29 14:13:50\",\"ext1\":\"乙肝疫苗（第一剂）-注射\",\"ext2\":\"0\",\"ext3\":\"[\\\"yg1\\\"]\",\"ext4\":\"408766067@qq.com\",\"ext5\":\"0\",\"id\":61,\"params\":{},\"roleFlag\":\"5\",\"scoreIsNull\":true,\"state\":\"5\",\"today\":\"2024-02-29\",\"userId\":11,\"userName\":\"张梦旋\",\"userPhone\":\"17638794719\",\"userSex\":\"1\"}','{\"msg\":\"操作成功\",\"code\":200}',0,NULL,'2024-03-01 04:47:26',7),(125,'用户填报信息',2,'com.autumn.project.vaccines.controller.UserFillInfoController.edit()','PUT',1,'zhangmeng',NULL,'/vaccines/userFillInfo','123.14.76.118','XX XX','{\"address\":\"郑州\",\"childrenAllergy\":\"无\",\"childrenBirthday\":\"2024-05-05\",\"childrenName\":\"张张张\",\"childrenSex\":\"0\",\"createBy\":\"zhangmeng\",\"createTime\":\"2024-02-29 14:13:50\",\"ext1\":\"乙肝疫苗（第一剂）-注射\",\"ext2\":\"0\",\"ext3\":\"[\\\"yg1\\\"]\",\"ext4\":\"408766067@qq.com\",\"ext5\":\"0\",\"id\":61,\"params\":{},\"roleFlag\":\"5\",\"scoreIsNull\":true,\"state\":\"5\",\"today\":\"2024-02-29\",\"userId\":11,\"userName\":\"张梦旋\",\"userPhone\":\"17638794719\",\"userSex\":\"1\"}','{\"msg\":\"操作成功\",\"code\":200}',0,NULL,'2024-03-01 04:47:26',4),(126,'用户填报信息',2,'com.autumn.project.vaccines.controller.UserFillInfoController.edit()','PUT',1,'zhangmeng',NULL,'/vaccines/userFillInfo','123.14.76.118','XX XX','{\"address\":\"郑州\",\"childrenAllergy\":\"无\",\"childrenBirthday\":\"2024-05-05\",\"childrenName\":\"张张张\",\"childrenSex\":\"0\",\"createBy\":\"zhangmeng\",\"createTime\":\"2024-02-29 14:13:50\",\"ext1\":\"乙肝疫苗（第一剂）-注射\",\"ext2\":\"0\",\"ext3\":\"[\\\"yg1\\\"]\",\"ext4\":\"408766067@qq.com\",\"ext5\":\"0\",\"id\":61,\"params\":{},\"roleFlag\":\"5\",\"scoreIsNull\":true,\"state\":\"5\",\"today\":\"2024-02-29\",\"userId\":11,\"userName\":\"张梦旋\",\"userPhone\":\"17638794719\",\"userSex\":\"1\"}','{\"msg\":\"操作成功\",\"code\":200}',0,NULL,'2024-03-01 04:47:26',5),(127,'菜单管理',2,'com.autumn.project.system.controller.SysMenuController.edit()','PUT',1,'admin','研发部门','/system/menu','127.0.0.1','内网IP','{\"children\":[],\"createTime\":\"2024-01-15 05:14:47\",\"icon\":\"tool\",\"isCache\":\"0\",\"isFrame\":\"1\",\"menuId\":3,\"menuName\":\"系统工具\",\"menuType\":\"M\",\"orderNum\":3,\"params\":{},\"parentId\":0,\"path\":\"tool\",\"perms\":\"\",\"query\":\"\",\"status\":\"0\",\"updateBy\":\"admin\",\"visible\":\"1\"}','{\"msg\":\"操作成功\",\"code\":200}',0,NULL,'2024-03-01 04:55:55',8),(128,'菜单管理',2,'com.autumn.project.system.controller.SysMenuController.edit()','PUT',1,'admin','研发部门','/system/menu','127.0.0.1','内网IP','{\"children\":[],\"component\":\"monitor/job/index\",\"createTime\":\"2024-01-15 05:14:47\",\"icon\":\"job\",\"isCache\":\"0\",\"isFrame\":\"1\",\"menuId\":110,\"menuName\":\"定时任务\",\"menuType\":\"C\",\"orderNum\":2,\"params\":{},\"parentId\":2,\"path\":\"job\",\"perms\":\"monitor:job:list\",\"query\":\"\",\"status\":\"0\",\"updateBy\":\"admin\",\"visible\":\"1\"}','{\"msg\":\"操作成功\",\"code\":200}',0,NULL,'2024-03-01 04:56:06',8),(129,'菜单管理',2,'com.autumn.project.system.controller.SysMenuController.edit()','PUT',1,'admin','研发部门','/system/menu','127.0.0.1','内网IP','{\"children\":[],\"component\":\"monitor/druid/index\",\"createTime\":\"2024-01-15 05:14:47\",\"icon\":\"druid\",\"isCache\":\"0\",\"isFrame\":\"1\",\"menuId\":111,\"menuName\":\"数据监控\",\"menuType\":\"C\",\"orderNum\":3,\"params\":{},\"parentId\":2,\"path\":\"druid\",\"perms\":\"monitor:druid:list\",\"query\":\"\",\"status\":\"0\",\"updateBy\":\"admin\",\"visible\":\"1\"}','{\"msg\":\"操作成功\",\"code\":200}',0,NULL,'2024-03-01 04:56:10',7),(130,'菜单管理',2,'com.autumn.project.system.controller.SysMenuController.edit()','PUT',1,'admin','研发部门','/system/menu','127.0.0.1','内网IP','{\"children\":[],\"component\":\"monitor/cache/list\",\"createTime\":\"2024-01-15 05:14:47\",\"icon\":\"redis-list\",\"isCache\":\"0\",\"isFrame\":\"1\",\"menuId\":114,\"menuName\":\"缓存列表\",\"menuType\":\"C\",\"orderNum\":6,\"params\":{},\"parentId\":2,\"path\":\"cacheList\",\"perms\":\"monitor:cache:list\",\"query\":\"\",\"status\":\"0\",\"updateBy\":\"admin\",\"visible\":\"1\"}','{\"msg\":\"操作成功\",\"code\":200}',0,NULL,'2024-03-01 04:56:32',9),(131,'菜单管理',2,'com.autumn.project.system.controller.SysMenuController.edit()','PUT',1,'admin','研发部门','/system/menu','127.0.0.1','内网IP','{\"children\":[],\"component\":\"system/dept/index\",\"createTime\":\"2024-01-15 05:14:47\",\"icon\":\"tree\",\"isCache\":\"0\",\"isFrame\":\"1\",\"menuId\":103,\"menuName\":\"部门管理\",\"menuType\":\"C\",\"orderNum\":4,\"params\":{},\"parentId\":1,\"path\":\"dept\",\"perms\":\"system:dept:list\",\"query\":\"\",\"status\":\"0\",\"updateBy\":\"admin\",\"visible\":\"1\"}','{\"msg\":\"操作成功\",\"code\":200}',0,NULL,'2024-03-01 04:56:44',8),(132,'菜单管理',2,'com.autumn.project.system.controller.SysMenuController.edit()','PUT',1,'admin','研发部门','/system/menu','127.0.0.1','内网IP','{\"children\":[],\"component\":\"system/post/index\",\"createTime\":\"2024-01-15 05:14:47\",\"icon\":\"post\",\"isCache\":\"0\",\"isFrame\":\"1\",\"menuId\":104,\"menuName\":\"岗位管理\",\"menuType\":\"C\",\"orderNum\":5,\"params\":{},\"parentId\":1,\"path\":\"post\",\"perms\":\"system:post:list\",\"query\":\"\",\"status\":\"0\",\"updateBy\":\"admin\",\"visible\":\"1\"}','{\"msg\":\"操作成功\",\"code\":200}',0,NULL,'2024-03-01 04:56:49',10),(133,'菜单管理',2,'com.autumn.project.system.controller.SysMenuController.edit()','PUT',1,'admin','研发部门','/system/menu','127.0.0.1','内网IP','{\"children\":[],\"component\":\"system/config/index\",\"createTime\":\"2024-01-15 05:14:47\",\"icon\":\"edit\",\"isCache\":\"0\",\"isFrame\":\"1\",\"menuId\":106,\"menuName\":\"参数设置\",\"menuType\":\"C\",\"orderNum\":7,\"params\":{},\"parentId\":1,\"path\":\"config\",\"perms\":\"system:config:list\",\"query\":\"\",\"status\":\"0\",\"updateBy\":\"admin\",\"visible\":\"1\"}','{\"msg\":\"操作成功\",\"code\":200}',0,NULL,'2024-03-01 04:56:59',8),(134,'接种方法信息',3,'com.autumn.project.vaccines.controller.VaccinationMethodInfoController.remove()','DELETE',1,'admin','研发部门','/vaccines/vaccinationMethodInfo/3','123.14.76.118','XX XX','{}','{\"msg\":\"操作成功\",\"code\":200}',0,NULL,'2024-03-01 05:07:31',8),(135,'接种方法信息',1,'com.autumn.project.vaccines.controller.VaccinationMethodInfoController.add()','POST',1,'admin','研发部门','/vaccines/vaccinationMethodInfo','123.14.76.118','XX XX','{\"createBy\":\"admin\",\"createTime\":\"2024-03-01 13:09:15\",\"id\":4,\"params\":{},\"remark\":\"暂未广泛使用\",\"state\":\"1\",\"vaccinationMethodCode\":\"patch\",\"vaccinationMethodName\":\"贴剂\"}','{\"msg\":\"操作成功\",\"code\":200}',0,NULL,'2024-03-01 05:09:16',6),(136,'接种方法信息',1,'com.autumn.project.vaccines.controller.VaccinationMethodInfoController.add()','POST',1,'admin','研发部门','/vaccines/vaccinationMethodInfo','123.14.76.118','XX XX','{\"createBy\":\"admin\",\"createTime\":\"2024-03-01 13:12:00\",\"id\":5,\"params\":{},\"remark\":\"吸入方式：1.避开雾化杯，深呼一口气2.口含雾化杯吸嘴，深吸至杯中无雾3.憋气至少5秒\",\"state\":\"0\",\"vaccinationMethodCode\":\"inhalation\",\"vaccinationMethodName\":\"吸入\"}','{\"msg\":\"操作成功\",\"code\":200}',0,NULL,'2024-03-01 05:12:00',5),(137,'接种方法信息',2,'com.autumn.project.vaccines.controller.VaccinationMethodInfoController.edit()','PUT',1,'admin','研发部门','/vaccines/vaccinationMethodInfo','123.14.76.118','XX XX','{\"createBy\":\"admin\",\"createTime\":\"2024-01-23 14:41:13\",\"id\":1,\"params\":{},\"remark\":\"一般为胳膊，特殊人群或特殊疫苗需打在大腿上\",\"state\":\"0\",\"updateBy\":\"admin\",\"updateTime\":\"2024-03-01 13:14:03\",\"vaccinationMethodCode\":\"injection\",\"vaccinationMethodName\":\"注射\"}','{\"msg\":\"操作成功\",\"code\":200}',0,NULL,'2024-03-01 05:14:03',6),(138,'接种方法信息',2,'com.autumn.project.vaccines.controller.VaccinationMethodInfoController.edit()','PUT',1,'admin','研发部门','/vaccines/vaccinationMethodInfo','123.14.76.118','XX XX','{\"createBy\":\"admin\",\"createTime\":\"2024-03-01 13:12:00\",\"id\":5,\"params\":{},\"remark\":\"吸入方式：1.避开雾化杯，深呼一口气2.口含雾化杯吸嘴，深吸至杯中无雾3.憋气至少5秒\\n注意：孕妇和心脏病者不能使用该方式\",\"state\":\"0\",\"updateBy\":\"admin\",\"updateTime\":\"2024-03-01 13:44:33\",\"vaccinationMethodCode\":\"inhalation\",\"vaccinationMethodName\":\"吸入\"}','{\"msg\":\"操作成功\",\"code\":200}',0,NULL,'2024-03-01 05:44:33',5),(139,'疫苗信息',5,'com.autumn.project.vaccines.controller.VaccinesInfoController.export()','POST',1,'admin','研发部门','/vaccines/vaccinesInfo/export','123.14.76.118','XX XX','{\"pageSize\":\"10\",\"pageNum\":\"1\"}',NULL,0,NULL,'2024-03-01 05:47:39',1196),(140,'用户填报信息',3,'com.autumn.project.vaccines.controller.UserFillInfoController.remove()','DELETE',1,'admin','研发部门','/vaccines/userFillInfo/62','123.14.76.118','XX XX','{}','{\"msg\":\"操作成功\",\"code\":200}',0,NULL,'2024-03-01 06:54:59',4),(141,'用户填报信息',2,'com.autumn.project.vaccines.controller.UserFillInfoController.edit()','PUT',1,'admin','研发部门','/vaccines/userFillInfo','123.14.76.118','XX XX','{\"address\":\"郑州\",\"childrenAllergy\":\"无\",\"childrenBirthday\":\"2024-05-05\",\"childrenName\":\"张小小\",\"childrenSex\":\"0\",\"createBy\":\"zhangmeng\",\"createTime\":\"2024-02-29 14:13:50\",\"ext1\":\"乙肝疫苗（第一剂）-注射\",\"ext2\":\"0\",\"ext3\":\"[\\\"yg1\\\"]\",\"ext4\":\"408766067@qq.com\",\"ext5\":\"0\",\"id\":61,\"params\":{},\"scoreIsNull\":true,\"state\":\"5\",\"today\":\"2024-02-29\",\"userId\":11,\"userName\":\"张梦旋\",\"userPhone\":\"17638794719\",\"userSex\":\"1\"}','{\"msg\":\"操作成功\",\"code\":200}',0,NULL,'2024-03-01 08:56:38',9),(142,'用户填报信息',1,'com.autumn.project.vaccines.controller.UserFillInfoController.add()','POST',1,'zhangmeng',NULL,'/vaccines/userFillInfo','123.14.76.118','XX XX','{\"address\":\"上海\",\"childrenAllergy\":\"花粉\",\"childrenBirthday\":\"2022-03-02\",\"childrenName\":\"李小小\",\"childrenSex\":\"0\",\"createBy\":\"zhangmeng\",\"createTime\":\"2024-03-01 17:58:29\",\"ext1\":\"孩子存在过敏，请工作人员选择\",\"ext2\":\"1\",\"ext4\":\"408766067@qq.com\",\"ext5\":\"0\",\"id\":63,\"params\":{},\"roleFlag\":\"2\",\"state\":\"2\",\"today\":\"2024-03-01\",\"userId\":11,\"userName\":\"李小四\",\"userPhone\":\"17638794719\",\"userSex\":\"0\"}','{\"msg\":\"操作成功\",\"code\":200}',0,NULL,'2024-03-01 09:58:29',36),(143,'用户填报信息',1,'com.autumn.project.vaccines.controller.UserFillInfoController.add()','POST',1,'zhangmeng',NULL,'/vaccines/userFillInfo','223.104.105.60','XX XX','{\"address\":\"西安\",\"childrenAllergy\":\"阿莫西林\",\"childrenBirthday\":\"2023-01-02\",\"childrenName\":\"王未\",\"childrenSex\":\"0\",\"createBy\":\"zhangmeng\",\"createTime\":\"2024-03-01 18:55:44\",\"ext1\":\"孩子存在过敏，请工作人员选择\",\"ext2\":\"1\",\"ext4\":\"408766067@qq.com\",\"ext5\":\"0\",\"id\":64,\"params\":{},\"roleFlag\":\"2\",\"state\":\"2\",\"today\":\"2024-03-01\",\"userId\":11,\"userName\":\"王五\",\"userPhone\":\"17638794726\",\"userSex\":\"1\"}','{\"msg\":\"操作成功\",\"code\":200}',0,NULL,'2024-03-01 10:55:44',5),(144,'用户填报信息',1,'com.autumn.project.vaccines.controller.UserFillInfoController.add()','POST',1,'zhangmeng',NULL,'/vaccines/userFillInfo','223.104.105.60','XX XX','{\"address\":\"山东\",\"childrenBirthday\":\"2019-06-12\",\"childrenName\":\"白朗\",\"childrenSex\":\"1\",\"createBy\":\"zhangmeng\",\"createTime\":\"2024-03-01 18:57:19\",\"ext1\":\"未匹配到数据，请工作人员选择\",\"ext2\":\"1\",\"ext4\":\"408766067@qq.com\",\"ext5\":\"0\",\"id\":65,\"params\":{},\"roleFlag\":\"2\",\"state\":\"2\",\"today\":\"2024-03-01\",\"userId\":11,\"userName\":\"白艳\",\"userPhone\":\"17636794619\",\"userSex\":\"1\"}','{\"msg\":\"操作成功\",\"code\":200}',0,NULL,'2024-03-01 10:57:19',7),(145,'用户填报信息',2,'com.autumn.project.vaccines.controller.UserFillInfoController.edit()','PUT',1,'admin','研发部门','/vaccines/userFillInfo','223.104.105.60','XX XX','{\"address\":\"山东\",\"childrenBirthday\":\"2019-06-12\",\"childrenName\":\"白朗\",\"childrenSex\":\"1\",\"createBy\":\"zhangmeng\",\"createTime\":\"2024-03-01 18:57:20\",\"ext1\":\"乙肝疫苗（第一剂）-注射\",\"ext2\":\"0\",\"ext3\":\"[\\\"yg1\\\"]\",\"ext4\":\"408766067@qq.com\",\"ext5\":\"0\",\"id\":65,\"params\":{},\"roleFlag\":\"4\",\"scoreIsNull\":true,\"state\":\"4\",\"today\":\"2024-03-01\",\"userId\":11,\"userName\":\"白艳\",\"userPhone\":\"17636794619\",\"userSex\":\"1\"}','{\"msg\":\"操作成功\",\"code\":200}',0,NULL,'2024-03-01 11:18:22',8),(146,'疫苗信息',1,'com.autumn.project.vaccines.controller.VaccinesInfoController.add()','POST',1,'admin','研发部门','/vaccines/vaccinesInfo','223.104.105.60','XX XX','{\"ageMax\":1,\"ageMin\":1,\"createBy\":\"admin\",\"createTime\":\"2024-03-01 21:40:27\",\"id\":4,\"params\":{},\"state\":\"0\",\"vaccinationMethodCode\":\"injection\",\"vaccinesCode\":\"yg1/kj\",\"vaccinesName\":\"乙肝疫苗（第一剂）/卡介苗\"}','{\"msg\":\"操作成功\",\"code\":200}',0,NULL,'2024-03-01 13:40:27',17),(147,'疫苗信息',3,'com.autumn.project.vaccines.controller.VaccinesInfoController.remove()','DELETE',1,'admin','研发部门','/vaccines/vaccinesInfo/1','223.104.105.60','XX XX','{}','{\"msg\":\"操作成功\",\"code\":200}',0,NULL,'2024-03-01 13:40:42',9),(148,'疫苗信息',3,'com.autumn.project.vaccines.controller.VaccinesInfoController.remove()','DELETE',1,'admin','研发部门','/vaccines/vaccinesInfo/2,3','223.104.105.60','XX XX','{}','{\"msg\":\"操作成功\",\"code\":200}',0,NULL,'2024-03-01 13:40:50',5),(149,'疫苗信息',1,'com.autumn.project.vaccines.controller.VaccinesInfoController.add()','POST',1,'admin','研发部门','/vaccines/vaccinesInfo','223.104.105.60','XX XX','{\"ageMax\":40,\"ageMin\":30,\"createBy\":\"admin\",\"createTime\":\"2024-03-01 21:42:09\",\"id\":5,\"params\":{},\"state\":\"0\",\"vaccinationMethodCode\":\"injection\",\"vaccinesCode\":\"yg2\",\"vaccinesName\":\"乙肝疫苗（第二剂）\"}','{\"msg\":\"操作成功\",\"code\":200}',0,NULL,'2024-03-01 13:42:09',7),(150,'疫苗信息',1,'com.autumn.project.vaccines.controller.VaccinesInfoController.add()','POST',1,'admin','研发部门','/vaccines/vaccinesInfo','223.104.105.60','XX XX','{\"ageMax\":70,\"ageMin\":60,\"createBy\":\"admin\",\"createTime\":\"2024-03-01 21:45:20\",\"id\":6,\"params\":{},\"state\":\"0\",\"vaccinationMethodCode\":\"injection\",\"vaccinesCode\":\"jshz\",\"vaccinesName\":\"脊髓灰质炎减毒活疫苗（第一剂）\"}','{\"msg\":\"操作成功\",\"code\":200}',0,NULL,'2024-03-01 13:45:21',7),(151,'疫苗信息',1,'com.autumn.project.vaccines.controller.VaccinesInfoController.add()','POST',1,'admin','研发部门','/vaccines/vaccinesInfo','223.104.105.60','XX XX','{\"ageMax\":70,\"ageMin\":60,\"createBy\":\"admin\",\"createTime\":\"2024-03-01 21:53:25\",\"id\":7,\"params\":{},\"state\":\"0\",\"vaccinationMethodCode\":\"oral_administration\",\"vaccinesCode\":\"jshz\",\"vaccinesName\":\"脊髓灰质炎减毒活疫苗（第二剂）\"}','{\"msg\":\"操作成功\",\"code\":200}',0,NULL,'2024-03-01 13:53:26',5),(152,'疫苗信息',2,'com.autumn.project.vaccines.controller.VaccinesInfoController.edit()','PUT',1,'admin','研发部门','/vaccines/vaccinesInfo','223.104.105.60','河南省 郑州市','{\"ageMax\":90,\"ageMin\":80,\"createBy\":\"admin\",\"createTime\":\"2024-03-01 21:53:26\",\"id\":7,\"params\":{},\"state\":\"0\",\"updateBy\":\"admin\",\"updateTime\":\"2024-03-01 21:53:47\",\"vaccinationMethodCode\":\"oral_administration\",\"vaccinesCode\":\"jshz\",\"vaccinesName\":\"脊髓灰质炎减毒活疫苗（第二剂）\"}','{\"msg\":\"操作成功\",\"code\":200}',0,NULL,'2024-03-01 13:53:48',5),(153,'疫苗信息',1,'com.autumn.project.vaccines.controller.VaccinesInfoController.add()','POST',1,'admin','研发部门','/vaccines/vaccinesInfo','223.104.105.60','XX XX','{\"ageMax\":100,\"ageMin\":90,\"createBy\":\"admin\",\"createTime\":\"2024-03-01 21:54:46\",\"id\":8,\"params\":{},\"state\":\"0\",\"vaccinationMethodCode\":\"injection\",\"vaccinesCode\":\"bbp\",\"vaccinesName\":\"百白破联合疫苗（第一剂）\"}','{\"msg\":\"操作成功\",\"code\":200}',0,NULL,'2024-03-01 13:54:47',5),(154,'疫苗信息',1,'com.autumn.project.vaccines.controller.VaccinesInfoController.add()','POST',1,'admin','研发部门','/vaccines/vaccinesInfo','223.104.105.60','XX XX','{\"ageMax\":130,\"ageMin\":120,\"createBy\":\"admin\",\"createTime\":\"2024-03-01 21:56:35\",\"id\":9,\"params\":{},\"state\":\"0\",\"vaccinationMethodCode\":\"injection\",\"vaccinesCode\":\"jshz3\",\"vaccinesName\":\"脊髓灰质炎减活疫苗（第三剂）\"}','{\"msg\":\"操作成功\",\"code\":200}',0,NULL,'2024-03-01 13:56:35',4),(155,'疫苗信息',2,'com.autumn.project.vaccines.controller.VaccinesInfoController.edit()','PUT',1,'admin','研发部门','/vaccines/vaccinesInfo','223.104.105.60','XX XX','{\"ageMax\":90,\"ageMin\":80,\"createBy\":\"admin\",\"createTime\":\"2024-03-01 21:53:26\",\"id\":7,\"params\":{},\"state\":\"0\",\"updateBy\":\"admin\",\"updateTime\":\"2024-03-01 21:56:46\",\"vaccinationMethodCode\":\"oral_administration\",\"vaccinesCode\":\"jshz2\",\"vaccinesName\":\"脊髓灰质炎减毒活疫苗（第二剂）\"}','{\"msg\":\"操作成功\",\"code\":200}',0,NULL,'2024-03-01 13:56:47',6),(156,'疫苗信息',2,'com.autumn.project.vaccines.controller.VaccinesInfoController.edit()','PUT',1,'admin','研发部门','/vaccines/vaccinesInfo','223.104.105.60','XX XX','{\"ageMax\":70,\"ageMin\":60,\"createBy\":\"admin\",\"createTime\":\"2024-03-01 21:45:21\",\"id\":6,\"params\":{},\"state\":\"0\",\"updateBy\":\"admin\",\"updateTime\":\"2024-03-01 21:56:54\",\"vaccinationMethodCode\":\"injection\",\"vaccinesCode\":\"jshz1\",\"vaccinesName\":\"脊髓灰质炎减毒活疫苗（第一剂）\"}','{\"msg\":\"操作成功\",\"code\":200}',0,NULL,'2024-03-01 13:56:54',5),(157,'疫苗信息',1,'com.autumn.project.vaccines.controller.VaccinesInfoController.add()','POST',1,'admin','研发部门','/vaccines/vaccinesInfo','223.104.105.60','XX XX','{\"ageMax\":140,\"ageMin\":130,\"createBy\":\"admin\",\"createTime\":\"2024-03-01 21:58:08\",\"id\":10,\"params\":{},\"state\":\"0\",\"vaccinationMethodCode\":\"injection\",\"vaccinesCode\":\"bbp2\",\"vaccinesName\":\"百白破联合疫苗（第二剂）\"}','{\"msg\":\"操作成功\",\"code\":200}',0,NULL,'2024-03-01 13:58:08',7),(158,'疫苗信息',2,'com.autumn.project.vaccines.controller.VaccinesInfoController.edit()','PUT',1,'admin','研发部门','/vaccines/vaccinesInfo','223.104.105.60','XX XX','{\"ageMax\":100,\"ageMin\":90,\"createBy\":\"admin\",\"createTime\":\"2024-03-01 21:54:47\",\"id\":8,\"params\":{},\"state\":\"0\",\"updateBy\":\"admin\",\"updateTime\":\"2024-03-01 21:58:17\",\"vaccinationMethodCode\":\"injection\",\"vaccinesCode\":\"bbp1\",\"vaccinesName\":\"百白破联合疫苗（第一剂）\"}','{\"msg\":\"操作成功\",\"code\":200}',0,NULL,'2024-03-01 13:58:17',5),(159,'疫苗信息',1,'com.autumn.project.vaccines.controller.VaccinesInfoController.add()','POST',1,'admin','研发部门','/vaccines/vaccinesInfo','223.104.105.60','XX XX','{\"ageMax\":160,\"ageMin\":150,\"createBy\":\"admin\",\"createTime\":\"2024-03-01 21:59:11\",\"id\":11,\"params\":{},\"state\":\"0\",\"vaccinationMethodCode\":\"injection\",\"vaccinesCode\":\"bbp3\",\"vaccinesName\":\"百白破联合疫苗（第三剂）\"}','{\"msg\":\"操作成功\",\"code\":200}',0,NULL,'2024-03-01 13:59:11',7),(160,'疫苗信息',1,'com.autumn.project.vaccines.controller.VaccinesInfoController.add()','POST',1,'admin','研发部门','/vaccines/vaccinesInfo','223.104.105.60','XX XX','{\"ageMax\":190,\"ageMin\":180,\"createBy\":\"admin\",\"createTime\":\"2024-03-01 22:01:26\",\"id\":12,\"params\":{},\"state\":\"0\",\"vaccinationMethodCode\":\"injection\",\"vaccinesCode\":\"yg3/ln\",\"vaccinesName\":\"乙肝疫苗（第三剂）/流脑疫苗\"}','{\"msg\":\"操作成功\",\"code\":200}',0,NULL,'2024-03-01 14:01:26',6),(161,'疫苗信息',2,'com.autumn.project.vaccines.controller.VaccinesInfoController.edit()','PUT',1,'admin','研发部门','/vaccines/vaccinesInfo','223.104.105.60','XX XX','{\"ageMax\":40,\"ageMin\":30,\"createBy\":\"admin\",\"createTime\":\"2024-03-01 21:42:09\",\"id\":5,\"params\":{},\"state\":\"0\",\"updateBy\":\"admin\",\"updateTime\":\"2024-03-01 22:01:46\",\"vaccinationMethodCode\":\"injection\",\"vaccinesCode\":\"yg2\",\"vaccinesName\":\"乙肝疫苗（第二剂）\"}','{\"msg\":\"操作成功\",\"code\":200}',0,NULL,'2024-03-01 14:01:47',7),(162,'疫苗信息',1,'com.autumn.project.vaccines.controller.VaccinesInfoController.add()','POST',1,'admin','研发部门','/vaccines/vaccinesInfo','223.104.105.60','XX XX','{\"ageMax\":260,\"ageMin\":240,\"createBy\":\"admin\",\"createTime\":\"2024-03-01 22:04:01\",\"id\":13,\"params\":{},\"state\":\"0\",\"vaccinationMethodCode\":\"injection\",\"vaccinesCode\":\"mf/yn12\",\"vaccinesName\":\"麻风疫苗/乙脑减活疫苗（第一二剂）\"}','{\"msg\":\"操作成功\",\"code\":200}',0,NULL,'2024-03-01 14:04:02',6),(163,'疫苗信息',1,'com.autumn.project.vaccines.controller.VaccinesInfoController.add()','POST',1,'admin','研发部门','/vaccines/vaccinesInfo','223.104.105.60','XX XX','{\"ageMax\":280,\"ageMin\":270,\"createBy\":\"admin\",\"createTime\":\"2024-03-01 22:04:56\",\"id\":14,\"params\":{},\"state\":\"0\",\"vaccinationMethodCode\":\"injection\",\"vaccinesCode\":\"ln22\",\"vaccinesName\":\"流脑疫苗（第二剂）\"}','{\"msg\":\"操作成功\",\"code\":200}',0,NULL,'2024-03-01 14:04:57',6),(164,'疫苗信息',1,'com.autumn.project.vaccines.controller.VaccinesInfoController.add()','POST',1,'admin','研发部门','/vaccines/vaccinesInfo','223.104.105.60','XX XX','{\"ageMax\":580,\"ageMin\":550,\"createBy\":\"admin\",\"createTime\":\"2024-03-01 22:07:04\",\"id\":15,\"params\":{},\"state\":\"0\",\"vaccinationMethodCode\":\"injection\",\"vaccinesCode\":\"jg1\",\"vaccinesName\":\"甲肝减毒活疫苗（第一剂）\"}','{\"msg\":\"操作成功\",\"code\":200}',0,NULL,'2024-03-01 14:07:04',7),(165,'疫苗信息',1,'com.autumn.project.vaccines.controller.VaccinesInfoController.add()','POST',1,'admin','研发部门','/vaccines/vaccinesInfo','123.14.76.118','XX XX','{\"ageMax\":700,\"ageMin\":590,\"createBy\":\"admin\",\"createTime\":\"2024-03-02 09:29:15\",\"id\":16,\"params\":{},\"state\":\"0\",\"vaccinationMethodCode\":\"injection\",\"vaccinesCode\":\"bbp4/ms2\",\"vaccinesName\":\"百白破联合疫苗（第四剂）/麻腮风疫苗（第二剂）\"}','{\"msg\":\"操作成功\",\"code\":200}',0,NULL,'2024-03-02 01:29:15',6),(166,'疫苗信息',1,'com.autumn.project.vaccines.controller.VaccinesInfoController.add()','POST',1,'admin','研发部门','/vaccines/vaccinesInfo','123.14.76.118','XX XX','{\"ageMax\":730,\"ageMin\":700,\"createBy\":\"admin\",\"createTime\":\"2024-03-02 09:30:55\",\"id\":17,\"params\":{},\"state\":\"0\",\"vaccinationMethodCode\":\"injection\",\"vaccinesCode\":\"yn3\",\"vaccinesName\":\"乙脑灭活疫苗（第三剂）\"}','{\"msg\":\"操作成功\",\"code\":200}',0,NULL,'2024-03-02 01:30:55',6),(167,'疫苗信息',1,'com.autumn.project.vaccines.controller.VaccinesInfoController.add()','POST',1,'admin','研发部门','/vaccines/vaccinesInfo','123.14.76.118','XX XX','{\"ageMax\":800,\"ageMin\":730,\"createBy\":\"admin\",\"createTime\":\"2024-03-02 09:32:01\",\"id\":18,\"params\":{},\"state\":\"0\",\"vaccinationMethodCode\":\"injection\",\"vaccinesCode\":\"jg2\",\"vaccinesName\":\"甲肝灭活疫苗（第二剂）\"}','{\"msg\":\"操作成功\",\"code\":200}',0,NULL,'2024-03-02 01:32:01',5),(168,'疫苗信息',1,'com.autumn.project.vaccines.controller.VaccinesInfoController.add()','POST',1,'admin','研发部门','/vaccines/vaccinesInfo','123.14.76.118','XX XX','{\"ageMax\":1060,\"ageMin\":1000,\"createBy\":\"admin\",\"createTime\":\"2024-03-02 09:33:50\",\"id\":19,\"params\":{},\"state\":\"0\",\"vaccinationMethodCode\":\"injection\",\"vaccinesCode\":\"lnA+C\",\"vaccinesName\":\"流脑A+C群疫苗（第一剂）\"}','{\"msg\":\"操作成功\",\"code\":200}',0,NULL,'2024-03-02 01:33:50',5),(169,'疫苗信息',1,'com.autumn.project.vaccines.controller.VaccinesInfoController.add()','POST',1,'admin','研发部门','/vaccines/vaccinesInfo','123.14.76.118','XX XX','{\"ageMax\":1510,\"ageMin\":1460,\"createBy\":\"admin\",\"createTime\":\"2024-03-02 09:35:32\",\"id\":20,\"params\":{},\"state\":\"0\",\"vaccinationMethodCode\":\"injection\",\"vaccinesCode\":\"jshz4\",\"vaccinesName\":\"脊髓灰质炎减毒活疫苗（第四剂）\"}','{\"msg\":\"操作成功\",\"code\":200}',0,NULL,'2024-03-02 01:35:33',5),(170,'疫苗信息',1,'com.autumn.project.vaccines.controller.VaccinesInfoController.add()','POST',1,'admin','研发部门','/vaccines/vaccinesInfo','123.14.76.118','河南省 郑州市','{\"ageMax\":2230,\"ageMin\":2190,\"createBy\":\"admin\",\"createTime\":\"2024-03-02 09:38:32\",\"id\":21,\"params\":{},\"state\":\"0\",\"vaccinationMethodCode\":\"injection\",\"vaccinesCode\":\"yn4、lnA+C、bbp\",\"vaccinesName\":\"乙脑灭活疫苗（第四剂）、流脑A+C群疫苗（第二剂）、百白破疫苗\"}','{\"msg\":\"操作成功\",\"code\":200}',0,NULL,'2024-03-02 01:38:32',6),(171,'疫苗信息',1,'com.autumn.project.vaccines.controller.VaccinesInfoController.add()','POST',1,'admin','研发部门','/vaccines/vaccinesInfo','123.14.76.118','XX XX','{\"ageMax\":2230,\"ageMin\":2190,\"createBy\":\"admin\",\"createTime\":\"2024-03-02 09:38:32\",\"id\":22,\"params\":{},\"state\":\"0\",\"vaccinationMethodCode\":\"injection\",\"vaccinesCode\":\"yn4、lnA+C、bbp\",\"vaccinesName\":\"乙脑灭活疫苗（第四剂）、流脑A+C群疫苗（第二剂）、百白破疫苗\"}','{\"msg\":\"操作成功\",\"code\":200}',0,NULL,'2024-03-02 01:38:32',4),(172,'疫苗信息',1,'com.autumn.project.vaccines.controller.VaccinesInfoController.add()','POST',1,'admin','研发部门','/vaccines/vaccinesInfo','123.14.76.118','XX XX','{\"ageMax\":2230,\"ageMin\":2190,\"createBy\":\"admin\",\"createTime\":\"2024-03-02 09:39:07\",\"id\":23,\"params\":{},\"state\":\"0\",\"vaccinationMethodCode\":\"injection\",\"vaccinesCode\":\"yn4、lnA+C、bbp\",\"vaccinesName\":\"乙脑灭活疫苗（第四剂）、流脑A+C群疫苗（第二剂）、百白破疫苗\"}','{\"msg\":\"操作成功\",\"code\":200}',0,NULL,'2024-03-02 01:39:08',8),(173,'各年龄段需打疫苗信息',1,'com.autumn.project.vaccines.controller.AgeVaccinesInfoController.add()','POST',1,'admin','研发部门','/vaccines/ageVaccinesInfo','222.137.18.131','XX XX','{\"age\":\"0.0月 - 0.0月\",\"ageMax\":1,\"ageMin\":1,\"createBy\":\"admin\",\"createTime\":\"2024-03-04 11:16:48\",\"ext1\":[\"yg1/kj\"],\"id\":16,\"params\":{},\"state\":\"0\",\"vaccinesCodes\":\"[\\\"yg1/kj\\\"]\"}','{\"msg\":\"操作成功\",\"code\":200}',0,NULL,'2024-03-04 03:16:49',31),(174,'各年龄段需打疫苗信息',3,'com.autumn.project.vaccines.controller.AgeVaccinesInfoController.remove()','DELETE',1,'admin','研发部门','/vaccines/ageVaccinesInfo/11,12,13,14,15','222.137.18.131','XX XX','{}','{\"msg\":\"操作成功\",\"code\":200}',0,NULL,'2024-03-04 03:17:04',8),(175,'各年龄段需打疫苗信息',1,'com.autumn.project.vaccines.controller.AgeVaccinesInfoController.add()','POST',1,'admin','研发部门','/vaccines/ageVaccinesInfo','222.137.18.131','XX XX','{\"age\":\"1.0月 - 1.3月\",\"ageMax\":40,\"ageMin\":30,\"createBy\":\"admin\",\"createTime\":\"2024-03-04 11:17:47\",\"ext1\":[\"yg2\"],\"id\":17,\"params\":{},\"state\":\"0\",\"vaccinesCodes\":\"[\\\"yg2\\\"]\"}','{\"msg\":\"操作成功\",\"code\":200}',0,NULL,'2024-03-04 03:17:48',4),(176,'各年龄段需打疫苗信息',1,'com.autumn.project.vaccines.controller.AgeVaccinesInfoController.add()','POST',1,'admin','研发部门','/vaccines/ageVaccinesInfo','222.137.18.131','XX XX','{\"age\":\"2.0月 - 2.3月\",\"ageMax\":70,\"ageMin\":60,\"createBy\":\"admin\",\"createTime\":\"2024-03-04 11:18:13\",\"ext1\":[\"jshz1\"],\"id\":18,\"params\":{},\"state\":\"0\",\"vaccinesCodes\":\"[\\\"jshz1\\\"]\"}','{\"msg\":\"操作成功\",\"code\":200}',0,NULL,'2024-03-04 03:18:13',5),(177,'各年龄段需打疫苗信息',1,'com.autumn.project.vaccines.controller.AgeVaccinesInfoController.add()','POST',1,'admin','研发部门','/vaccines/ageVaccinesInfo','222.137.18.131','XX XX','{\"age\":\"2.7月 - 3.0月\",\"ageMax\":90,\"ageMin\":80,\"createBy\":\"admin\",\"createTime\":\"2024-03-04 11:18:39\",\"ext1\":[\"jshz2\"],\"id\":19,\"params\":{},\"state\":\"0\",\"vaccinesCodes\":\"[\\\"jshz2\\\"]\"}','{\"msg\":\"操作成功\",\"code\":200}',0,NULL,'2024-03-04 03:18:40',6),(178,'各年龄段需打疫苗信息',1,'com.autumn.project.vaccines.controller.AgeVaccinesInfoController.add()','POST',1,'admin','研发部门','/vaccines/ageVaccinesInfo','222.137.18.131','XX XX','{\"age\":\"3.0月 - 3.3月\",\"ageMax\":100,\"ageMin\":90,\"createBy\":\"admin\",\"createTime\":\"2024-03-04 11:19:02\",\"ext1\":[\"bbp1\"],\"id\":20,\"params\":{},\"state\":\"0\",\"vaccinesCodes\":\"[\\\"bbp1\\\"]\"}','{\"msg\":\"操作成功\",\"code\":200}',0,NULL,'2024-03-04 03:19:02',6),(179,'各年龄段需打疫苗信息',1,'com.autumn.project.vaccines.controller.AgeVaccinesInfoController.add()','POST',1,'admin','研发部门','/vaccines/ageVaccinesInfo','222.137.18.131','XX XX','{\"age\":\"4.0月 - 4.3月\",\"ageMax\":130,\"ageMin\":120,\"createBy\":\"admin\",\"createTime\":\"2024-03-04 11:19:29\",\"ext1\":[\"jshz3\"],\"id\":21,\"params\":{},\"state\":\"0\",\"vaccinesCodes\":\"[\\\"jshz3\\\"]\"}','{\"msg\":\"操作成功\",\"code\":200}',0,NULL,'2024-03-04 03:19:29',6),(180,'各年龄段需打疫苗信息',1,'com.autumn.project.vaccines.controller.AgeVaccinesInfoController.add()','POST',1,'admin','研发部门','/vaccines/ageVaccinesInfo','222.137.18.131','XX XX','{\"age\":\"4.3月 - 4.7月\",\"ageMax\":140,\"ageMin\":130,\"createBy\":\"admin\",\"createTime\":\"2024-03-04 11:19:54\",\"ext1\":[\"bbp2\"],\"id\":22,\"params\":{},\"state\":\"0\",\"vaccinesCodes\":\"[\\\"bbp2\\\"]\"}','{\"msg\":\"操作成功\",\"code\":200}',0,NULL,'2024-03-04 03:19:54',5),(181,'各年龄段需打疫苗信息',1,'com.autumn.project.vaccines.controller.AgeVaccinesInfoController.add()','POST',1,'admin','研发部门','/vaccines/ageVaccinesInfo','222.137.18.131','河南省 郑州市','{\"age\":\"5.0月 - 5.3月\",\"ageMax\":160,\"ageMin\":150,\"createBy\":\"admin\",\"createTime\":\"2024-03-04 11:20:23\",\"ext1\":[\"bbp3\"],\"id\":23,\"params\":{},\"state\":\"0\",\"vaccinesCodes\":\"[\\\"bbp3\\\"]\"}','{\"msg\":\"操作成功\",\"code\":200}',0,NULL,'2024-03-04 03:20:24',6),(182,'各年龄段需打疫苗信息',1,'com.autumn.project.vaccines.controller.AgeVaccinesInfoController.add()','POST',1,'admin','研发部门','/vaccines/ageVaccinesInfo','222.137.18.131','XX XX','{\"age\":\"6.0月 - 6.3月\",\"ageMax\":190,\"ageMin\":180,\"createBy\":\"admin\",\"createTime\":\"2024-03-04 11:20:52\",\"ext1\":[\"yg3/ln\"],\"id\":24,\"params\":{},\"state\":\"0\",\"vaccinesCodes\":\"[\\\"yg3/ln\\\"]\"}','{\"msg\":\"操作成功\",\"code\":200}',0,NULL,'2024-03-04 03:20:53',6),(183,'各年龄段需打疫苗信息',1,'com.autumn.project.vaccines.controller.AgeVaccinesInfoController.add()','POST',1,'admin','研发部门','/vaccines/ageVaccinesInfo','222.137.18.131','河南省 郑州市','{\"age\":\"8.0月 - 8.7月\",\"ageMax\":260,\"ageMin\":240,\"createBy\":\"admin\",\"createTime\":\"2024-03-04 11:21:25\",\"ext1\":[\"mf/yn12\"],\"id\":25,\"params\":{},\"state\":\"0\",\"vaccinesCodes\":\"[\\\"mf/yn12\\\"]\"}','{\"msg\":\"操作成功\",\"code\":200}',0,NULL,'2024-03-04 03:21:26',5),(184,'各年龄段需打疫苗信息',1,'com.autumn.project.vaccines.controller.AgeVaccinesInfoController.add()','POST',1,'admin','研发部门','/vaccines/ageVaccinesInfo','222.137.18.131','河南省 郑州市','{\"age\":\"9.0月 - 9.3月\",\"ageMax\":280,\"ageMin\":270,\"createBy\":\"admin\",\"createTime\":\"2024-03-04 11:23:57\",\"ext1\":[\"ln22\"],\"id\":26,\"params\":{},\"state\":\"0\",\"vaccinesCodes\":\"[\\\"ln22\\\"]\"}','{\"msg\":\"操作成功\",\"code\":200}',0,NULL,'2024-03-04 03:23:58',23),(185,'各年龄段需打疫苗信息',1,'com.autumn.project.vaccines.controller.AgeVaccinesInfoController.add()','POST',1,'admin','研发部门','/vaccines/ageVaccinesInfo','222.137.18.131','XX XX','{\"age\":\"1.5岁 - 1.6岁\",\"ageMax\":580,\"ageMin\":550,\"createBy\":\"admin\",\"createTime\":\"2024-03-04 11:24:33\",\"ext1\":[\"jg1\"],\"id\":27,\"params\":{},\"state\":\"0\",\"vaccinesCodes\":\"[\\\"jg1\\\"]\"}','{\"msg\":\"操作成功\",\"code\":200}',0,NULL,'2024-03-04 03:24:34',5),(186,'各年龄段需打疫苗信息',1,'com.autumn.project.vaccines.controller.AgeVaccinesInfoController.add()','POST',1,'admin','研发部门','/vaccines/ageVaccinesInfo','222.137.18.131','河南省 郑州市','{\"age\":\"1.6岁 - 1.9岁\",\"ageMax\":700,\"ageMin\":590,\"createBy\":\"admin\",\"createTime\":\"2024-03-04 11:25:01\",\"ext1\":[\"bbp4/ms2\"],\"id\":28,\"params\":{},\"state\":\"0\",\"vaccinesCodes\":\"[\\\"bbp4/ms2\\\"]\"}','{\"msg\":\"操作成功\",\"code\":200}',0,NULL,'2024-03-04 03:25:01',4),(187,'各年龄段需打疫苗信息',1,'com.autumn.project.vaccines.controller.AgeVaccinesInfoController.add()','POST',1,'admin','研发部门','/vaccines/ageVaccinesInfo','222.137.18.131','XX XX','{\"age\":\"1.9岁 - 2.0岁\",\"ageMax\":730,\"ageMin\":700,\"createBy\":\"admin\",\"createTime\":\"2024-03-04 11:25:29\",\"ext1\":[\"yn3\"],\"id\":29,\"params\":{},\"state\":\"0\",\"vaccinesCodes\":\"[\\\"yn3\\\"]\"}','{\"msg\":\"操作成功\",\"code\":200}',0,NULL,'2024-03-04 03:25:30',4),(188,'各年龄段需打疫苗信息',1,'com.autumn.project.vaccines.controller.AgeVaccinesInfoController.add()','POST',1,'admin','研发部门','/vaccines/ageVaccinesInfo','222.137.18.131','河南省 郑州市','{\"age\":\"2.0岁 - 2.2岁\",\"ageMax\":800,\"ageMin\":730,\"createBy\":\"admin\",\"createTime\":\"2024-03-04 11:26:03\",\"ext1\":[\"jg2\"],\"id\":30,\"params\":{},\"state\":\"0\",\"vaccinesCodes\":\"[\\\"jg2\\\"]\"}','{\"msg\":\"操作成功\",\"code\":200}',0,NULL,'2024-03-04 03:26:03',5),(189,'各年龄段需打疫苗信息',1,'com.autumn.project.vaccines.controller.AgeVaccinesInfoController.add()','POST',1,'admin','研发部门','/vaccines/ageVaccinesInfo','222.137.18.131','XX XX','{\"age\":\"2.7岁 - 2.9岁\",\"ageMax\":1060,\"ageMin\":1000,\"createBy\":\"admin\",\"createTime\":\"2024-03-04 11:26:36\",\"ext1\":[\"lnA+C\"],\"id\":31,\"params\":{},\"state\":\"0\",\"vaccinesCodes\":\"[\\\"lnA+C\\\"]\"}','{\"msg\":\"操作成功\",\"code\":200}',0,NULL,'2024-03-04 03:26:36',5),(190,'各年龄段需打疫苗信息',1,'com.autumn.project.vaccines.controller.AgeVaccinesInfoController.add()','POST',1,'admin','研发部门','/vaccines/ageVaccinesInfo','222.137.18.131','XX XX','{\"age\":\"4.0岁 - 4.1岁\",\"ageMax\":1510,\"ageMin\":1460,\"createBy\":\"admin\",\"createTime\":\"2024-03-04 11:27:13\",\"ext1\":[\"jshz4\"],\"id\":32,\"params\":{},\"state\":\"0\",\"vaccinesCodes\":\"[\\\"jshz4\\\"]\"}','{\"msg\":\"操作成功\",\"code\":200}',0,NULL,'2024-03-04 03:27:14',5),(191,'各年龄段需打疫苗信息',1,'com.autumn.project.vaccines.controller.AgeVaccinesInfoController.add()','POST',1,'admin','研发部门','/vaccines/ageVaccinesInfo','222.137.18.131','XX XX','{\"age\":\"6.0岁 - 6.1岁\",\"ageMax\":2230,\"ageMin\":2190,\"createBy\":\"admin\",\"createTime\":\"2024-03-04 11:28:11\",\"ext1\":[\"yn4、lnA+C、bbp\"],\"id\":33,\"params\":{},\"state\":\"0\",\"vaccinesCodes\":\"[\\\"yn4、lnA+C、bbp\\\"]\"}','{\"msg\":\"操作成功\",\"code\":200}',0,NULL,'2024-03-04 03:28:11',5),(192,'各年龄段需打疫苗信息',1,'com.autumn.project.vaccines.controller.AgeVaccinesInfoController.add()','POST',1,'admin','研发部门','/vaccines/ageVaccinesInfo','222.137.18.131','XX XX','{\"age\":\"6.0岁 - 6.1岁\",\"ageMax\":2230,\"ageMin\":2190,\"createBy\":\"admin\",\"createTime\":\"2024-03-04 11:28:16\",\"ext1\":[\"yn4、lnA+C、bbp\"],\"id\":34,\"params\":{},\"state\":\"0\",\"vaccinesCodes\":\"[\\\"yn4、lnA+C、bbp\\\"]\"}','{\"msg\":\"操作成功\",\"code\":200}',0,NULL,'2024-03-04 03:28:16',5),(193,'各年龄段需打疫苗信息',1,'com.autumn.project.vaccines.controller.AgeVaccinesInfoController.add()','POST',1,'admin','研发部门','/vaccines/ageVaccinesInfo','222.137.18.131','XX XX','{\"age\":\"6.0岁 - 6.1岁\",\"ageMax\":2230,\"ageMin\":2190,\"createBy\":\"admin\",\"createTime\":\"2024-03-04 11:28:16\",\"ext1\":[\"yn4、lnA+C、bbp\"],\"id\":35,\"params\":{},\"state\":\"0\",\"vaccinesCodes\":\"[\\\"yn4、lnA+C、bbp\\\"]\"}','{\"msg\":\"操作成功\",\"code\":200}',0,NULL,'2024-03-04 03:28:16',5),(194,'疫苗信息',3,'com.autumn.project.vaccines.controller.VaccinesInfoController.remove()','DELETE',1,'admin','研发部门','/vaccines/vaccinesInfo/23,22','222.137.18.131','XX XX','{}','{\"msg\":\"操作成功\",\"code\":200}',0,NULL,'2024-03-04 05:27:32',9),(195,'各年龄段需打疫苗信息',3,'com.autumn.project.vaccines.controller.AgeVaccinesInfoController.remove()','DELETE',1,'admin','研发部门','/vaccines/ageVaccinesInfo/34,35','222.137.18.131','XX XX','{}','{\"msg\":\"操作成功\",\"code\":200}',0,NULL,'2024-03-04 05:27:53',2),(196,'用户填报信息',1,'com.autumn.project.vaccines.controller.UserFillInfoController.add()','POST',1,'zhangmeng',NULL,'/vaccines/userFillInfo','223.104.105.198','XX XX','{\"address\":\"郑州\",\"childrenBirthday\":\"2024-01-25\",\"childrenName\":\"苏珊\",\"childrenSex\":\"1\",\"createBy\":\"zhangmeng\",\"createTime\":\"2024-03-07 13:30:11\",\"ext1\":\"未匹配到数据，请工作人员选择\",\"ext2\":\"1\",\"ext4\":\"408766067@qq.com\",\"ext5\":\"0\",\"id\":66,\"params\":{},\"roleFlag\":\"2\",\"state\":\"2\",\"today\":\"2024-03-07\",\"userId\":11,\"userName\":\"苏丽\",\"userPhone\":\"17638794719\",\"userSex\":\"1\"}','{\"msg\":\"操作成功\",\"code\":200}',0,NULL,'2024-03-07 05:30:12',41),(197,'用户填报信息',2,'com.autumn.project.vaccines.controller.UserFillInfoController.edit()','PUT',1,'admin','研发部门','/vaccines/userFillInfo','223.104.105.198','XX XX','{\"address\":\"郑州\",\"childrenBirthday\":\"2024-01-25\",\"childrenName\":\"苏珊\",\"childrenSex\":\"1\",\"createBy\":\"zhangmeng\",\"createTime\":\"2024-03-07 13:30:12\",\"ext1\":\"乙肝疫苗（第二剂）-注射\",\"ext2\":\"0\",\"ext3\":\"[\\\"yg2\\\"]\",\"ext4\":\"408766067@qq.com\",\"ext5\":\"0\",\"id\":66,\"params\":{},\"roleFlag\":\"4\",\"scoreIsNull\":true,\"state\":\"4\",\"today\":\"2024-03-07\",\"userId\":11,\"userName\":\"苏丽\",\"userPhone\":\"17638794719\",\"userSex\":\"1\"}','{\"msg\":\"操作成功\",\"code\":200}',0,NULL,'2024-03-07 05:33:58',9),(198,'用户填报信息',1,'com.autumn.project.vaccines.controller.UserFillInfoController.add()','POST',1,'zhangmeng',NULL,'/vaccines/userFillInfo','223.104.105.198','XX XX','{\"address\":\"南阳\",\"childrenBirthday\":\"2022-03-03\",\"childrenName\":\"张亮\",\"childrenSex\":\"0\",\"createBy\":\"zhangmeng\",\"createTime\":\"2024-03-07 13:37:23\",\"ext1\":\"甲肝灭活疫苗（第二剂）-注射\",\"ext2\":\"0\",\"ext4\":\"408766067@qq.com\",\"ext5\":\"0\",\"id\":67,\"params\":{},\"roleFlag\":\"2\",\"state\":\"3\",\"today\":\"2024-03-07\",\"userId\":11,\"userName\":\"张明\",\"userPhone\":\"17638794719\",\"userSex\":\"0\"}','{\"msg\":\"操作成功\",\"code\":200}',0,NULL,'2024-03-07 05:37:23',9),(199,'用户填报信息',2,'com.autumn.project.vaccines.controller.UserFillInfoController.edit()','PUT',1,'zhangmeng',NULL,'/vaccines/userFillInfo','127.0.0.1','内网IP','{\"address\":\"郑州\",\"childrenAllergy\":\"无\",\"childrenBirthday\":\"2024-05-05\",\"childrenName\":\"张小小\",\"childrenSex\":\"0\",\"createBy\":\"zhangmeng\",\"createTime\":\"2024-02-29 14:13:50\",\"ext1\":\"乙肝疫苗（第一剂）-注射\",\"ext2\":\"0\",\"ext3\":\"[\\\"yg1\\\"]\",\"ext4\":\"408766067@qq.com\",\"ext5\":\"0\",\"id\":61,\"opinions\":\"<p>服务很好</p>\",\"params\":{},\"roleFlag\":\"5\",\"score\":\"5\",\"scoreIsNull\":true,\"state\":\"5\",\"today\":\"2024-02-29\",\"userId\":11,\"userName\":\"张梦旋\",\"userPhone\":\"17638794719\",\"userSex\":\"1\"}','{\"msg\":\"操作成功\",\"code\":200}',0,NULL,'2024-03-19 08:49:53',37),(200,'用户填报信息',1,'com.autumn.project.vaccines.controller.UserFillInfoController.add()','POST',1,'zhangmeng',NULL,'/vaccines/userFillInfo','127.0.0.1','内网IP','{\"address\":\"郑州\",\"childrenBirthday\":\"2023-12-14\",\"childrenName\":\"张11\",\"childrenSex\":\"1\",\"createBy\":\"zhangmeng\",\"createTime\":\"2024-03-19 16:50:58\",\"ext1\":\"百白破联合疫苗（第一剂）-注射\",\"ext2\":\"0\",\"ext4\":\"408766067@qq.com\",\"ext5\":\"0\",\"id\":68,\"params\":{},\"roleFlag\":\"2\",\"state\":\"3\",\"today\":\"2024-03-19\",\"userId\":11,\"userName\":\"张1\",\"userPhone\":\"17638794719\",\"userSex\":\"1\"}','{\"msg\":\"操作成功\",\"code\":200}',0,NULL,'2024-03-19 08:50:58',46),(201,'用户填报信息',1,'com.autumn.project.vaccines.controller.UserFillInfoController.add()','POST',1,'zhangmeng',NULL,'/vaccines/userFillInfo','127.0.0.1','内网IP','{\"address\":\"郑州\",\"childrenBirthday\":\"2024-01-10\",\"childrenName\":\"张22\",\"childrenSex\":\"0\",\"createBy\":\"zhangmeng\",\"createTime\":\"2024-03-19 16:51:44\",\"ext1\":\"脊髓灰质炎减毒活疫苗（第一剂）-注射\",\"ext2\":\"0\",\"ext4\":\"408766067@qq.com\",\"ext5\":\"0\",\"id\":69,\"params\":{},\"roleFlag\":\"2\",\"state\":\"3\",\"today\":\"2024-03-19\",\"userId\":11,\"userName\":\"张2\",\"userPhone\":\"17638794719\",\"userSex\":\"0\"}','{\"msg\":\"操作成功\",\"code\":200}',0,NULL,'2024-03-19 08:51:44',23),(202,'用户填报信息',2,'com.autumn.project.vaccines.controller.UserFillInfoController.edit()','PUT',1,'admin','研发部门','/vaccines/userFillInfo','127.0.0.1','内网IP','{\"address\":\"郑州\",\"childrenBirthday\":\"2024-01-10\",\"childrenName\":\"张22\",\"childrenSex\":\"0\",\"createBy\":\"zhangmeng\",\"createTime\":\"2024-03-19 16:51:44\",\"ext1\":\"脊髓灰质炎减毒活疫苗（第一剂）-注射\",\"ext2\":\"0\",\"ext3\":\"null\",\"ext4\":\"408766067@qq.com\",\"ext5\":\"0\",\"id\":69,\"params\":{},\"roleFlag\":\"4\",\"scoreIsNull\":true,\"state\":\"4\",\"today\":\"2024-03-19\",\"userId\":11,\"userName\":\"张2\",\"userPhone\":\"17638794719\",\"userSex\":\"0\"}','{\"msg\":\"操作成功\",\"code\":200}',0,NULL,'2024-03-19 08:55:54',22),(203,'用户填报信息',3,'com.autumn.project.vaccines.controller.UserFillInfoController.remove()','DELETE',1,'admin','研发部门','/vaccines/userFillInfo/68','127.0.0.1','内网IP','{}','{\"msg\":\"操作成功\",\"code\":200}',0,NULL,'2024-03-19 08:57:27',13),(204,'用户填报信息',2,'com.autumn.project.vaccines.controller.UserFillInfoController.edit()','PUT',1,'admin','研发部门','/vaccines/userFillInfo','127.0.0.1','内网IP','{\"address\":\"郑州\",\"childrenAllergy\":\"无\",\"childrenBirthday\":\"2024-05-05\",\"childrenName\":\"张小小\",\"childrenSex\":\"0\",\"createBy\":\"zhangmeng\",\"createTime\":\"2024-02-29 14:13:50\",\"ext1\":\"乙肝疫苗（第一剂）-注射\",\"ext2\":\"0\",\"ext3\":\"[\\\"yg1\\\"]\",\"ext4\":\"408766067@qq.com\",\"ext5\":\"0\",\"id\":61,\"opinions\":\"<p>服务很好</p>\",\"params\":{},\"score\":\"5\",\"scoreIsNull\":false,\"state\":\"5\",\"today\":\"2024-02-29\",\"userId\":11,\"userName\":\"张梦旋\",\"userPhone\":\"17638794719\",\"userSex\":\"1\"}','{\"msg\":\"操作成功\",\"code\":200}',0,NULL,'2024-03-19 08:58:26',17),(205,'用户填报信息',2,'com.autumn.project.vaccines.controller.UserFillInfoController.edit()','PUT',1,'admin','研发部门','/vaccines/userFillInfo','127.0.0.1','内网IP','{\"address\":\"郑州\",\"childrenAllergy\":\"无\",\"childrenBirthday\":\"2024-05-05\",\"childrenName\":\"张小小\",\"childrenSex\":\"0\",\"createBy\":\"zhangmeng\",\"createTime\":\"2024-02-29 14:13:50\",\"ext1\":\"乙肝疫苗（第一剂）-注射\",\"ext2\":\"0\",\"ext3\":\"[\\\"yg1\\\"]\",\"ext4\":\"408766067@qq.com\",\"ext5\":\"0\",\"id\":61,\"opinions\":\"<p>服务很好</p>\",\"params\":{},\"score\":\"5\",\"scoreIsNull\":false,\"state\":\"5\",\"today\":\"2024-02-29\",\"userId\":11,\"userName\":\"张梦旋\",\"userPhone\":\"17638794719\",\"userSex\":\"1\"}','{\"msg\":\"操作成功\",\"code\":200}',0,NULL,'2024-03-19 08:58:48',21),(206,'用户填报信息',2,'com.autumn.project.vaccines.controller.UserFillInfoController.edit()','PUT',1,'zhangmeng',NULL,'/vaccines/userFillInfo','127.0.0.1','内网IP','{\"address\":\"郑州\",\"childrenBirthday\":\"2024-01-10\",\"childrenName\":\"张22\",\"childrenSex\":\"0\",\"createBy\":\"zhangmeng\",\"createTime\":\"2024-03-19 16:51:44\",\"ext1\":\"脊髓灰质炎减毒活疫苗（第一剂）-注射\",\"ext2\":\"0\",\"ext3\":\"\\\"null\\\"\",\"ext4\":\"408766067@qq.com\",\"ext5\":\"0\",\"id\":69,\"params\":{},\"roleFlag\":\"5\",\"scoreIsNull\":true,\"state\":\"5\",\"today\":\"2024-03-19\",\"userId\":11,\"userName\":\"张2\",\"userPhone\":\"17638794719\",\"userSex\":\"0\"}','{\"msg\":\"操作成功\",\"code\":200}',0,NULL,'2024-03-19 09:01:19',20),(207,'用户填报信息',1,'com.autumn.project.vaccines.controller.UserFillInfoController.add()','POST',1,'zhangmeng',NULL,'/vaccines/userFillInfo','127.0.0.1','内网IP','{\"address\":\"杭州\",\"childrenBirthday\":\"2023-12-05\",\"childrenName\":\"陈2\",\"childrenSex\":\"1\",\"createBy\":\"zhangmeng\",\"createTime\":\"2024-03-24 12:59:04\",\"ext1\":\"未匹配到数据，请工作人员选择\",\"ext2\":\"1\",\"ext4\":\"408766067@qq.com\",\"ext5\":\"0\",\"id\":70,\"params\":{},\"roleFlag\":\"2\",\"state\":\"2\",\"today\":\"2024-03-24\",\"userId\":11,\"userName\":\"陈1\",\"userPhone\":\"17638794719\",\"userSex\":\"1\"}','{\"msg\":\"操作成功\",\"code\":200}',0,NULL,'2024-03-24 04:59:04',57),(208,'用户填报信息',2,'com.autumn.project.vaccines.controller.UserFillInfoController.edit()','PUT',1,'zhangmeng',NULL,'/vaccines/userFillInfo','127.0.0.1','内网IP','{\"address\":\"郑州\",\"childrenBirthday\":\"2024-01-10\",\"childrenName\":\"张22\",\"childrenSex\":\"0\",\"createBy\":\"zhangmeng\",\"createTime\":\"2024-03-19 16:51:44\",\"ext1\":\"脊髓灰质炎减毒活疫苗（第一剂）-注射\",\"ext2\":\"0\",\"ext3\":\"\\\"\\\\\\\"null\\\\\\\"\\\"\",\"ext4\":\"408766067@qq.com\",\"ext5\":\"0\",\"id\":69,\"params\":{},\"roleFlag\":\"5\",\"score\":\"2\",\"scoreIsNull\":true,\"state\":\"5\",\"today\":\"2024-03-19\",\"userId\":11,\"userName\":\"张2\",\"userPhone\":\"17638794719\",\"userSex\":\"0\"}','{\"msg\":\"操作成功\",\"code\":200}',0,NULL,'2024-03-24 05:05:54',15),(209,'用户填报信息',1,'com.autumn.project.vaccines.controller.UserFillInfoController.add()','POST',1,'zhangmeng',NULL,'/vaccines/userFillInfo','127.0.0.1','内网IP','{\"address\":\"南阳\",\"childrenBirthday\":\"2024-02-02\",\"childrenName\":\"张34\",\"childrenSex\":\"1\",\"createBy\":\"zhangmeng\",\"createTime\":\"2024-03-24 13:07:02\",\"ext1\":\"未匹配到数据，请工作人员选择\",\"ext2\":\"1\",\"ext4\":\"408766067@qq.com\",\"ext5\":\"0\",\"id\":71,\"params\":{},\"roleFlag\":\"2\",\"state\":\"2\",\"today\":\"2024-03-24\",\"userId\":11,\"userName\":\"张22\",\"userPhone\":\"17638794719\",\"userSex\":\"1\"}','{\"msg\":\"操作成功\",\"code\":200}',0,NULL,'2024-03-24 05:07:02',15),(210,'用户填报信息',2,'com.autumn.project.vaccines.controller.UserFillInfoController.edit()','PUT',1,'admin','研发部门','/vaccines/userFillInfo','127.0.0.1','内网IP','{\"address\":\"杭州\",\"childrenBirthday\":\"2023-12-05\",\"childrenName\":\"陈2\",\"childrenSex\":\"1\",\"createBy\":\"zhangmeng\",\"createTime\":\"2024-03-24 12:59:05\",\"ext1\":\"百白破联合疫苗（第一剂）-注射\",\"ext2\":\"0\",\"ext3\":\"[\\\"bbp1\\\"]\",\"ext4\":\"408766067@qq.com\",\"ext5\":\"0\",\"id\":70,\"params\":{},\"roleFlag\":\"4\",\"scoreIsNull\":true,\"state\":\"4\",\"today\":\"2024-03-24\",\"userId\":11,\"userName\":\"陈1\",\"userPhone\":\"17638794719\",\"userSex\":\"1\"}','{\"msg\":\"操作成功\",\"code\":200}',0,NULL,'2024-03-24 05:08:13',20),(211,'用户填报信息',2,'com.autumn.project.vaccines.controller.UserFillInfoController.edit()','PUT',1,'zhangmeng',NULL,'/vaccines/userFillInfo','127.0.0.1','内网IP','{\"address\":\"山东\",\"childrenBirthday\":\"2019-06-12\",\"childrenName\":\"白朗\",\"childrenSex\":\"1\",\"createBy\":\"zhangmeng\",\"createTime\":\"2024-03-01 18:57:20\",\"ext1\":\"乙肝疫苗（第一剂）-注射\",\"ext2\":\"0\",\"ext3\":\"[\\\"yg1\\\"]\",\"ext4\":\"408766067@qq.com\",\"ext5\":\"0\",\"id\":65,\"params\":{},\"roleFlag\":\"5\",\"scoreIsNull\":true,\"state\":\"5\",\"today\":\"2024-03-01\",\"userId\":11,\"userName\":\"白艳\",\"userPhone\":\"17636794619\",\"userSex\":\"1\"}','{\"msg\":\"操作成功\",\"code\":200}',0,NULL,'2024-03-24 08:02:26',13),(212,'用户填报信息',1,'com.autumn.project.vaccines.controller.UserFillInfoController.add()','POST',1,'zhangmeng',NULL,'/vaccines/userFillInfo','127.0.0.1','内网IP','{\"address\":\"南阳\",\"childrenBirthday\":\"2024-02-16\",\"childrenName\":\"李22\",\"childrenSex\":\"1\",\"createBy\":\"zhangmeng\",\"createTime\":\"2024-03-24 16:09:59\",\"ext4\":\"408766067@qq.com\",\"ext5\":\"0\",\"id\":72,\"params\":{},\"roleFlag\":\"1\",\"state\":\"1\",\"today\":\"2024-03-24\",\"userId\":11,\"userName\":\"李11\",\"userPhone\":\"17638794719\",\"userSex\":\"0\"}','{\"msg\":\"操作成功\",\"code\":200}',0,NULL,'2024-03-24 08:09:59',23),(213,'用户填报信息',1,'com.autumn.project.vaccines.controller.UserFillInfoController.add()','POST',1,'zhangmeng',NULL,'/vaccines/userFillInfo','127.0.0.1','内网IP','{\"address\":\"洛阳\",\"childrenBirthday\":\"2024-03-04\",\"childrenName\":\"李丽\",\"childrenSex\":\"1\",\"createBy\":\"zhangmeng\",\"createTime\":\"2024-03-24 16:16:49\",\"ext4\":\"408766067@qq.com\",\"ext5\":\"0\",\"id\":73,\"params\":{},\"roleFlag\":\"1\",\"state\":\"1\",\"today\":\"2024-03-24\",\"userId\":11,\"userName\":\"李4\",\"userPhone\":\"17638794719\",\"userSex\":\"1\"}','{\"msg\":\"操作成功\",\"code\":200}',0,NULL,'2024-03-24 08:16:50',17),(214,'用户填报信息',2,'com.autumn.project.vaccines.controller.UserFillInfoController.edit()','PUT',1,'zhangmeng',NULL,'/vaccines/userFillInfo','127.0.0.1','内网IP','{\"address\":\"洛阳\",\"childrenBirthday\":\"2024-03-07\",\"childrenName\":\"李丽\",\"childrenSex\":\"1\",\"createBy\":\"zhangmeng\",\"createTime\":\"2024-03-24 16:16:50\",\"ext1\":\"未匹配到数据，请工作人员选择\",\"ext2\":\"1\",\"ext3\":\"null\",\"ext4\":\"408766067@qq.com\",\"ext5\":\"0\",\"id\":73,\"params\":{},\"roleFlag\":\"2\",\"scoreIsNull\":true,\"state\":\"2\",\"today\":\"2024-03-24\",\"userId\":11,\"userName\":\"李4\",\"userPhone\":\"17638794719\",\"userSex\":\"1\"}',NULL,1,'nested exception is org.apache.ibatis.builder.BuilderException: The expression \'vaccinesCodes\' evaluated to a null value.','2024-03-24 08:17:21',14),(215,'用户填报信息',2,'com.autumn.project.vaccines.controller.UserFillInfoController.edit()','PUT',1,'zhangmeng',NULL,'/vaccines/userFillInfo','127.0.0.1','内网IP','{\"address\":\"洛阳\",\"childrenBirthday\":\"2024-03-07\",\"childrenName\":\"李丽\",\"childrenSex\":\"1\",\"createBy\":\"zhangmeng\",\"createTime\":\"2024-03-24 16:16:50\",\"ext1\":\"未匹配到数据，请工作人员选择\",\"ext2\":\"1\",\"ext3\":\"null\",\"ext4\":\"408766067@qq.com\",\"ext5\":\"0\",\"id\":73,\"params\":{},\"roleFlag\":\"2\",\"scoreIsNull\":true,\"state\":\"2\",\"today\":\"2024-03-24\",\"userId\":11,\"userName\":\"李4\",\"userPhone\":\"17638794719\",\"userSex\":\"1\"}',NULL,1,'nested exception is org.apache.ibatis.builder.BuilderException: The expression \'vaccinesCodes\' evaluated to a null value.','2024-03-24 08:32:05',12),(216,'用户填报信息',2,'com.autumn.project.vaccines.controller.UserFillInfoController.edit()','PUT',1,'zhangmeng',NULL,'/vaccines/userFillInfo','127.0.0.1','内网IP','{\"address\":\"洛阳\",\"childrenBirthday\":\"2024-03-07\",\"childrenName\":\"李丽\",\"childrenSex\":\"1\",\"createBy\":\"zhangmeng\",\"createTime\":\"2024-03-24 16:16:50\",\"ext1\":\"未匹配到数据，请工作人员选择\",\"ext2\":\"1\",\"ext3\":\"null\",\"ext4\":\"408766067@qq.com\",\"ext5\":\"0\",\"id\":73,\"params\":{},\"roleFlag\":\"2\",\"scoreIsNull\":true,\"state\":\"2\",\"today\":\"2024-03-24\",\"userId\":11,\"userName\":\"李4\",\"userPhone\":\"17638794719\",\"userSex\":\"1\"}',NULL,1,'nested exception is org.apache.ibatis.builder.BuilderException: The expression \'vaccinesCodes\' evaluated to a null value.','2024-03-24 08:32:10',12),(217,'用户填报信息',2,'com.autumn.project.vaccines.controller.UserFillInfoController.edit()','PUT',1,'zhangmeng',NULL,'/vaccines/userFillInfo','127.0.0.1','内网IP','{\"address\":\"洛阳\",\"childrenBirthday\":\"2024-03-07\",\"childrenName\":\"李丽\",\"childrenSex\":\"1\",\"createBy\":\"zhangmeng\",\"createTime\":\"2024-03-24 16:16:50\",\"ext1\":\"未匹配到数据，请工作人员选择\",\"ext2\":\"1\",\"ext3\":\"null\",\"ext4\":\"408766067@qq.com\",\"ext5\":\"0\",\"id\":73,\"params\":{},\"roleFlag\":\"2\",\"scoreIsNull\":true,\"state\":\"2\",\"today\":\"2024-03-24\",\"userId\":11,\"userName\":\"李4\",\"userPhone\":\"17638794719\",\"userSex\":\"1\"}',NULL,1,'nested exception is org.apache.ibatis.builder.BuilderException: The expression \'vaccinesCodes\' evaluated to a null value.','2024-03-24 08:35:02',9),(218,'用户填报信息',2,'com.autumn.project.vaccines.controller.UserFillInfoController.edit()','PUT',1,'zhangmeng',NULL,'/vaccines/userFillInfo','127.0.0.1','内网IP','{\"address\":\"洛阳\",\"childrenBirthday\":\"2024-03-07\",\"childrenName\":\"李丽\",\"childrenSex\":\"1\",\"createBy\":\"zhangmeng\",\"createTime\":\"2024-03-24 16:16:50\",\"ext1\":\"未匹配到数据，请工作人员选择\",\"ext2\":\"1\",\"ext3\":\"null\",\"ext4\":\"408766067@qq.com\",\"ext5\":\"0\",\"id\":73,\"params\":{},\"roleFlag\":\"2\",\"scoreIsNull\":true,\"state\":\"2\",\"today\":\"2024-03-24\",\"userId\":11,\"userName\":\"李4\",\"userPhone\":\"17638794719\",\"userSex\":\"1\"}',NULL,1,'nested exception is org.apache.ibatis.builder.BuilderException: The expression \'vaccinesCodes\' evaluated to a null value.','2024-03-24 08:35:23',6),(219,'用户填报信息',2,'com.autumn.project.vaccines.controller.UserFillInfoController.edit()','PUT',1,'zhangmeng',NULL,'/vaccines/userFillInfo','127.0.0.1','内网IP','{\"address\":\"洛阳\",\"childrenBirthday\":\"2024-03-07\",\"childrenName\":\"李丽\",\"childrenSex\":\"1\",\"createBy\":\"zhangmeng\",\"createTime\":\"2024-03-24 16:16:50\",\"ext1\":\"未匹配到数据，请工作人员选择\",\"ext2\":\"1\",\"ext3\":\"null\",\"ext4\":\"408766067@qq.com\",\"ext5\":\"0\",\"id\":73,\"params\":{},\"roleFlag\":\"2\",\"scoreIsNull\":true,\"state\":\"2\",\"today\":\"2024-03-24\",\"userId\":11,\"userName\":\"李4\",\"userPhone\":\"17638794719\",\"userSex\":\"1\"}',NULL,1,'nested exception is org.apache.ibatis.builder.BuilderException: The expression \'vaccinesCodes\' evaluated to a null value.','2024-03-24 08:35:31',6),(220,'用户填报信息',1,'com.autumn.project.vaccines.controller.UserFillInfoController.add()','POST',1,'zhangmeng',NULL,'/vaccines/userFillInfo','127.0.0.1','内网IP','{\"address\":\"湖南\",\"childrenBirthday\":\"2024-03-07\",\"childrenName\":\"力1\",\"childrenSex\":\"1\",\"createBy\":\"zhangmeng\",\"createTime\":\"2024-03-24 16:36:20\",\"ext1\":\"未匹配到数据，请工作人员选择\",\"ext2\":\"1\",\"ext4\":\"408766067@qq.com\",\"ext5\":\"0\",\"id\":74,\"params\":{},\"roleFlag\":\"2\",\"state\":\"2\",\"today\":\"2024-03-24\",\"userId\":11,\"userName\":\"李来\",\"userPhone\":\"17638794719\",\"userSex\":\"1\"}','{\"msg\":\"操作成功\",\"code\":200}',0,NULL,'2024-03-24 08:36:20',31),(221,'用户填报信息',2,'com.autumn.project.vaccines.controller.UserFillInfoController.edit()','PUT',1,'zhangmeng',NULL,'/vaccines/userFillInfo','127.0.0.1','内网IP','{\"address\":\"洛阳\",\"childrenBirthday\":\"2024-03-04\",\"childrenName\":\"李丽\",\"childrenSex\":\"1\",\"createBy\":\"zhangmeng\",\"createTime\":\"2024-03-24 16:16:50\",\"ext1\":\"未匹配到数据，请工作人员选择\",\"ext2\":\"1\",\"ext3\":\"null\",\"ext4\":\"408766067@qq.com\",\"ext5\":\"0\",\"id\":73,\"params\":{},\"roleFlag\":\"2\",\"scoreIsNull\":true,\"state\":\"2\",\"today\":\"2024-03-24\",\"userId\":11,\"userName\":\"李4\",\"userPhone\":\"17638794719\",\"userSex\":\"1\"}',NULL,1,'nested exception is org.apache.ibatis.builder.BuilderException: The expression \'vaccinesCodes\' evaluated to a null value.','2024-03-24 08:45:32',11),(222,'用户填报信息',1,'com.autumn.project.vaccines.controller.UserFillInfoController.add()','POST',1,'zhangmeng',NULL,'/vaccines/userFillInfo','127.0.0.1','内网IP','{\"address\":\"郑州\",\"childrenBirthday\":\"2024-01-26\",\"childrenName\":\"张22\",\"childrenSex\":\"0\",\"createBy\":\"zhangmeng\",\"createTime\":\"2024-03-24 16:47:18\",\"ext1\":\"未匹配到数据，请工作人员选择\",\"ext2\":\"1\",\"ext4\":\"408766067@qq.com\",\"ext5\":\"0\",\"id\":75,\"params\":{},\"roleFlag\":\"2\",\"state\":\"2\",\"today\":\"2024-03-24\",\"userId\":11,\"userName\":\"张2\",\"userPhone\":\"17638794719\",\"userSex\":\"0\"}','{\"msg\":\"操作成功\",\"code\":200}',0,NULL,'2024-03-24 08:47:18',21),(223,'用户填报信息',1,'com.autumn.project.vaccines.controller.UserFillInfoController.add()','POST',1,'zhangmeng',NULL,'/vaccines/userFillInfo','127.0.0.1','内网IP','{\"address\":\"郑州\",\"childrenBirthday\":\"2023-12-27\",\"childrenName\":\"张33\",\"childrenSex\":\"1\",\"createBy\":\"zhangmeng\",\"createTime\":\"2024-03-24 16:48:01\",\"ext1\":\"脊髓灰质炎减毒活疫苗（第二剂）-口服\",\"ext2\":\"0\",\"ext4\":\"408766067@qq.com\",\"ext5\":\"0\",\"id\":76,\"params\":{},\"roleFlag\":\"2\",\"state\":\"3\",\"today\":\"2024-03-24\",\"userId\":11,\"userName\":\"张3\",\"userPhone\":\"17638794719\",\"userSex\":\"1\"}','{\"msg\":\"操作成功\",\"code\":200}',0,NULL,'2024-03-24 08:48:01',29),(224,'用户填报信息',2,'com.autumn.project.vaccines.controller.UserFillInfoController.edit()','PUT',1,'admin','研发部门','/vaccines/userFillInfo','127.0.0.1','内网IP','{\"address\":\"郑州\",\"childrenBirthday\":\"2023-12-27\",\"childrenName\":\"张33\",\"childrenSex\":\"1\",\"createBy\":\"zhangmeng\",\"createTime\":\"2024-03-24 16:48:02\",\"ext1\":\"脊髓灰质炎减毒活疫苗（第二剂）-口服\",\"ext2\":\"0\",\"ext3\":\"null\",\"ext4\":\"408766067@qq.com\",\"ext5\":\"0\",\"id\":76,\"params\":{},\"roleFlag\":\"4\",\"scoreIsNull\":true,\"state\":\"4\",\"today\":\"2024-03-24\",\"userId\":11,\"userName\":\"张3\",\"userPhone\":\"17638794719\",\"userSex\":\"1\"}','{\"msg\":\"操作成功\",\"code\":200}',0,NULL,'2024-03-24 08:52:15',25),(225,'用户头像',2,'com.autumn.project.system.controller.SysProfileController.avatar()','POST',1,'admin','研发部门','/system/user/profile/avatar','127.0.0.1','内网IP','','{\"msg\":\"操作成功\",\"imgUrl\":\"/profile/avatar/2024/03/24/WechatIMG26_20240324170223A001.jpg\",\"code\":200}',0,NULL,'2024-03-24 09:02:23',95),(226,'用户填报信息',1,'com.autumn.project.vaccines.controller.UserFillInfoController.add()','POST',1,'zhangmeng',NULL,'/vaccines/userFillInfo','127.0.0.1','内网IP','{\"address\":\"郑州\",\"childrenBirthday\":\"2024-03-19\",\"childrenName\":\"张可\",\"childrenSex\":\"1\",\"createBy\":\"zhangmeng\",\"createTime\":\"2024-03-25 15:22:02\",\"ext1\":\"该时间段暂时无需打疫苗\",\"ext2\":\"2\",\"ext4\":\"408766067@qq.com\",\"ext5\":\"0\",\"id\":77,\"params\":{},\"roleFlag\":\"2\",\"state\":\"2\",\"today\":\"2024-03-25\",\"userId\":11,\"userName\":\"张题\",\"userPhone\":\"17638794719\",\"userSex\":\"0\"}','{\"msg\":\"操作成功\",\"code\":200}',0,NULL,'2024-03-25 07:22:02',42),(227,'用户填报信息',2,'com.autumn.project.vaccines.controller.UserFillInfoController.edit()','PUT',1,'admin','研发部门','/vaccines/userFillInfo','127.0.0.1','内网IP','{\"address\":\"郑州\",\"childrenBirthday\":\"2024-03-19\",\"childrenName\":\"张可\",\"childrenSex\":\"1\",\"createBy\":\"zhangmeng\",\"createTime\":\"2024-03-25 15:22:02\",\"ext1\":\"该时间段暂时无需打疫苗\",\"ext2\":\"2\",\"ext3\":\"null\",\"ext4\":\"408766067@qq.com\",\"ext5\":\"0\",\"id\":77,\"params\":{},\"scoreIsNull\":true,\"state\":\"2\",\"today\":\"2024-03-25\",\"userId\":11,\"userName\":\"张题\",\"userPhone\":\"17638794719\",\"userSex\":\"0\"}','{\"msg\":\"操作成功\",\"code\":200}',0,NULL,'2024-03-25 07:26:16',20),(228,'用户填报信息',2,'com.autumn.project.vaccines.controller.UserFillInfoController.edit()','PUT',1,'admin','研发部门','/vaccines/userFillInfo','127.0.0.1','内网IP','{\"address\":\"郑州\",\"childrenBirthday\":\"2024-03-19\",\"childrenName\":\"张可\",\"childrenSex\":\"1\",\"createBy\":\"zhangmeng\",\"createTime\":\"2024-03-25 15:22:02\",\"ext1\":\"该时间段暂时无需打疫苗\",\"ext2\":\"2\",\"ext3\":\"\\\"null\\\"\",\"ext4\":\"408766067@qq.com\",\"ext5\":\"0\",\"id\":77,\"params\":{},\"roleFlag\":\"4\",\"scoreIsNull\":true,\"state\":\"4\",\"today\":\"2024-03-25\",\"userId\":11,\"userName\":\"张题\",\"userPhone\":\"17638794719\",\"userSex\":\"0\"}','{\"msg\":\"操作成功\",\"code\":200}',0,NULL,'2024-03-25 07:36:28',26),(229,'用户填报信息',2,'com.autumn.project.vaccines.controller.UserFillInfoController.edit()','PUT',1,'zhangmeng',NULL,'/vaccines/userFillInfo','127.0.0.1','内网IP','{\"address\":\"郑州\",\"childrenBirthday\":\"2024-03-19\",\"childrenName\":\"张可\",\"childrenSex\":\"1\",\"createBy\":\"zhangmeng\",\"createTime\":\"2024-03-25 15:22:02\",\"ext1\":\"该时间段暂时无需打疫苗\",\"ext2\":\"2\",\"ext3\":\"\\\"\\\\\\\"null\\\\\\\"\\\"\",\"ext4\":\"408766067@qq.com\",\"ext5\":\"0\",\"id\":77,\"params\":{},\"roleFlag\":\"5\",\"scoreIsNull\":true,\"state\":\"5\",\"today\":\"2024-03-25\",\"userId\":11,\"userName\":\"张题\",\"userPhone\":\"17638794719\",\"userSex\":\"0\"}','{\"msg\":\"操作成功\",\"code\":200}',0,NULL,'2024-03-25 07:37:40',24),(230,'菜单管理',2,'com.autumn.project.system.controller.SysMenuController.edit()','PUT',1,'admin','研发部门','/system/menu','127.0.0.1','内网IP','{\"children\":[],\"component\":\"system/config/index\",\"createTime\":\"2024-01-15 05:14:47\",\"icon\":\"edit\",\"isCache\":\"0\",\"isFrame\":\"1\",\"menuId\":106,\"menuName\":\"参数设置\",\"menuType\":\"C\",\"orderNum\":7,\"params\":{},\"parentId\":1,\"path\":\"config\",\"perms\":\"system:config:list\",\"query\":\"\",\"status\":\"0\",\"updateBy\":\"admin\",\"visible\":\"0\"}','{\"msg\":\"操作成功\",\"code\":200}',0,NULL,'2024-03-25 08:25:11',48),(231,'参数管理',2,'com.autumn.project.system.controller.SysConfigController.edit()','PUT',1,'admin','研发部门','/system/config','127.0.0.1','内网IP','{\"configId\":7,\"configKey\":\"zmx.dym.days\",\"configName\":\"提醒打疫苗天数\",\"configType\":\"Y\",\"configValue\":\"请在七天内完成接种\",\"createBy\":\"admin\",\"createTime\":\"2024-03-25 08:01:23\",\"params\":{},\"updateBy\":\"admin\",\"updateTime\":\"2024-03-25 08:06:46\"}','{\"msg\":\"操作成功\",\"code\":200}',0,NULL,'2024-03-25 08:43:41',49),(232,'参数管理',2,'com.autumn.project.system.controller.SysConfigController.edit()','PUT',1,'admin','研发部门','/system/config','127.0.0.1','内网IP','{\"configId\":7,\"configKey\":\"zmx.dym.days\",\"configName\":\"提醒打疫苗天数\",\"configType\":\"Y\",\"configValue\":\"请在三天内完成接种\",\"createBy\":\"admin\",\"createTime\":\"2024-03-25 08:01:23\",\"params\":{},\"updateBy\":\"admin\",\"updateTime\":\"2024-03-25 08:43:41\"}','{\"msg\":\"操作成功\",\"code\":200}',0,NULL,'2024-03-25 08:46:43',41),(233,'用户填报信息',1,'com.autumn.project.vaccines.controller.UserFillInfoController.add()','POST',1,'zhangmeng',NULL,'/vaccines/userFillInfo','127.0.0.1','内网IP','{\"address\":\"郑州\",\"childrenBirthday\":\"2023-06-30\",\"childrenName\":\"张6\",\"childrenSex\":\"1\",\"createBy\":\"zhangmeng\",\"createTime\":\"2024-03-25 16:53:40\",\"ext1\":\"该时间段暂时无需打疫苗\",\"ext2\":\"2\",\"ext4\":\"408766067@qq.com\",\"ext5\":\"0\",\"id\":78,\"params\":{},\"roleFlag\":\"2\",\"state\":\"2\",\"today\":\"2024-03-25\",\"userId\":11,\"userName\":\"张5\",\"userPhone\":\"17638794719\",\"userSex\":\"1\"}','{\"msg\":\"操作成功\",\"code\":200}',0,NULL,'2024-03-25 08:53:40',29),(234,'用户填报信息',1,'com.autumn.project.vaccines.controller.UserFillInfoController.add()','POST',1,'zhangmeng',NULL,'/vaccines/userFillInfo','127.0.0.1','内网IP','{\"address\":\"郑州\",\"childrenBirthday\":\"2023-01-11\",\"childrenName\":\"张77\",\"childrenSex\":\"1\",\"createBy\":\"zhangmeng\",\"createTime\":\"2024-03-25 16:58:43\",\"ext1\":\"该时间段暂时无需打疫苗\",\"ext2\":\"2\",\"ext4\":\"408766067@qq.com\",\"ext5\":\"0\",\"id\":79,\"params\":{},\"roleFlag\":\"2\",\"state\":\"2\",\"today\":\"2024-03-25\",\"userId\":11,\"userName\":\"张7\",\"userPhone\":\"17638794719\",\"userSex\":\"1\"}','{\"msg\":\"操作成功\",\"code\":200}',0,NULL,'2024-03-25 08:58:43',25),(235,'用户填报信息',1,'com.autumn.project.vaccines.controller.UserFillInfoController.add()','POST',1,'zhangmeng',NULL,'/vaccines/userFillInfo','127.0.0.1','内网IP','{\"address\":\"郑州\",\"childrenBirthday\":\"2023-12-07\",\"childrenName\":\"张88\",\"childrenSex\":\"0\",\"createBy\":\"zhangmeng\",\"createTime\":\"2024-03-25 17:00:45\",\"ext1\":\"该时间段暂时无需打疫苗\",\"ext2\":\"2\",\"ext4\":\"408766067@qq.com\",\"ext5\":\"0\",\"id\":80,\"params\":{},\"roleFlag\":\"2\",\"state\":\"2\",\"today\":\"2024-03-25\",\"userId\":11,\"userName\":\"张8\",\"userPhone\":\"17638794719\",\"userSex\":\"1\"}','{\"msg\":\"操作成功\",\"code\":200}',0,NULL,'2024-03-25 09:00:45',19),(236,'用户填报信息',2,'com.autumn.project.vaccines.controller.UserFillInfoController.edit()','PUT',1,'admin','研发部门','/vaccines/userFillInfo','127.0.0.1','内网IP','{\"address\":\"郑州\",\"childrenBirthday\":\"2023-06-30\",\"childrenName\":\"张6\",\"childrenSex\":\"1\",\"createBy\":\"zhangmeng\",\"createTime\":\"2024-03-25 16:53:40\",\"ext1\":\"该时间段暂时无需打疫苗\",\"ext2\":\"2\",\"ext3\":\"null\",\"ext4\":\"408766067@qq.com\",\"ext5\":\"0\",\"id\":78,\"params\":{},\"roleFlag\":\"4\",\"scoreIsNull\":true,\"state\":\"4\",\"takeCare\":\"<p>你好，该阶段暂时不需要打疫苗</p>\",\"today\":\"2024-03-25\",\"userId\":11,\"userName\":\"张5\",\"userPhone\":\"17638794719\",\"userSex\":\"1\"}','{\"msg\":\"操作成功\",\"code\":200}',0,NULL,'2024-03-25 09:02:45',15),(237,'用户填报信息',2,'com.autumn.project.vaccines.controller.UserFillInfoController.edit()','PUT',1,'admin','研发部门','/vaccines/userFillInfo','127.0.0.1','内网IP','{\"address\":\"郑州\",\"childrenBirthday\":\"2023-01-11\",\"childrenName\":\"张77\",\"childrenSex\":\"1\",\"createBy\":\"zhangmeng\",\"createTime\":\"2024-03-25 16:58:44\",\"ext1\":\"该时间段暂时无需打疫苗\",\"ext2\":\"2\",\"ext3\":\"null\",\"ext4\":\"408766067@qq.com\",\"ext5\":\"0\",\"id\":79,\"params\":{},\"roleFlag\":\"4\",\"scoreIsNull\":true,\"state\":\"4\",\"today\":\"2024-03-25\",\"userId\":11,\"userName\":\"张7\",\"userPhone\":\"17638794719\",\"userSex\":\"1\"}','{\"msg\":\"操作成功\",\"code\":200}',0,NULL,'2024-03-25 09:02:59',22),(238,'用户填报信息',1,'com.autumn.project.vaccines.controller.UserFillInfoController.add()','POST',1,'zhangmeng',NULL,'/vaccines/userFillInfo','127.0.0.1','内网IP','{\"address\":\"郑州\",\"childrenBirthday\":\"2023-12-27\",\"childrenName\":\"张88\",\"childrenSex\":\"1\",\"createBy\":\"zhangmeng\",\"createTime\":\"2024-03-25 17:10:33\",\"ext1\":\"脊髓灰质炎减毒活疫苗（第二剂）-口服\",\"ext4\":\"408766067@qq.com\",\"ext5\":\"0\",\"id\":81,\"params\":{},\"roleFlag\":\"2\",\"state\":\"3\",\"today\":\"2024-03-25\",\"userId\":11,\"userName\":\"张8\",\"userPhone\":\"17638794719\",\"userSex\":\"1\"}','{\"msg\":\"操作成功\",\"code\":200}',0,NULL,'2024-03-25 09:10:33',28),(239,'用户填报信息',2,'com.autumn.project.vaccines.controller.UserFillInfoController.edit()','PUT',1,'admin','研发部门','/vaccines/userFillInfo','127.0.0.1','内网IP','{\"address\":\"郑州\",\"childrenBirthday\":\"2023-12-27\",\"childrenName\":\"张88\",\"childrenSex\":\"1\",\"createBy\":\"zhangmeng\",\"createTime\":\"2024-03-25 17:10:34\",\"ext1\":\"脊髓灰质炎减毒活疫苗（第二剂）-口服\",\"ext3\":\"null\",\"ext4\":\"408766067@qq.com\",\"ext5\":\"0\",\"id\":81,\"params\":{},\"roleFlag\":\"4\",\"scoreIsNull\":true,\"state\":\"4\",\"today\":\"2024-03-25\",\"userId\":11,\"userName\":\"张8\",\"userPhone\":\"17638794719\",\"userSex\":\"1\"}','{\"msg\":\"操作成功\",\"code\":200}',0,NULL,'2024-03-25 09:11:29',8),(240,'用户填报信息',1,'com.autumn.project.vaccines.controller.UserFillInfoController.add()','POST',1,'zhangmeng',NULL,'/vaccines/userFillInfo','127.0.0.1','内网IP','{\"address\":\"郑州\",\"childrenBirthday\":\"2023-05-24\",\"childrenName\":\"张12\",\"childrenSex\":\"0\",\"createBy\":\"zhangmeng\",\"createTime\":\"2024-03-25 17:18:40\",\"ext1\":\"该时间段暂时无需打疫苗\",\"ext2\":\"2\",\"ext4\":\"408766067@qq.com\",\"ext5\":\"0\",\"id\":82,\"params\":{},\"roleFlag\":\"2\",\"state\":\"2\",\"today\":\"2024-03-25\",\"userId\":11,\"userName\":\"张23\",\"userPhone\":\"17638794719\",\"userSex\":\"1\"}','{\"msg\":\"操作成功\",\"code\":200}',0,NULL,'2024-03-25 09:18:40',16),(241,'用户填报信息',1,'com.autumn.project.vaccines.controller.UserFillInfoController.add()','POST',1,'zhangmeng',NULL,'/vaccines/userFillInfo','127.0.0.1','内网IP','{\"address\":\"郑州\",\"childrenBirthday\":\"2022-03-12\",\"childrenName\":\"张56\",\"childrenSex\":\"1\",\"createBy\":\"zhangmeng\",\"createTime\":\"2024-03-25 17:19:17\",\"ext1\":\"甲肝灭活疫苗（第二剂）-注射\",\"ext4\":\"408766067@qq.com\",\"ext5\":\"0\",\"id\":83,\"params\":{},\"roleFlag\":\"2\",\"state\":\"3\",\"today\":\"2024-03-25\",\"userId\":11,\"userName\":\"张09\",\"userPhone\":\"17638794719\",\"userSex\":\"1\"}','{\"msg\":\"操作成功\",\"code\":200}',0,NULL,'2024-03-25 09:19:17',30),(242,'用户填报信息',2,'com.autumn.project.vaccines.controller.UserFillInfoController.edit()','PUT',1,'admin','研发部门','/vaccines/userFillInfo','127.0.0.1','内网IP','{\"address\":\"郑州\",\"childrenBirthday\":\"2023-05-24\",\"childrenName\":\"张12\",\"childrenSex\":\"0\",\"createBy\":\"zhangmeng\",\"createTime\":\"2024-03-25 17:18:41\",\"ext1\":\"该时间段暂时无需打疫苗\",\"ext2\":\"2\",\"ext3\":\"null\",\"ext4\":\"408766067@qq.com\",\"ext5\":\"0\",\"id\":82,\"params\":{},\"scoreIsNull\":true,\"state\":\"2\",\"today\":\"2024-03-25\",\"userId\":11,\"userName\":\"张23\",\"userPhone\":\"17638794719\",\"userSex\":\"1\"}','{\"msg\":\"操作成功\",\"code\":200}',0,NULL,'2024-03-25 09:20:13',11),(243,'用户填报信息',2,'com.autumn.project.vaccines.controller.UserFillInfoController.edit()','PUT',1,'admin','研发部门','/vaccines/userFillInfo','127.0.0.1','内网IP','{\"address\":\"郑州\",\"childrenBirthday\":\"2022-03-12\",\"childrenName\":\"张56\",\"childrenSex\":\"1\",\"createBy\":\"zhangmeng\",\"createTime\":\"2024-03-25 17:19:18\",\"ext1\":\"甲肝灭活疫苗（第二剂）-注射\",\"ext3\":\"null\",\"ext4\":\"408766067@qq.com\",\"ext5\":\"0\",\"id\":83,\"params\":{},\"roleFlag\":\"4\",\"scoreIsNull\":true,\"state\":\"4\",\"today\":\"2024-03-25\",\"userId\":11,\"userName\":\"张09\",\"userPhone\":\"17638794719\",\"userSex\":\"1\"}','{\"msg\":\"操作成功\",\"code\":200}',0,NULL,'2024-03-25 09:20:25',58),(244,'用户填报信息',1,'com.autumn.project.vaccines.controller.UserFillInfoController.add()','POST',1,'zhangmeng',NULL,'/vaccines/userFillInfo','127.0.0.1','内网IP','{\"address\":\"郑州\",\"childrenBirthday\":\"2023-06-30\",\"childrenName\":\"张张\",\"childrenSex\":\"1\",\"createBy\":\"zhangmeng\",\"createTime\":\"2024-03-25 17:31:54\",\"ext1\":\"该时间段暂时无需打疫苗\",\"ext2\":\"2\",\"ext4\":\"408766067@qq.com\",\"ext5\":\"0\",\"id\":84,\"params\":{},\"roleFlag\":\"2\",\"state\":\"2\",\"today\":\"2024-03-25\",\"userId\":11,\"userName\":\"张11\",\"userPhone\":\"17638794719\",\"userSex\":\"1\"}','{\"msg\":\"操作成功\",\"code\":200}',0,NULL,'2024-03-25 09:31:54',24),(245,'用户填报信息',2,'com.autumn.project.vaccines.controller.UserFillInfoController.edit()','PUT',1,'admin','研发部门','/vaccines/userFillInfo','127.0.0.1','内网IP','{\"address\":\"郑州\",\"childrenBirthday\":\"2023-06-30\",\"childrenName\":\"张张\",\"childrenSex\":\"1\",\"createBy\":\"zhangmeng\",\"createTime\":\"2024-03-25 17:31:54\",\"ext1\":\"该时间段暂时无需打疫苗\",\"ext2\":\"2\",\"ext3\":\"null\",\"ext4\":\"408766067@qq.com\",\"ext5\":\"0\",\"id\":84,\"params\":{},\"roleFlag\":\"4\",\"scoreIsNull\":true,\"state\":\"4\",\"today\":\"2024-03-25\",\"userId\":11,\"userName\":\"张11\",\"userPhone\":\"17638794719\",\"userSex\":\"1\"}','{\"msg\":\"操作成功\",\"code\":200}',0,NULL,'2024-03-25 09:32:22',16),(246,'用户填报信息',2,'com.autumn.project.vaccines.controller.UserFillInfoController.edit()','PUT',1,'admin','研发部门','/vaccines/userFillInfo','127.0.0.1','内网IP','{\"address\":\"郑州\",\"childrenBirthday\":\"2023-05-24\",\"childrenName\":\"张12\",\"childrenSex\":\"0\",\"createBy\":\"zhangmeng\",\"createTime\":\"2024-03-25 17:18:41\",\"ext1\":\"该时间段暂时无需打疫苗\",\"ext2\":\"2\",\"ext3\":\"\\\"null\\\"\",\"ext4\":\"408766067@qq.com\",\"ext5\":\"0\",\"id\":82,\"params\":{},\"roleFlag\":\"4\",\"scoreIsNull\":true,\"state\":\"4\",\"today\":\"2024-03-25\",\"userId\":11,\"userName\":\"张23\",\"userPhone\":\"17638794719\",\"userSex\":\"1\"}','{\"msg\":\"操作成功\",\"code\":200}',0,NULL,'2024-03-26 05:35:02',45),(247,'用户填报信息',1,'com.autumn.project.vaccines.controller.UserFillInfoController.add()','POST',1,'zhangmeng',NULL,'/vaccines/userFillInfo','127.0.0.1','内网IP','{\"address\":\"郑州\",\"childrenBirthday\":\"2022-03-12\",\"childrenName\":\"张77\",\"childrenSex\":\"1\",\"createBy\":\"zhangmeng\",\"createTime\":\"2024-03-26 14:10:00\",\"ext1\":\"甲肝灭活疫苗（第二剂）-注射\",\"ext4\":\"408766067@qq.com\",\"ext5\":\"0\",\"id\":85,\"params\":{},\"roleFlag\":\"2\",\"state\":\"3\",\"today\":\"2024-03-26\",\"userId\":11,\"userName\":\"张99\",\"userPhone\":\"17638794719\",\"userSex\":\"1\"}','{\"msg\":\"操作成功\",\"code\":200}',0,NULL,'2024-03-26 06:10:00',29),(248,'用户填报信息',1,'com.autumn.project.vaccines.controller.UserFillInfoController.add()','POST',1,'zhangmeng',NULL,'/vaccines/userFillInfo','127.0.0.1','内网IP','{\"address\":\"郑州\",\"childrenBirthday\":\"2024-03-06\",\"childrenName\":\"在5\",\"childrenSex\":\"1\",\"createBy\":\"zhangmeng\",\"createTime\":\"2024-03-26 14:10:36\",\"ext4\":\"408766067@qq.com\",\"ext5\":\"0\",\"id\":86,\"params\":{},\"roleFlag\":\"1\",\"state\":\"1\",\"today\":\"2024-03-26\",\"userId\":11,\"userName\":\"张6\",\"userPhone\":\"17638794719\",\"userSex\":\"1\"}','{\"msg\":\"操作成功\",\"code\":200}',0,NULL,'2024-03-26 06:10:36',14),(249,'用户填报信息',2,'com.autumn.project.vaccines.controller.UserFillInfoController.edit()','PUT',1,'zhangmeng',NULL,'/vaccines/userFillInfo','127.0.0.1','内网IP','{\"address\":\"郑州\",\"childrenBirthday\":\"2024-03-06\",\"childrenName\":\"在5\",\"childrenSex\":\"1\",\"createBy\":\"zhangmeng\",\"createTime\":\"2024-03-26 14:10:36\",\"ext1\":\"该时间段暂时无需打疫苗\",\"ext2\":\"2\",\"ext3\":\"null\",\"ext4\":\"408766067@qq.com\",\"ext5\":\"0\",\"id\":86,\"params\":{},\"roleFlag\":\"2\",\"scoreIsNull\":true,\"state\":\"2\",\"today\":\"2024-03-26\",\"userId\":11,\"userName\":\"张6\",\"userPhone\":\"17638794719\",\"userSex\":\"1\"}','{\"msg\":\"操作成功\",\"code\":200}',0,NULL,'2024-03-26 06:10:47',17),(250,'用户填报信息',2,'com.autumn.project.vaccines.controller.UserFillInfoController.edit()','PUT',1,'admin','研发部门','/vaccines/userFillInfo','127.0.0.1','内网IP','{\"address\":\"郑州\",\"childrenBirthday\":\"2022-03-12\",\"childrenName\":\"张77\",\"childrenSex\":\"1\",\"createBy\":\"zhangmeng\",\"createTime\":\"2024-03-26 14:10:00\",\"ext1\":\"甲肝灭活疫苗（第二剂）-注射\",\"ext3\":\"null\",\"ext4\":\"408766067@qq.com\",\"ext5\":\"0\",\"id\":85,\"params\":{},\"roleFlag\":\"4\",\"scoreIsNull\":true,\"state\":\"4\",\"today\":\"2024-03-26\",\"userId\":11,\"userName\":\"张99\",\"userPhone\":\"17638794719\",\"userSex\":\"1\"}','{\"msg\":\"操作成功\",\"code\":200}',0,NULL,'2024-03-26 06:12:26',12),(251,'用户填报信息',2,'com.autumn.project.vaccines.controller.UserFillInfoController.edit()','PUT',1,'admin','研发部门','/vaccines/userFillInfo','127.0.0.1','内网IP','{\"address\":\"郑州\",\"childrenBirthday\":\"2024-03-06\",\"childrenName\":\"在5\",\"childrenSex\":\"1\",\"createBy\":\"zhangmeng\",\"createTime\":\"2024-03-26 14:10:36\",\"ext1\":\"该时间段暂时无需打疫苗\",\"ext2\":\"2\",\"ext3\":\"\\\"null\\\"\",\"ext4\":\"408766067@qq.com\",\"ext5\":\"0\",\"id\":86,\"params\":{},\"roleFlag\":\"4\",\"scoreIsNull\":true,\"state\":\"4\",\"today\":\"2024-03-26\",\"userId\":11,\"userName\":\"张6\",\"userPhone\":\"17638794719\",\"userSex\":\"1\"}','{\"msg\":\"操作成功\",\"code\":200}',0,NULL,'2024-03-26 06:12:44',13),(252,'用户填报信息',2,'com.autumn.project.vaccines.controller.UserFillInfoController.edit()','PUT',1,'zhangmeng',NULL,'/vaccines/userFillInfo','127.0.0.1','内网IP','{\"address\":\"郑州\",\"childrenBirthday\":\"2022-03-12\",\"childrenName\":\"张77\",\"childrenSex\":\"1\",\"createBy\":\"zhangmeng\",\"createTime\":\"2024-03-26 14:10:00\",\"ext1\":\"甲肝灭活疫苗（第二剂）-注射\",\"ext3\":\"\\\"null\\\"\",\"ext4\":\"408766067@qq.com\",\"ext5\":\"0\",\"id\":85,\"params\":{},\"roleFlag\":\"5\",\"score\":\"3\",\"scoreIsNull\":true,\"state\":\"5\",\"today\":\"2024-03-26\",\"userId\":11,\"userName\":\"张99\",\"userPhone\":\"17638794719\",\"userSex\":\"1\"}','{\"msg\":\"操作成功\",\"code\":200}',0,NULL,'2024-03-26 06:15:00',14),(253,'用户填报信息',2,'com.autumn.project.vaccines.controller.UserFillInfoController.edit()','PUT',1,'zhangmeng',NULL,'/vaccines/userFillInfo','127.0.0.1','内网IP','{\"address\":\"郑州\",\"childrenBirthday\":\"2024-03-06\",\"childrenName\":\"在5\",\"childrenSex\":\"1\",\"createBy\":\"zhangmeng\",\"createTime\":\"2024-03-26 14:10:36\",\"ext1\":\"该时间段暂时无需打疫苗\",\"ext2\":\"2\",\"ext3\":\"\\\"\\\\\\\"null\\\\\\\"\\\"\",\"ext4\":\"408766067@qq.com\",\"ext5\":\"0\",\"id\":86,\"params\":{},\"roleFlag\":\"5\",\"scoreIsNull\":true,\"state\":\"5\",\"today\":\"2024-03-26\",\"userId\":11,\"userName\":\"张6\",\"userPhone\":\"17638794719\",\"userSex\":\"1\"}','{\"msg\":\"操作成功\",\"code\":200}',0,NULL,'2024-03-26 06:15:54',22),(254,'用户填报信息',1,'com.autumn.project.vaccines.controller.UserFillInfoController.add()','POST',1,'user1',NULL,'/vaccines/userFillInfo','127.0.0.1','内网IP','{\"address\":\"1\",\"childrenAllergy\":\"1\",\"childrenBirthday\":\"2024-03-11\",\"childrenName\":\"1111\",\"childrenSex\":\"0\",\"createBy\":\"user1\",\"createTime\":\"2024-03-29 22:12:57\",\"ext1\":\"该时间段暂时无需打疫苗\",\"ext2\":\"2\",\"ext4\":\"1060590974@qq.com\",\"ext5\":\"0\",\"ext7\":\"null\",\"id\":87,\"params\":{},\"roleFlag\":\"2\",\"state\":\"2\",\"today\":\"2024-03-29\",\"userId\":5,\"userName\":\"测试姓名\",\"userPhone\":\"16638808906\",\"userSex\":\"0\"}','{\"msg\":\"操作成功\",\"code\":200}',0,NULL,'2024-03-29 14:12:57',34),(255,'用户填报信息',2,'com.autumn.project.vaccines.controller.UserFillInfoController.edit()','PUT',1,'admin','研发部门','/vaccines/userFillInfo','127.0.0.1','内网IP','{\"address\":\"1\",\"childrenAllergy\":\"1\",\"childrenBirthday\":\"2024-03-11\",\"childrenName\":\"1111\",\"childrenSex\":\"0\",\"createBy\":\"user1\",\"createTime\":\"2024-03-29 22:12:58\",\"ext1\":\"该时间段暂时无需打疫苗\",\"ext2\":\"2\",\"ext3\":\"null\",\"ext4\":\"1060590974@qq.com\",\"ext5\":\"0\",\"id\":87,\"params\":{},\"roleFlag\":\"4\",\"scoreIsNull\":true,\"state\":\"4\",\"today\":\"2024-03-29\",\"userId\":5,\"userName\":\"测试姓名\",\"userPhone\":\"16638808906\",\"userSex\":\"0\"}','{\"msg\":\"操作成功\",\"code\":200}',0,NULL,'2024-03-29 14:13:20',27),(256,'用户填报信息',1,'com.autumn.project.vaccines.controller.UserFillInfoController.add()','POST',1,'user1',NULL,'/vaccines/userFillInfo','127.0.0.1','内网IP','{\"address\":\"2\",\"childrenAllergy\":\"2\",\"childrenBirthday\":\"2024-03-29\",\"childrenName\":\"222\",\"childrenSex\":\"0\",\"createBy\":\"user1\",\"createTime\":\"2024-03-29 22:13:52\",\"ext1\":\"孩子存在过敏，请工作人员选择\",\"ext2\":\"1\",\"ext4\":\"1060590974@qq.com\",\"ext5\":\"0\",\"ext7\":\"null\",\"id\":88,\"params\":{},\"roleFlag\":\"2\",\"state\":\"2\",\"today\":\"2024-03-29\",\"userId\":5,\"userName\":\"测试姓名\",\"userPhone\":\"16638808906\",\"userSex\":\"0\"}','{\"msg\":\"操作成功\",\"code\":200}',0,NULL,'2024-03-29 14:13:52',15),(257,'用户填报信息',2,'com.autumn.project.vaccines.controller.UserFillInfoController.edit()','PUT',1,'admin','研发部门','/vaccines/userFillInfo','127.0.0.1','内网IP','{\"address\":\"2\",\"childrenAllergy\":\"2\",\"childrenBirthday\":\"2024-03-29\",\"childrenName\":\"222\",\"childrenSex\":\"0\",\"createBy\":\"user1\",\"createTime\":\"2024-03-29 22:13:53\",\"ext1\":\"乙肝疫苗（第一剂）/卡介苗-注射 或 乙肝疫苗（第二剂）-注射 或 脊髓灰质炎减毒活疫苗（第一剂）-注射\",\"ext2\":\"0\",\"ext3\":\"[\\\"yg1/kj\\\",\\\"yg2\\\",\\\"jshz1\\\"]\",\"ext4\":\"1060590974@qq.com\",\"ext5\":\"0\",\"ext6\":\"[{\\\"label\\\":\\\"乙肝疫苗（第一剂）/卡介苗\\\",\\\"value\\\":\\\"yg1/kj\\\"},{\\\"label\\\":\\\"乙肝疫苗（第二剂）\\\",\\\"value\\\":\\\"yg2\\\"},{\\\"label\\\":\\\"脊髓灰质炎减毒活疫苗（第一剂）\\\",\\\"value\\\":\\\"jshz1\\\"}]\",\"id\":88,\"params\":{},\"roleFlag\":\"4\",\"scoreIsNull\":true,\"state\":\"4\",\"takeCare\":\"<p>11</p>\",\"today\":\"2024-03-29\",\"userId\":5,\"userName\":\"测试姓名\",\"userPhone\":\"16638808906\",\"userSex\":\"0\"}','{\"msg\":\"操作成功\",\"code\":200}',0,NULL,'2024-03-29 14:14:27',10),(258,'用户填报信息',2,'com.autumn.project.vaccines.controller.UserFillInfoController.edit()','PUT',1,'user1',NULL,'/vaccines/userFillInfo','127.0.0.1','内网IP','{\"address\":\"2\",\"childrenAllergy\":\"2\",\"childrenBirthday\":\"2024-03-29\",\"childrenName\":\"222\",\"childrenSex\":\"0\",\"createBy\":\"user1\",\"createTime\":\"2024-03-29 22:13:53\",\"ext1\":\"乙肝疫苗（第一剂）/卡介苗-注射 或 乙肝疫苗（第二剂）-注射 或 脊髓灰质炎减毒活疫苗（第一剂）-注射\",\"ext2\":\"0\",\"ext3\":\"[\\\"yg1/kj\\\",\\\"yg2\\\",\\\"jshz1\\\"]\",\"ext4\":\"1060590974@qq.com\",\"ext5\":\"0\",\"ext6\":\"[{\\\"label\\\":\\\"乙肝疫苗（第一剂）/卡介苗\\\",\\\"value\\\":\\\"yg1/kj\\\"},{\\\"label\\\":\\\"乙肝疫苗（第二剂）\\\",\\\"value\\\":\\\"yg2\\\"},{\\\"label\\\":\\\"脊髓灰质炎减毒活疫苗（第一剂）\\\",\\\"value\\\":\\\"jshz1\\\"}]\",\"ext7\":\"\\\"yg2\\\"\",\"id\":88,\"params\":{},\"roleFlag\":\"5\",\"scoreIsNull\":true,\"state\":\"5\",\"takeCare\":\"<p>11</p>\",\"today\":\"2024-03-29\",\"userId\":5,\"userName\":\"测试姓名\",\"userPhone\":\"16638808906\",\"userSex\":\"0\"}','{\"msg\":\"操作成功\",\"code\":200}',0,NULL,'2024-03-29 14:15:00',17),(259,'用户填报信息',1,'com.autumn.project.vaccines.controller.UserFillInfoController.add()','POST',1,'001',NULL,'/vaccines/userFillInfo','127.0.0.1','内网IP','{\"address\":\"郑州\",\"childrenBirthday\":\"2023-12-27\",\"childrenName\":\"001\",\"childrenSex\":\"0\",\"createBy\":\"001\",\"createTime\":\"2024-03-30 13:02:31\",\"ext1\":\"百白破联合疫苗（第一剂）-注射\",\"ext4\":\"408766067@qq.com\",\"ext5\":\"0\",\"ext6\":\"[{\\\"label\\\":\\\"百白破联合疫苗（第一剂）\\\",\\\"value\\\":\\\"bbp1\\\"}]\",\"ext7\":\"null\",\"id\":89,\"params\":{},\"roleFlag\":\"2\",\"state\":\"3\",\"today\":\"2024-03-30\",\"userId\":13,\"userName\":\"01\",\"userPhone\":\"17638794719\",\"userSex\":\"0\"}','{\"msg\":\"操作成功\",\"code\":200}',0,NULL,'2024-03-30 05:02:31',15),(260,'用户填报信息',1,'com.autumn.project.vaccines.controller.UserFillInfoController.add()','POST',1,'001',NULL,'/vaccines/userFillInfo','127.0.0.1','内网IP','{\"address\":\"郑州\",\"childrenBirthday\":\"2022-03-12\",\"childrenName\":\"002\",\"childrenSex\":\"0\",\"createBy\":\"001\",\"createTime\":\"2024-03-30 13:03:26\",\"ext1\":\"甲肝灭活疫苗（第二剂）-注射\",\"ext4\":\"408766067@qq.com\",\"ext5\":\"0\",\"ext6\":\"[{\\\"label\\\":\\\"甲肝灭活疫苗（第二剂）\\\",\\\"value\\\":\\\"jg2\\\"}]\",\"ext7\":\"null\",\"id\":90,\"params\":{},\"roleFlag\":\"2\",\"state\":\"3\",\"today\":\"2024-03-30\",\"userId\":13,\"userName\":\"02\",\"userPhone\":\"17638794719\",\"userSex\":\"0\"}','{\"msg\":\"操作成功\",\"code\":200}',0,NULL,'2024-03-30 05:03:27',16),(261,'用户填报信息',1,'com.autumn.project.vaccines.controller.UserFillInfoController.add()','POST',1,'001',NULL,'/vaccines/userFillInfo','127.0.0.1','内网IP','{\"address\":\"郑州\",\"childrenBirthday\":\"2024-03-30\",\"childrenName\":\"003\",\"childrenSex\":\"0\",\"createBy\":\"001\",\"createTime\":\"2024-03-30 13:03:51\",\"ext1\":\"乙肝疫苗（第一剂）/卡介苗-注射\",\"ext4\":\"408766067@qq.com\",\"ext5\":\"0\",\"ext6\":\"[{\\\"label\\\":\\\"乙肝疫苗（第一剂）/卡介苗\\\",\\\"value\\\":\\\"yg1/kj\\\"}]\",\"ext7\":\"null\",\"id\":91,\"params\":{},\"roleFlag\":\"2\",\"state\":\"3\",\"today\":\"2024-03-30\",\"userId\":13,\"userName\":\"03\",\"userPhone\":\"17638794719\",\"userSex\":\"0\"}','{\"msg\":\"操作成功\",\"code\":200}',0,NULL,'2024-03-30 05:03:51',14),(262,'疫苗信息',2,'com.autumn.project.vaccines.controller.VaccinesInfoController.edit()','PUT',1,'admin','研发部门','/vaccines/vaccinesInfo','127.0.0.1','内网IP','{\"ageMax\":40,\"ageMin\":30,\"createBy\":\"admin\",\"createTime\":\"2024-03-01 21:42:09\",\"ext1\":100,\"id\":5,\"params\":{},\"state\":\"0\",\"updateBy\":\"admin\",\"updateTime\":\"2024-03-30 13:06:40\",\"vaccinationMethodCode\":\"injection\",\"vaccinesCode\":\"yg2\",\"vaccinesName\":\"乙肝疫苗（第二剂）\"}','{\"msg\":\"操作成功\",\"code\":200}',0,NULL,'2024-03-30 05:06:40',17),(263,'用户填报信息',2,'com.autumn.project.vaccines.controller.UserFillInfoController.edit()','PUT',1,'admin','研发部门','/vaccines/userFillInfo','127.0.0.1','内网IP','{\"address\":\"郑州\",\"childrenBirthday\":\"2024-03-30\",\"childrenName\":\"003\",\"childrenSex\":\"0\",\"createBy\":\"001\",\"createTime\":\"2024-03-30 13:03:52\",\"ext1\":\"乙肝疫苗（第一剂）/卡介苗-注射\",\"ext3\":\"null\",\"ext4\":\"408766067@qq.com\",\"ext5\":\"0\",\"ext6\":\"[{\\\"label\\\":\\\"乙肝疫苗（第一剂）/卡介苗\\\",\\\"value\\\":\\\"yg1/kj\\\"}]\",\"id\":91,\"params\":{},\"roleFlag\":\"4\",\"scoreIsNull\":true,\"state\":\"4\",\"today\":\"2024-03-30\",\"userId\":13,\"userName\":\"03\",\"userPhone\":\"17638794719\",\"userSex\":\"0\"}','{\"msg\":\"操作成功\",\"code\":200}',0,NULL,'2024-03-30 05:09:26',9),(264,'用户填报信息',2,'com.autumn.project.vaccines.controller.UserFillInfoController.edit()','PUT',1,'admin','研发部门','/vaccines/userFillInfo','127.0.0.1','内网IP','{\"address\":\"郑州\",\"childrenBirthday\":\"2022-03-12\",\"childrenName\":\"002\",\"childrenSex\":\"0\",\"createBy\":\"001\",\"createTime\":\"2024-03-30 13:03:27\",\"ext1\":\"甲肝灭活疫苗（第二剂）-注射\",\"ext3\":\"null\",\"ext4\":\"408766067@qq.com\",\"ext5\":\"0\",\"ext6\":\"[{\\\"label\\\":\\\"甲肝灭活疫苗（第二剂）\\\",\\\"value\\\":\\\"jg2\\\"}]\",\"id\":90,\"params\":{},\"roleFlag\":\"4\",\"scoreIsNull\":true,\"state\":\"4\",\"today\":\"2024-03-30\",\"userId\":13,\"userName\":\"02\",\"userPhone\":\"17638794719\",\"userSex\":\"0\"}','{\"msg\":\"操作成功\",\"code\":200}',0,NULL,'2024-03-30 05:10:20',8),(265,'用户填报信息',2,'com.autumn.project.vaccines.controller.UserFillInfoController.edit()','PUT',1,'001',NULL,'/vaccines/userFillInfo','127.0.0.1','内网IP','{\"address\":\"郑州\",\"childrenBirthday\":\"2024-03-30\",\"childrenName\":\"003\",\"childrenSex\":\"0\",\"createBy\":\"001\",\"createTime\":\"2024-03-30 13:03:52\",\"ext1\":\"乙肝疫苗（第一剂）/卡介苗-注射\",\"ext3\":\"\\\"null\\\"\",\"ext4\":\"408766067@qq.com\",\"ext5\":\"0\",\"ext6\":\"[{\\\"label\\\":\\\"乙肝疫苗（第一剂）/卡介苗\\\",\\\"value\\\":\\\"yg1/kj\\\"}]\",\"ext7\":\"\\\"yg1/kj\\\"\",\"id\":91,\"params\":{},\"roleFlag\":\"5\",\"scoreIsNull\":true,\"state\":\"5\",\"today\":\"2024-03-30\",\"userId\":13,\"userName\":\"03\",\"userPhone\":\"17638794719\",\"userSex\":\"0\"}','{\"msg\":\"操作成功\",\"code\":200}',0,NULL,'2024-03-30 05:11:11',16),(266,'用户填报信息',2,'com.autumn.project.vaccines.controller.UserFillInfoController.edit()','PUT',1,'admin','研发部门','/vaccines/userFillInfo','127.0.0.1','内网IP','{\"address\":\"郑州\",\"childrenBirthday\":\"2024-03-30\",\"childrenName\":\"003\",\"childrenSex\":\"0\",\"createBy\":\"001\",\"createTime\":\"2024-03-30 13:03:52\",\"ext1\":\"乙肝疫苗（第一剂）/卡介苗-注射\",\"ext3\":\"\\\"\\\\\\\"null\\\\\\\"\\\"\",\"ext4\":\"408766067@qq.com\",\"ext5\":\"0\",\"ext6\":\"[{\\\"label\\\":\\\"乙肝疫苗（第一剂）/卡介苗\\\",\\\"value\\\":\\\"yg1/kj\\\"}]\",\"id\":91,\"params\":{},\"scoreIsNull\":true,\"state\":\"5\",\"today\":\"2024-03-30\",\"userId\":13,\"userName\":\"03\",\"userPhone\":\"17638794719\",\"userSex\":\"0\"}','{\"msg\":\"操作成功\",\"code\":200}',0,NULL,'2024-03-30 05:15:20',6),(267,'疫苗信息',2,'com.autumn.project.vaccines.controller.VaccinesInfoController.edit()','PUT',1,'admin','研发部门','/vaccines/vaccinesInfo','127.0.0.1','内网IP','{\"ageMax\":1,\"ageMin\":1,\"createBy\":\"admin\",\"createTime\":\"2024-03-01 21:40:28\",\"ext1\":100,\"id\":4,\"params\":{},\"state\":\"0\",\"updateBy\":\"admin\",\"updateTime\":\"2024-03-30 13:16:09\",\"vaccinationMethodCode\":\"injection\",\"vaccinesCode\":\"yg1/kj\",\"vaccinesName\":\"乙肝疫苗（第一剂）/卡介苗\"}','{\"msg\":\"操作成功\",\"code\":200}',0,NULL,'2024-03-30 05:16:09',15),(268,'用户填报信息',1,'com.autumn.project.vaccines.controller.UserFillInfoController.add()','POST',1,'001',NULL,'/vaccines/userFillInfo','127.0.0.1','内网IP','{\"address\":\"郑州\",\"childrenBirthday\":\"2024-04-09\",\"childrenName\":\"004\",\"childrenSex\":\"0\",\"createBy\":\"001\",\"createTime\":\"2024-04-09 15:33:02\",\"ext1\":\"乙肝疫苗（第一剂）/卡介苗-注射\",\"ext4\":\"408766067@qq.com\",\"ext5\":\"0\",\"ext6\":\"[{\\\"label\\\":\\\"乙肝疫苗（第一剂）/卡介苗\\\",\\\"value\\\":\\\"yg1/kj\\\"}]\",\"ext7\":\"null\",\"id\":92,\"params\":{},\"roleFlag\":\"2\",\"state\":\"3\",\"today\":\"2024-04-09\",\"userId\":13,\"userName\":\"04\",\"userPhone\":\"17638794719\",\"userSex\":\"0\"}','{\"msg\":\"操作成功\",\"code\":200}',0,NULL,'2024-04-09 07:33:02',81),(269,'用户填报信息',3,'com.autumn.project.vaccines.controller.UserFillInfoController.remove()','DELETE',1,'admin','研发部门','/vaccines/userFillInfo/87','127.0.0.1','内网IP','{}','{\"msg\":\"操作成功\",\"code\":200}',0,NULL,'2024-04-09 07:42:31',17),(270,'用户填报信息',3,'com.autumn.project.vaccines.controller.UserFillInfoController.remove()','DELETE',1,'admin','研发部门','/vaccines/userFillInfo/88','127.0.0.1','内网IP','{}','{\"msg\":\"操作成功\",\"code\":200}',0,NULL,'2024-04-09 07:42:34',16),(271,'用户填报信息',2,'com.autumn.project.vaccines.controller.UserFillInfoController.edit()','PUT',1,'admin','研发部门','/vaccines/userFillInfo','127.0.0.1','内网IP','{\"address\":\"郑州\",\"childrenBirthday\":\"2024-04-09\",\"childrenName\":\"004\",\"childrenSex\":\"0\",\"createBy\":\"001\",\"createTime\":\"2024-04-09 15:33:02\",\"ext1\":\"乙肝疫苗（第一剂）/卡介苗-注射\",\"ext3\":\"null\",\"ext4\":\"408766067@qq.com\",\"ext5\":\"0\",\"ext6\":\"[{\\\"label\\\":\\\"乙肝疫苗（第一剂）/卡介苗\\\",\\\"value\\\":\\\"yg1/kj\\\"}]\",\"id\":92,\"params\":{},\"roleFlag\":\"4\",\"scoreIsNull\":true,\"state\":\"4\",\"today\":\"2024-04-09\",\"userId\":13,\"userName\":\"04\",\"userPhone\":\"17638794719\",\"userSex\":\"0\"}','{\"msg\":\"操作成功\",\"code\":200}',0,NULL,'2024-04-09 07:52:36',27),(272,'用户填报信息',2,'com.autumn.project.vaccines.controller.UserFillInfoController.edit()','PUT',1,'admin','研发部门','/vaccines/userFillInfo','127.0.0.1','内网IP','{\"address\":\"郑州\",\"childrenBirthday\":\"2023-12-27\",\"childrenName\":\"001\",\"childrenSex\":\"0\",\"createBy\":\"001\",\"createTime\":\"2024-03-30 13:02:32\",\"ext1\":\"百白破联合疫苗（第一剂）-注射\",\"ext3\":\"null\",\"ext4\":\"408766067@qq.com\",\"ext5\":\"0\",\"ext6\":\"[{\\\"label\\\":\\\"百白破联合疫苗（第一剂）\\\",\\\"value\\\":\\\"bbp1\\\"}]\",\"id\":89,\"params\":{},\"scoreIsNull\":true,\"state\":\"3\",\"today\":\"2024-03-30\",\"userId\":13,\"userName\":\"01\",\"userPhone\":\"17638794719\",\"userSex\":\"0\"}','{\"msg\":\"操作成功\",\"code\":200}',0,NULL,'2024-04-09 13:55:21',57),(273,'用户填报信息',2,'com.autumn.project.vaccines.controller.UserFillInfoController.edit()','PUT',1,'admin','研发部门','/vaccines/userFillInfo','127.0.0.1','内网IP','{\"address\":\"郑州\",\"childrenBirthday\":\"2023-12-27\",\"childrenName\":\"001\",\"childrenSex\":\"0\",\"createBy\":\"001\",\"createTime\":\"2024-03-30 13:02:32\",\"ext1\":\"百白破联合疫苗（第一剂）-注射\",\"ext3\":\"\\\"null\\\"\",\"ext4\":\"408766067@qq.com\",\"ext5\":\"0\",\"ext6\":\"[{\\\"label\\\":\\\"百白破联合疫苗（第一剂）\\\",\\\"value\\\":\\\"bbp1\\\"}]\",\"id\":89,\"params\":{},\"scoreIsNull\":true,\"state\":\"3\",\"today\":\"2024-03-30\",\"userId\":13,\"userName\":\"01\",\"userPhone\":\"17638794719\",\"userSex\":\"0\"}','{\"msg\":\"操作成功\",\"code\":200}',0,NULL,'2024-04-09 13:55:29',23),(274,'菜单管理',2,'com.autumn.project.system.controller.SysMenuController.edit()','PUT',1,'admin','研发部门','/system/menu','127.0.0.1','内网IP','{\"children\":[],\"createTime\":\"2024-01-15 05:14:47\",\"icon\":\"tool\",\"isCache\":\"0\",\"isFrame\":\"1\",\"menuId\":3,\"menuName\":\"系统工具\",\"menuType\":\"M\",\"orderNum\":3,\"params\":{},\"parentId\":0,\"path\":\"tool\",\"perms\":\"\",\"query\":\"\",\"status\":\"0\",\"updateBy\":\"admin\",\"visible\":\"0\"}','{\"msg\":\"操作成功\",\"code\":200}',0,NULL,'2024-04-13 03:44:18',15),(275,'代码生成',6,'com.autumn.project.tool.gen.controller.GenController.importTableSave()','POST',1,'admin','研发部门','/tool/gen/importTable','127.0.0.1','内网IP','{\"tables\":\"nurse_info\"}','{\"msg\":\"操作成功\",\"code\":200}',0,NULL,'2024-04-13 03:44:34',142),(276,'代码生成',2,'com.autumn.project.tool.gen.controller.GenController.editSave()','PUT',1,'admin','研发部门','/tool/gen','127.0.0.1','内网IP','{\"businessName\":\"nurseInfo\",\"className\":\"NurseInfo\",\"columns\":[{\"capJavaField\":\"Id\",\"columnComment\":\"ID\",\"columnId\":160,\"columnName\":\"id\",\"columnType\":\"bigint(20)\",\"createBy\":\"admin\",\"createTime\":\"2024-04-13 03:44:34\",\"dictType\":\"\",\"edit\":false,\"htmlType\":\"input\",\"increment\":true,\"insert\":true,\"isIncrement\":\"1\",\"isInsert\":\"1\",\"isPk\":\"1\",\"isRequired\":\"0\",\"javaField\":\"id\",\"javaType\":\"Long\",\"list\":false,\"params\":{},\"pk\":true,\"query\":false,\"queryType\":\"EQ\",\"required\":false,\"sort\":1,\"superColumn\":false,\"tableId\":8,\"updateBy\":\"\",\"usableColumn\":false},{\"capJavaField\":\"NursePhoto\",\"columnComment\":\"照片\",\"columnId\":161,\"columnName\":\"nurse_photo\",\"columnType\":\"varchar(50)\",\"createBy\":\"admin\",\"createTime\":\"2024-04-13 03:44:34\",\"dictType\":\"\",\"edit\":true,\"htmlType\":\"imageUpload\",\"increment\":false,\"insert\":true,\"isEdit\":\"1\",\"isIncrement\":\"0\",\"isInsert\":\"1\",\"isList\":\"1\",\"isPk\":\"0\",\"isQuery\":\"0\",\"isRequired\":\"0\",\"javaField\":\"nursePhoto\",\"javaType\":\"String\",\"list\":true,\"params\":{},\"pk\":false,\"query\":false,\"queryType\":\"EQ\",\"required\":false,\"sort\":2,\"superColumn\":false,\"tableId\":8,\"updateBy\":\"\",\"usableColumn\":false},{\"capJavaField\":\"NurseCode\",\"columnComment\":\"护士编号\",\"columnId\":162,\"columnName\":\"nurse_code\",\"columnType\":\"varchar(50)\",\"createBy\":\"admin\",\"createTime\":\"2024-04-13 03:44:34\",\"dictType\":\"\",\"edit\":true,\"htmlType\":\"input\",\"increment\":false,\"insert\":true,\"isEdit\":\"1\",\"isIncrement\":\"0\",\"isInsert\":\"1\",\"isList\":\"1\",\"isPk\":\"0\",\"isQuery\":\"1\",\"isRequired\":\"0\",\"javaField\":\"nurseCode\",\"javaType\":\"String\",\"list\":true,\"params\":{},\"pk\":false,\"query\":true,\"queryType\":\"EQ\",\"required\":false,\"sort\":3,\"superColumn\":false,\"tableId\":8,\"updateBy\":\"\",\"usableColumn\":false},{\"capJavaField\":\"NurseName\",\"columnComment\":\"护士姓名\",\"columnId\":163,\"columnName\":\"nurse_name\",\"columnType\":\"varchar(50)\",\"createBy\":\"admin\",\"createTime\":\"2024-04-13 03:44:34\",\"dictType\":\"\",\"edit\":true,\"htmlType\":\"input\",\"increment\":false,\"insert\":true,\"isEdit\":\"1\",\"isIncrement\":\"0\",\"isInsert\":\"1\",\"isList\":\"1\",\"isPk\":\"0\",\"isQuery\":\"1\"','{\"msg\":\"操作成功\",\"code\":200}',0,NULL,'2024-04-13 03:48:14',109),(277,'代码生成',8,'com.autumn.project.tool.gen.controller.GenController.batchGenCode()','GET',1,'admin','研发部门','/tool/gen/batchGenCode','127.0.0.1','内网IP','{\"tables\":\"nurse_info\"}',NULL,0,NULL,'2024-04-13 03:48:18',204),(278,'菜单管理',2,'com.autumn.project.system.controller.SysMenuController.edit()','PUT',1,'admin','研发部门','/system/menu','127.0.0.1','内网IP','{\"children\":[],\"component\":\"vaccines/nurseInfo/index\",\"createTime\":\"2024-04-13 03:52:18\",\"icon\":\"list\",\"isCache\":\"0\",\"isFrame\":\"1\",\"menuId\":1086,\"menuName\":\"护士信息\",\"menuType\":\"C\",\"orderNum\":1,\"params\":{},\"parentId\":1061,\"path\":\"nurseInfo\",\"perms\":\"vaccines:nurseInfo:list\",\"status\":\"0\",\"updateBy\":\"admin\",\"visible\":\"0\"}','{\"msg\":\"操作成功\",\"code\":200}',0,NULL,'2024-04-13 04:21:28',31),(279,'护士信息',1,'com.autumn.project.vaccines.controller.NurseInfoController.add()','POST',1,'admin','研发部门','/vaccines/nurseInfo','127.0.0.1','内网IP','{\"biography\":\"无\",\"createTime\":\"2024-04-13 12:23:21\",\"nurseBirthday\":\"2002-04-01\",\"nurseCode\":\"1111\",\"nurseJob\":\"护士长\",\"nurseName\":\"护士1\",\"nursePhoto\":\"/profile/upload/2024/04/13/111_20240413122246A001.jpg\",\"nurseSex\":\"1\",\"params\":{},\"seniority\":5,\"state\":\"0\"}',NULL,1,'\r\n### Error updating database.  Cause: com.mysql.cj.jdbc.exceptions.MysqlDataTruncation: Data truncation: Data too long for column \'nurse_photo\' at row 1\r\n### The error may exist in file [D:\\autumn\\Documents\\GitHub\\zmx_system\\target\\classes\\mybatis\\vaccines\\NurseInfoMapper.xml]\r\n### The error may involve com.autumn.project.vaccines.mapper.NurseInfoMapper.insertNurseInfo-Inline\r\n### The error occurred while setting parameters\r\n### SQL: insert into nurse_info          ( nurse_photo,             nurse_code,             nurse_name,             nurse_job,             seniority,             nurse_sex,             nurse_birthday,             biography,             state,                          create_time )           values ( ?,             ?,             ?,             ?,             ?,             ?,             ?,             ?,             ?,                          ? )\r\n### Cause: com.mysql.cj.jdbc.exceptions.MysqlDataTruncation: Data truncation: Data too long for column \'nurse_photo\' at row 1\n; Data truncation: Data too long for column \'nurse_photo\' at row 1; nested exception is com.mysql.cj.jdbc.exceptions.MysqlDataTruncation: Data truncation: Data too long for column \'nurse_photo\' at row 1','2024-04-13 04:23:21',51),(280,'护士信息',1,'com.autumn.project.vaccines.controller.NurseInfoController.add()','POST',1,'admin','研发部门','/vaccines/nurseInfo','127.0.0.1','内网IP','{\"biography\":\"无\",\"createTime\":\"2024-04-13 12:23:55\",\"id\":1,\"nurseBirthday\":\"2002-04-01\",\"nurseCode\":\"1111\",\"nurseJob\":\"护士长\",\"nurseName\":\"护士1\",\"nursePhoto\":\"/profile/upload/2024/04/13/111_20240413122246A001.jpg\",\"nurseSex\":\"1\",\"params\":{},\"seniority\":5,\"state\":\"0\"}','{\"msg\":\"操作成功\",\"code\":200}',0,NULL,'2024-04-13 04:23:55',17),(281,'护士信息',2,'com.autumn.project.vaccines.controller.NurseInfoController.edit()','PUT',1,'admin','研发部门','/vaccines/nurseInfo','127.0.0.1','内网IP','{\"biography\":\"无\",\"createBy\":\"\",\"createTime\":\"2024-04-13 12:23:55\",\"id\":1,\"nurseBirthday\":\"2002-04-01\",\"nurseCode\":\"1111\",\"nurseJob\":\"护士长\",\"nurseName\":\"护士1\",\"nursePhoto\":\"/profile/upload/2024/04/13/111_20240413122246A001.jpg,/profile/upload/2024/04/13/logo_20240413123658A002.png\",\"nurseSex\":\"1\",\"params\":{},\"seniority\":5,\"state\":\"0\",\"updateBy\":\"\",\"updateTime\":\"2024-04-13 12:37:00\"}','{\"msg\":\"操作成功\",\"code\":200}',0,NULL,'2024-04-13 04:37:00',15),(282,'护士信息',1,'com.autumn.project.vaccines.controller.NurseInfoController.add()','POST',1,'admin','研发部门','/vaccines/nurseInfo','127.0.0.1','内网IP','{\"createTime\":\"2024-04-13 12:51:03\",\"id\":2,\"nurseBirthday\":\"2024-04-11\",\"nurseCode\":\"0782f252b586420f9aef49bee68a877e\",\"nurseJob\":\"护士2\",\"nurseName\":\"护士2\",\"nursePhoto\":\"/profile/upload/2024/04/13/111_20240413125045A001.jpg\",\"nurseSex\":\"0\",\"params\":{},\"seniority\":3,\"state\":\"0\"}','{\"msg\":\"操作成功\",\"code\":200}',0,NULL,'2024-04-13 04:51:03',16),(283,'字典类型',1,'com.autumn.project.system.controller.SysDictTypeController.add()','POST',1,'admin','研发部门','/system/dict/type','127.0.0.1','内网IP','{\"createBy\":\"admin\",\"dictName\":\"接种状态\",\"dictType\":\"vaccination_status\",\"params\":{},\"status\":\"0\"}','{\"msg\":\"操作成功\",\"code\":200}',0,NULL,'2024-04-13 06:13:34',23),(284,'字典数据',1,'com.autumn.project.system.controller.SysDictDataController.add()','POST',1,'admin','研发部门','/system/dict/data','127.0.0.1','内网IP','{\"createBy\":\"admin\",\"default\":false,\"dictLabel\":\"无需接种\",\"dictSort\":0,\"dictType\":\"vaccination_status\",\"dictValue\":\"1\",\"listClass\":\"default\",\"params\":{},\"status\":\"0\"}','{\"msg\":\"操作成功\",\"code\":200}',0,NULL,'2024-04-13 06:13:51',22),(285,'字典数据',1,'com.autumn.project.system.controller.SysDictDataController.add()','POST',1,'admin','研发部门','/system/dict/data','127.0.0.1','内网IP','{\"createBy\":\"admin\",\"default\":false,\"dictLabel\":\"未接种\",\"dictSort\":0,\"dictType\":\"vaccination_status\",\"dictValue\":\"1\",\"listClass\":\"default\",\"params\":{},\"status\":\"0\"}','{\"msg\":\"操作成功\",\"code\":200}',0,NULL,'2024-04-13 06:13:59',23),(286,'字典数据',1,'com.autumn.project.system.controller.SysDictDataController.add()','POST',1,'admin','研发部门','/system/dict/data','127.0.0.1','内网IP','{\"createBy\":\"admin\",\"default\":false,\"dictLabel\":\"已接种\",\"dictSort\":0,\"dictType\":\"vaccination_status\",\"dictValue\":\"2\",\"listClass\":\"default\",\"params\":{},\"status\":\"0\"}','{\"msg\":\"操作成功\",\"code\":200}',0,NULL,'2024-04-13 06:14:09',22),(287,'用户填报信息',1,'com.autumn.project.vaccines.controller.UserFillInfoController.add()','POST',1,'user1',NULL,'/vaccines/userFillInfo','127.0.0.1','内网IP','{\"address\":\"111\",\"childrenAllergy\":\"\",\"childrenBirthday\":\"2024-04-01\",\"childrenName\":\"1111\",\"childrenSex\":\"1\",\"createBy\":\"user1\",\"createTime\":\"2024-04-13 14:38:42\",\"ext1\":\"该时间段暂时无需打疫苗\",\"ext10\":\"1\",\"ext2\":\"2\",\"ext4\":\"1060590974@qq.com\",\"ext5\":\"0\",\"ext7\":\"null\",\"id\":93,\"params\":{},\"roleFlag\":\"2\",\"state\":\"2\",\"today\":\"2024-04-13\",\"userId\":5,\"userName\":\"测试姓名\",\"userPhone\":\"16638808906\",\"userSex\":\"0\"}','{\"msg\":\"操作成功\",\"code\":200}',0,NULL,'2024-04-13 06:38:42',21),(288,'字典数据',2,'com.autumn.project.system.controller.SysDictDataController.edit()','PUT',1,'admin','研发部门','/system/dict/data','127.0.0.1','内网IP','{\"createBy\":\"admin\",\"createTime\":\"2024-04-13 06:13:59\",\"default\":false,\"dictCode\":36,\"dictLabel\":\"未接种\",\"dictSort\":0,\"dictType\":\"vaccination_status\",\"dictValue\":\"2\",\"isDefault\":\"N\",\"listClass\":\"default\",\"params\":{},\"status\":\"0\",\"updateBy\":\"admin\"}','{\"msg\":\"操作成功\",\"code\":200}',0,NULL,'2024-04-13 06:42:24',12),(289,'字典数据',2,'com.autumn.project.system.controller.SysDictDataController.edit()','PUT',1,'admin','研发部门','/system/dict/data','127.0.0.1','内网IP','{\"createBy\":\"admin\",\"createTime\":\"2024-04-13 06:14:09\",\"default\":false,\"dictCode\":37,\"dictLabel\":\"已接种\",\"dictSort\":0,\"dictType\":\"vaccination_status\",\"dictValue\":\"3\",\"isDefault\":\"N\",\"listClass\":\"default\",\"params\":{},\"status\":\"0\",\"updateBy\":\"admin\"}','{\"msg\":\"操作成功\",\"code\":200}',0,NULL,'2024-04-13 06:42:30',11),(290,'用户填报信息',1,'com.autumn.project.vaccines.controller.UserFillInfoController.add()','POST',1,'user1',NULL,'/vaccines/userFillInfo','127.0.0.1','内网IP','{\"address\":\"2\",\"childrenBirthday\":\"2024-04-10\",\"childrenName\":\"2222\",\"childrenSex\":\"1\",\"createBy\":\"user1\",\"createTime\":\"2024-04-13 14:42:48\",\"ext1\":\"该时间段暂时无需打疫苗\",\"ext10\":\"1\",\"ext2\":\"2\",\"ext4\":\"1060590974@qq.com\",\"ext5\":\"0\",\"ext7\":\"null\",\"id\":94,\"params\":{},\"roleFlag\":\"2\",\"state\":\"2\",\"today\":\"2024-04-13\",\"userId\":5,\"userName\":\"测试姓名\",\"userPhone\":\"16638808906\",\"userSex\":\"0\"}','{\"msg\":\"操作成功\",\"code\":200}',0,NULL,'2024-04-13 06:42:48',6),(291,'用户填报信息',1,'com.autumn.project.vaccines.controller.UserFillInfoController.add()','POST',1,'user1',NULL,'/vaccines/userFillInfo','127.0.0.1','内网IP','{\"address\":\"1\",\"childrenBirthday\":\"2022-04-22\",\"childrenName\":\"333\",\"childrenSex\":\"0\",\"createBy\":\"user1\",\"createTime\":\"2024-04-13 14:43:13\",\"ext1\":\"乙脑灭活疫苗（第三剂）-注射\",\"ext10\":\"2\",\"ext4\":\"1060590974@qq.com\",\"ext5\":\"0\",\"ext6\":\"[{\\\"label\\\":\\\"乙脑灭活疫苗（第三剂）\\\",\\\"value\\\":\\\"yn3\\\"}]\",\"ext7\":\"null\",\"ext8\":\"0782f252b586420f9aef49bee68a877e\",\"ext9\":\"护士2\",\"params\":{},\"roleFlag\":\"2\",\"state\":\"3\",\"today\":\"2024-04-13\",\"userId\":5,\"userName\":\"测试姓名\",\"userPhone\":\"16638808906\",\"userSex\":\"0\"}',NULL,1,'\r\n### Error updating database.  Cause: com.mysql.cj.jdbc.exceptions.MysqlDataTruncation: Data truncation: Data too long for column \'ext8\' at row 1\r\n### The error may exist in file [D:\\autumn\\Documents\\GitHub\\zmx_system\\target\\classes\\mybatis\\vaccines\\UserFillInfoMapper.xml]\r\n### The error may involve com.autumn.project.vaccines.mapper.UserFillInfoMapper.insertUserFillInfo-Inline\r\n### The error occurred while setting parameters\r\n### SQL: insert into user_fill_info          ( user_id,             user_name,             user_sex,             children_name,             children_sex,             children_birthday,             today,                          user_phone,             address,                                                    state,             create_by,             create_time,                          ext1,                                       ext4,             ext5,             ext6,             ext7,             ext8,             ext9,             ext10 )           values ( ?,             ?,             ?,             ?,             ?,             ?,             ?,                          ?,             ?,                                                    ?,             ?,             ?,                          ?,                                       ?,             ?,             ?,             ?,             ?,             ?,             ? )\r\n### Cause: com.mysql.cj.jdbc.exceptions.MysqlDataTruncation: Data truncation: Data too long for column \'ext8\' at row 1\n; Data truncation: Data too long for column \'ext8\' at row 1; nested exception is com.mysql.cj.jdbc.exceptions.MysqlDataTruncation: Data truncation: Data too long for column \'ext8\' at row 1','2024-04-13 06:43:13',56),(292,'用户填报信息',1,'com.autumn.project.vaccines.controller.UserFillInfoController.add()','POST',1,'user1',NULL,'/vaccines/userFillInfo','127.0.0.1','内网IP','{\"address\":\"1\",\"childrenBirthday\":\"2022-04-22\",\"childrenName\":\"333\",\"childrenSex\":\"0\",\"createBy\":\"user1\",\"createTime\":\"2024-04-13 14:44:02\",\"ext1\":\"乙脑灭活疫苗（第三剂）-注射\",\"ext10\":\"2\",\"ext4\":\"1060590974@qq.com\",\"ext5\":\"0\",\"ext6\":\"[{\\\"label\\\":\\\"乙脑灭活疫苗（第三剂）\\\",\\\"value\\\":\\\"yn3\\\"}]\",\"ext7\":\"null\",\"ext8\":\"0782f252b586420f9aef49bee68a877e\",\"ext9\":\"护士2\",\"id\":95,\"params\":{},\"roleFlag\":\"2\",\"state\":\"3\",\"today\":\"2024-04-13\",\"userId\":5,\"userName\":\"测试姓名\",\"userPhone\":\"16638808906\",\"userSex\":\"0\"}','{\"msg\":\"操作成功\",\"code\":200}',0,NULL,'2024-04-13 06:44:02',11),(293,'用户填报信息',2,'com.autumn.project.vaccines.controller.UserFillInfoController.edit()','PUT',1,'admin','研发部门','/vaccines/userFillInfo','127.0.0.1','内网IP','{\"address\":\"2\",\"childrenBirthday\":\"2024-04-10\",\"childrenName\":\"2222\",\"childrenSex\":\"1\",\"createBy\":\"user1\",\"createTime\":\"2024-04-13 14:42:49\",\"ext1\":\"该时间段暂时无需打疫苗\",\"ext10\":\"1\",\"ext2\":\"2\",\"ext3\":\"null\",\"ext4\":\"1060590974@qq.com\",\"ext5\":\"0\",\"id\":94,\"params\":{},\"roleFlag\":\"4\",\"scoreIsNull\":true,\"state\":\"4\",\"today\":\"2024-04-13\",\"userId\":5,\"userName\":\"测试姓名\",\"userPhone\":\"16638808906\",\"userSex\":\"0\"}','{\"msg\":\"操作成功\",\"code\":200}',0,NULL,'2024-04-13 06:44:23',5),(294,'用户填报信息',2,'com.autumn.project.vaccines.controller.UserFillInfoController.edit()','PUT',1,'admin','研发部门','/vaccines/userFillInfo','127.0.0.1','内网IP','{\"address\":\"111\",\"childrenBirthday\":\"2024-04-01\",\"childrenName\":\"1111\",\"childrenSex\":\"1\",\"createBy\":\"user1\",\"createTime\":\"2024-04-13 14:38:42\",\"ext1\":\"该时间段暂时无需打疫苗\",\"ext10\":\"1\",\"ext2\":\"2\",\"ext3\":\"null\",\"ext4\":\"1060590974@qq.com\",\"ext5\":\"0\",\"id\":93,\"params\":{},\"roleFlag\":\"4\",\"scoreIsNull\":true,\"state\":\"4\",\"today\":\"2024-04-13\",\"userId\":5,\"userName\":\"测试姓名\",\"userPhone\":\"16638808906\",\"userSex\":\"0\"}','{\"msg\":\"操作成功\",\"code\":200}',0,NULL,'2024-04-13 06:44:27',4),(295,'用户填报信息',2,'com.autumn.project.vaccines.controller.UserFillInfoController.edit()','PUT',1,'admin','研发部门','/vaccines/userFillInfo','127.0.0.1','内网IP','{\"address\":\"1\",\"childrenBirthday\":\"2022-04-22\",\"childrenName\":\"333\",\"childrenSex\":\"0\",\"createBy\":\"user1\",\"createTime\":\"2024-04-13 14:44:03\",\"ext1\":\"乙脑灭活疫苗（第三剂）-注射\",\"ext10\":\"2\",\"ext3\":\"null\",\"ext4\":\"1060590974@qq.com\",\"ext5\":\"0\",\"ext6\":\"[{\\\"label\\\":\\\"乙脑灭活疫苗（第三剂）\\\",\\\"value\\\":\\\"yn3\\\"}]\",\"ext8\":\"0782f252b586420f9aef49bee68a877e\",\"ext9\":\"护士2\",\"id\":95,\"params\":{},\"roleFlag\":\"4\",\"scoreIsNull\":true,\"state\":\"4\",\"today\":\"2024-04-13\",\"userId\":5,\"userName\":\"测试姓名\",\"userPhone\":\"16638808906\",\"userSex\":\"0\"}','{\"msg\":\"操作成功\",\"code\":200}',0,NULL,'2024-04-13 06:50:43',5),(296,'用户填报信息',2,'com.autumn.project.vaccines.controller.UserFillInfoController.edit()','PUT',1,'user1',NULL,'/vaccines/userFillInfo','127.0.0.1','内网IP','{\"address\":\"1\",\"childrenBirthday\":\"2022-04-22\",\"childrenName\":\"333\",\"childrenSex\":\"0\",\"createBy\":\"user1\",\"createTime\":\"2024-04-13 14:44:03\",\"ext1\":\"乙脑灭活疫苗（第三剂）-注射\",\"ext10\":\"2\",\"ext3\":\"\\\"null\\\"\",\"ext4\":\"1060590974@qq.com\",\"ext5\":\"0\",\"ext6\":\"[{\\\"label\\\":\\\"乙脑灭活疫苗（第三剂）\\\",\\\"value\\\":\\\"yn3\\\"}]\",\"ext7\":\"\\\"yn3\\\"\",\"ext8\":\"0782f252b586420f9aef49bee68a877e\",\"ext9\":\"护士2\",\"id\":95,\"params\":{},\"roleFlag\":\"5\",\"scoreIsNull\":true,\"state\":\"5\",\"today\":\"2024-04-13\",\"userId\":5,\"userName\":\"测试姓名\",\"userPhone\":\"16638808906\",\"userSex\":\"0\"}','{\"msg\":\"操作成功\",\"code\":200}',0,NULL,'2024-04-13 06:51:02',11),(297,'用户填报信息',2,'com.autumn.project.vaccines.controller.UserFillInfoController.edit()','PUT',1,'user1',NULL,'/vaccines/userFillInfo','127.0.0.1','内网IP','{\"address\":\"2\",\"childrenBirthday\":\"2024-04-10\",\"childrenName\":\"2222\",\"childrenSex\":\"1\",\"createBy\":\"user1\",\"createTime\":\"2024-04-13 14:42:49\",\"ext1\":\"该时间段暂时无需打疫苗\",\"ext10\":\"1\",\"ext2\":\"2\",\"ext3\":\"\\\"null\\\"\",\"ext4\":\"1060590974@qq.com\",\"ext5\":\"0\",\"ext7\":\"null\",\"id\":94,\"params\":{},\"roleFlag\":\"5\",\"scoreIsNull\":true,\"state\":\"5\",\"today\":\"2024-04-13\",\"userId\":5,\"userName\":\"测试姓名\",\"userPhone\":\"16638808906\",\"userSex\":\"0\"}','{\"msg\":\"操作成功\",\"code\":200}',0,NULL,'2024-04-13 06:51:30',4),(298,'用户填报信息',2,'com.autumn.project.vaccines.controller.UserFillInfoController.edit()','PUT',1,'user1',NULL,'/vaccines/userFillInfo','127.0.0.1','内网IP','{\"address\":\"111\",\"childrenBirthday\":\"2024-04-01\",\"childrenName\":\"1111\",\"childrenSex\":\"1\",\"createBy\":\"user1\",\"createTime\":\"2024-04-13 14:38:42\",\"ext1\":\"该时间段暂时无需打疫苗\",\"ext10\":\"1\",\"ext2\":\"2\",\"ext3\":\"\\\"null\\\"\",\"ext4\":\"1060590974@qq.com\",\"ext5\":\"0\",\"ext7\":\"null\",\"id\":93,\"params\":{},\"roleFlag\":\"5\",\"scoreIsNull\":true,\"state\":\"5\",\"today\":\"2024-04-13\",\"userId\":5,\"userName\":\"测试姓名\",\"userPhone\":\"16638808906\",\"userSex\":\"0\"}','{\"msg\":\"操作成功\",\"code\":200}',0,NULL,'2024-04-13 06:51:34',4),(299,'用户填报信息',1,'com.autumn.project.vaccines.controller.UserFillInfoController.add()','POST',1,'user1',NULL,'/vaccines/userFillInfo','127.0.0.1','内网IP','{\"address\":\"11\",\"childrenBirthday\":\"2022-04-22\",\"childrenName\":\"333\",\"childrenSex\":\"1\",\"createBy\":\"user1\",\"createTime\":\"2024-04-13 15:17:48\",\"ext1\":\"乙脑灭活疫苗（第三剂）-注射\",\"ext10\":\"2\",\"ext4\":\"1060590974@qq.com\",\"ext5\":\"0\",\"ext6\":\"[{\\\"label\\\":\\\"乙脑灭活疫苗（第三剂）\\\",\\\"value\\\":\\\"yn3\\\"}]\",\"ext7\":\"null\",\"id\":96,\"params\":{},\"roleFlag\":\"2\",\"state\":\"3\",\"today\":\"2024-04-13\",\"userId\":5,\"userName\":\"测试姓名\",\"userPhone\":\"16638808906\",\"userSex\":\"0\"}','{\"msg\":\"操作成功\",\"code\":200}',0,NULL,'2024-04-13 07:17:48',56),(300,'用户填报信息',1,'com.autumn.project.vaccines.controller.UserFillInfoController.add()','POST',1,'user1',NULL,'/vaccines/userFillInfo','127.0.0.1','内网IP','{\"address\":\"2\",\"childrenBirthday\":\"2022-04-22\",\"childrenName\":\"555\",\"childrenSex\":\"0\",\"createBy\":\"user1\",\"createTime\":\"2024-04-13 15:19:48\",\"ext1\":\"乙脑灭活疫苗（第三剂）-注射\",\"ext10\":\"2\",\"ext4\":\"1060590974@qq.com\",\"ext5\":\"0\",\"ext6\":\"[{\\\"label\\\":\\\"乙脑灭活疫苗（第三剂）\\\",\\\"value\\\":\\\"yn3\\\"}]\",\"ext7\":\"null\",\"id\":97,\"params\":{},\"roleFlag\":\"2\",\"state\":\"3\",\"today\":\"2024-04-13\",\"userId\":5,\"userName\":\"测试姓名\",\"userPhone\":\"16638808906\",\"userSex\":\"0\"}','{\"msg\":\"操作成功\",\"code\":200}',0,NULL,'2024-04-13 07:20:12',24100),(301,'用户填报信息',1,'com.autumn.project.vaccines.controller.UserFillInfoController.add()','POST',1,'user1',NULL,'/vaccines/userFillInfo','127.0.0.1','内网IP','{\"address\":\"4\",\"childrenBirthday\":\"2022-04-22\",\"childrenName\":\"44\",\"childrenSex\":\"1\",\"createBy\":\"user1\",\"createTime\":\"2024-04-13 15:22:34\",\"ext1\":\"乙脑灭活疫苗（第三剂）-注射\",\"ext10\":\"2\",\"ext4\":\"1060590974@qq.com\",\"ext5\":\"0\",\"ext6\":\"[{\\\"label\\\":\\\"乙脑灭活疫苗（第三剂）\\\",\\\"value\\\":\\\"yn3\\\"}]\",\"ext7\":\"null\",\"id\":98,\"params\":{},\"roleFlag\":\"2\",\"state\":\"3\",\"today\":\"2024-04-13\",\"userId\":5,\"userName\":\"测试姓名\",\"userPhone\":\"16638808906\",\"userSex\":\"0\"}','{\"msg\":\"操作成功\",\"code\":200}',0,NULL,'2024-04-13 07:22:54',20351),(302,'用户填报信息',1,'com.autumn.project.vaccines.controller.UserFillInfoController.add()','POST',1,'user1',NULL,'/vaccines/userFillInfo','127.0.0.1','内网IP','{\"address\":\"4\",\"childrenBirthday\":\"2022-04-22\",\"childrenName\":\"44\",\"childrenSex\":\"1\",\"createBy\":\"user1\",\"createTime\":\"2024-04-13 15:23:30\",\"ext1\":\"乙脑灭活疫苗（第三剂）-注射\",\"ext10\":\"2\",\"ext4\":\"1060590974@qq.com\",\"ext5\":\"0\",\"ext6\":\"[{\\\"label\\\":\\\"乙脑灭活疫苗（第三剂）\\\",\\\"value\\\":\\\"yn3\\\"}]\",\"ext7\":\"null\",\"id\":99,\"params\":{},\"roleFlag\":\"2\",\"state\":\"3\",\"today\":\"2024-04-13\",\"userId\":5,\"userName\":\"测试姓名\",\"userPhone\":\"16638808906\",\"userSex\":\"0\"}','{\"msg\":\"操作成功\",\"code\":200}',0,NULL,'2024-04-13 07:23:30',78),(303,'用户填报信息',2,'com.autumn.project.vaccines.controller.UserFillInfoController.edit()','PUT',1,'admin','研发部门','/vaccines/userFillInfo','127.0.0.1','内网IP','{\"address\":\"4\",\"childrenBirthday\":\"2022-04-22\",\"childrenName\":\"44\",\"childrenSex\":\"1\",\"createBy\":\"user1\",\"createTime\":\"2024-04-13 15:23:31\",\"ext1\":\"乙脑灭活疫苗（第三剂）-注射\",\"ext10\":\"2\",\"ext3\":\"null\",\"ext4\":\"1060590974@qq.com\",\"ext5\":\"0\",\"ext6\":\"[{\\\"label\\\":\\\"乙脑灭活疫苗（第三剂）\\\",\\\"value\\\":\\\"yn3\\\"}]\",\"ext7\":\"null\",\"id\":99,\"params\":{},\"scoreIsNull\":true,\"state\":\"3\",\"today\":\"2024-04-13\",\"userId\":5,\"userName\":\"测试姓名\",\"userPhone\":\"16638808906\",\"userSex\":\"0\"}',NULL,1,'','2024-04-13 07:26:25',8),(304,'用户填报信息',2,'com.autumn.project.vaccines.controller.UserFillInfoController.edit()','PUT',1,'admin','研发部门','/vaccines/userFillInfo','127.0.0.1','内网IP','{\"address\":\"4\",\"childrenBirthday\":\"2022-04-22\",\"childrenName\":\"44\",\"childrenSex\":\"1\",\"createBy\":\"user1\",\"createTime\":\"2024-04-13 15:23:31\",\"ext1\":\"乙脑灭活疫苗（第三剂）-注射\",\"ext10\":\"2\",\"ext3\":\"null\",\"ext4\":\"1060590974@qq.com\",\"ext5\":\"0\",\"ext6\":\"[{\\\"label\\\":\\\"乙脑灭活疫苗（第三剂）\\\",\\\"value\\\":\\\"yn3\\\"}]\",\"id\":99,\"params\":{},\"scoreIsNull\":true,\"state\":\"3\",\"today\":\"2024-04-13\",\"userId\":5,\"userName\":\"测试姓名\",\"userPhone\":\"16638808906\",\"userSex\":\"0\"}','{\"msg\":\"操作成功\",\"code\":200}',0,NULL,'2024-04-13 07:27:59',31),(305,'用户填报信息',2,'com.autumn.project.vaccines.controller.UserFillInfoController.edit()','PUT',1,'admin','研发部门','/vaccines/userFillInfo','127.0.0.1','内网IP','{\"address\":\"4\",\"childrenBirthday\":\"2022-04-22\",\"childrenName\":\"44\",\"childrenSex\":\"1\",\"createBy\":\"user1\",\"createTime\":\"2024-04-13 15:23:31\",\"ext1\":\"乙脑灭活疫苗（第三剂）-注射\",\"ext10\":\"2\",\"ext3\":\"\\\"null\\\"\",\"ext4\":\"1060590974@qq.com\",\"ext5\":\"0\",\"ext6\":\"[{\\\"label\\\":\\\"乙脑灭活疫苗（第三剂）\\\",\\\"value\\\":\\\"yn3\\\"}]\",\"id\":99,\"params\":{},\"roleFlag\":\"4\",\"scoreIsNull\":true,\"state\":\"4\",\"today\":\"2024-04-13\",\"userId\":5,\"userName\":\"测试姓名\",\"userPhone\":\"16638808906\",\"userSex\":\"0\"}','{\"msg\":\"操作成功\",\"code\":200}',0,NULL,'2024-04-13 07:28:04',7),(306,'用户填报信息',1,'com.autumn.project.vaccines.controller.UserFillInfoController.add()','POST',1,'user1',NULL,'/vaccines/userFillInfo','127.0.0.1','内网IP','{\"address\":\"33\",\"childrenBirthday\":\"2022-04-22\",\"childrenName\":\"6666\",\"childrenSex\":\"0\",\"createBy\":\"user1\",\"createTime\":\"2024-04-13 15:28:43\",\"ext1\":\"乙脑灭活疫苗（第三剂）-注射\",\"ext10\":\"2\",\"ext4\":\"1060590974@qq.com\",\"ext5\":\"0\",\"ext6\":\"[{\\\"label\\\":\\\"乙脑灭活疫苗（第三剂）\\\",\\\"value\\\":\\\"yn3\\\"}]\",\"ext7\":\"null\",\"ext8\":\"0782f252b586420f9aef49bee68a877e\",\"ext9\":\"护士2\",\"id\":100,\"params\":{},\"roleFlag\":\"2\",\"state\":\"3\",\"today\":\"2024-04-13\",\"userId\":5,\"userName\":\"测试姓名\",\"userPhone\":\"16638808906\",\"userSex\":\"0\"}','{\"msg\":\"操作成功\",\"code\":200}',0,NULL,'2024-04-13 07:28:43',28),(307,'用户填报信息',1,'com.autumn.project.vaccines.controller.UserFillInfoController.add()','POST',1,'user1',NULL,'/vaccines/userFillInfo','127.0.0.1','内网IP','{\"address\":\"66\",\"childrenBirthday\":\"2022-04-22\",\"childrenName\":\"666\",\"childrenSex\":\"1\",\"createBy\":\"user1\",\"createTime\":\"2024-04-13 15:29:00\",\"ext1\":\"乙脑灭活疫苗（第三剂）-注射\",\"ext10\":\"2\",\"ext4\":\"1060590974@qq.com\",\"ext5\":\"0\",\"ext6\":\"[{\\\"label\\\":\\\"乙脑灭活疫苗（第三剂）\\\",\\\"value\\\":\\\"yn3\\\"}]\",\"ext7\":\"null\",\"ext8\":\"1111\",\"ext9\":\"护士1\",\"id\":101,\"params\":{},\"roleFlag\":\"2\",\"state\":\"3\",\"today\":\"2024-04-13\",\"userId\":5,\"userName\":\"测试姓名\",\"userPhone\":\"16638808906\",\"userSex\":\"0\"}','{\"msg\":\"操作成功\",\"code\":200}',0,NULL,'2024-04-13 07:29:00',21),(308,'用户填报信息',1,'com.autumn.project.vaccines.controller.UserFillInfoController.add()','POST',1,'user1',NULL,'/vaccines/userFillInfo','127.0.0.1','内网IP','{\"address\":\"77\",\"childrenBirthday\":\"2022-04-22\",\"childrenName\":\"777\",\"childrenSex\":\"1\",\"createBy\":\"user1\",\"createTime\":\"2024-04-13 15:29:17\",\"ext1\":\"乙脑灭活疫苗（第三剂）-注射\",\"ext10\":\"2\",\"ext4\":\"1060590974@qq.com\",\"ext5\":\"0\",\"ext6\":\"[{\\\"label\\\":\\\"乙脑灭活疫苗（第三剂）\\\",\\\"value\\\":\\\"yn3\\\"}]\",\"ext7\":\"null\",\"ext8\":\"0782f252b586420f9aef49bee68a877e\",\"ext9\":\"护士2\",\"id\":102,\"params\":{},\"roleFlag\":\"2\",\"state\":\"3\",\"today\":\"2024-04-13\",\"userId\":5,\"userName\":\"测试姓名\",\"userPhone\":\"16638808906\",\"userSex\":\"0\"}','{\"msg\":\"操作成功\",\"code\":200}',0,NULL,'2024-04-13 07:29:17',22),(309,'用户填报信息',2,'com.autumn.project.vaccines.controller.UserFillInfoController.edit()','PUT',1,'admin','研发部门','/vaccines/userFillInfo','127.0.0.1','内网IP','{\"address\":\"77\",\"childrenBirthday\":\"2022-04-22\",\"childrenName\":\"777\",\"childrenSex\":\"1\",\"createBy\":\"user1\",\"createTime\":\"2024-04-13 15:29:17\",\"ext1\":\"乙脑灭活疫苗（第三剂）-注射\",\"ext10\":\"2\",\"ext3\":\"null\",\"ext4\":\"1060590974@qq.com\",\"ext5\":\"0\",\"ext6\":\"[{\\\"label\\\":\\\"乙脑灭活疫苗（第三剂）\\\",\\\"value\\\":\\\"yn3\\\"}]\",\"ext8\":\"0782f252b586420f9aef49bee68a877e\",\"ext9\":\"护士2\",\"id\":102,\"params\":{},\"scoreIsNull\":true,\"state\":\"3\",\"today\":\"2024-04-13\",\"userId\":5,\"userName\":\"测试姓名\",\"userPhone\":\"16638808906\",\"userSex\":\"0\"}','{\"msg\":\"操作成功\",\"code\":200}',0,NULL,'2024-04-13 07:29:30',6),(310,'用户填报信息',2,'com.autumn.project.vaccines.controller.UserFillInfoController.edit()','PUT',1,'user1',NULL,'/vaccines/userFillInfo','127.0.0.1','内网IP','{\"address\":\"4\",\"childrenBirthday\":\"2022-04-22\",\"childrenName\":\"44\",\"childrenSex\":\"1\",\"createBy\":\"user1\",\"createTime\":\"2024-04-13 15:23:31\",\"ext1\":\"乙脑灭活疫苗（第三剂）-注射\",\"ext10\":\"2\",\"ext3\":\"\\\"\\\\\\\"null\\\\\\\"\\\"\",\"ext4\":\"1060590974@qq.com\",\"ext5\":\"0\",\"ext6\":\"[{\\\"label\\\":\\\"乙脑灭活疫苗（第三剂）\\\",\\\"value\\\":\\\"yn3\\\"}]\",\"ext7\":\"\\\"yn3\\\"\",\"id\":99,\"params\":{},\"roleFlag\":\"5\",\"scoreIsNull\":true,\"state\":\"5\",\"today\":\"2024-04-13\",\"userId\":5,\"userName\":\"测试姓名\",\"userPhone\":\"16638808906\",\"userSex\":\"0\"}','{\"msg\":\"操作成功\",\"code\":200}',0,NULL,'2024-04-13 07:32:15',12);
/*!40000 ALTER TABLE `sys_oper_log` ENABLE KEYS */;
UNLOCK TABLES;

--
-- Table structure for table `sys_post`
--

DROP TABLE IF EXISTS `sys_post`;
/*!40101 SET @saved_cs_client     = @@character_set_client */;
/*!40101 SET character_set_client = utf8 */;
CREATE TABLE `sys_post` (
  `post_id` bigint(20) NOT NULL AUTO_INCREMENT COMMENT '岗位ID',
  `post_code` varchar(64) COLLATE utf8mb4_unicode_ci NOT NULL COMMENT '岗位编码',
  `post_name` varchar(50) COLLATE utf8mb4_unicode_ci NOT NULL COMMENT '岗位名称',
  `post_sort` int(4) NOT NULL COMMENT '显示顺序',
  `status` char(1) COLLATE utf8mb4_unicode_ci NOT NULL COMMENT '状态（0正常 1停用）',
  `create_by` varchar(64) COLLATE utf8mb4_unicode_ci DEFAULT '' COMMENT '创建者',
  `create_time` datetime DEFAULT NULL COMMENT '创建时间',
  `update_by` varchar(64) COLLATE utf8mb4_unicode_ci DEFAULT '' COMMENT '更新者',
  `update_time` datetime DEFAULT NULL COMMENT '更新时间',
  `remark` varchar(500) COLLATE utf8mb4_unicode_ci DEFAULT NULL COMMENT '备注',
  PRIMARY KEY (`post_id`)
) ENGINE=InnoDB AUTO_INCREMENT=5 DEFAULT CHARSET=utf8mb4 COLLATE=utf8mb4_unicode_ci COMMENT='岗位信息表';
/*!40101 SET character_set_client = @saved_cs_client */;

--
-- Dumping data for table `sys_post`
--

LOCK TABLES `sys_post` WRITE;
/*!40000 ALTER TABLE `sys_post` DISABLE KEYS */;
INSERT INTO `sys_post` VALUES (1,'ceo','董事长',1,'0','admin','2024-01-15 05:14:46','',NULL,''),(4,'user','普通员工',4,'0','admin','2024-01-15 05:14:46','',NULL,'');
/*!40000 ALTER TABLE `sys_post` ENABLE KEYS */;
UNLOCK TABLES;

--
-- Table structure for table `sys_role`
--

DROP TABLE IF EXISTS `sys_role`;
/*!40101 SET @saved_cs_client     = @@character_set_client */;
/*!40101 SET character_set_client = utf8 */;
CREATE TABLE `sys_role` (
  `role_id` bigint(20) NOT NULL AUTO_INCREMENT COMMENT '角色ID',
  `role_name` varchar(30) COLLATE utf8mb4_unicode_ci NOT NULL COMMENT '角色名称',
  `role_key` varchar(100) COLLATE utf8mb4_unicode_ci NOT NULL COMMENT '角色权限字符串',
  `role_sort` int(4) NOT NULL COMMENT '显示顺序',
  `data_scope` char(1) COLLATE utf8mb4_unicode_ci DEFAULT '1' COMMENT '数据范围（1：全部数据权限 2：自定数据权限 3：本部门数据权限 4：本部门及以下数据权限）',
  `menu_check_strictly` tinyint(1) DEFAULT '1' COMMENT '菜单树选择项是否关联显示',
  `dept_check_strictly` tinyint(1) DEFAULT '1' COMMENT '部门树选择项是否关联显示',
  `status` char(1) COLLATE utf8mb4_unicode_ci NOT NULL COMMENT '角色状态（0正常 1停用）',
  `del_flag` char(1) COLLATE utf8mb4_unicode_ci DEFAULT '0' COMMENT '删除标志（0代表存在 2代表删除）',
  `create_by` varchar(64) COLLATE utf8mb4_unicode_ci DEFAULT '' COMMENT '创建者',
  `create_time` datetime DEFAULT NULL COMMENT '创建时间',
  `update_by` varchar(64) COLLATE utf8mb4_unicode_ci DEFAULT '' COMMENT '更新者',
  `update_time` datetime DEFAULT NULL COMMENT '更新时间',
  `remark` varchar(500) COLLATE utf8mb4_unicode_ci DEFAULT NULL COMMENT '备注',
  PRIMARY KEY (`role_id`)
) ENGINE=InnoDB AUTO_INCREMENT=3 DEFAULT CHARSET=utf8mb4 COLLATE=utf8mb4_unicode_ci COMMENT='角色信息表';
/*!40101 SET character_set_client = @saved_cs_client */;

--
-- Dumping data for table `sys_role`
--

LOCK TABLES `sys_role` WRITE;
/*!40000 ALTER TABLE `sys_role` DISABLE KEYS */;
INSERT INTO `sys_role` VALUES (1,'超级管理员','admin',1,'1',1,1,'0','0','admin','2024-01-15 05:14:46','',NULL,'超级管理员'),(2,'普通角色','common',2,'2',1,1,'0','0','admin','2024-01-15 05:14:46','admin','2024-03-01 03:24:02','普通角色');
/*!40000 ALTER TABLE `sys_role` ENABLE KEYS */;
UNLOCK TABLES;

--
-- Table structure for table `sys_role_dept`
--

DROP TABLE IF EXISTS `sys_role_dept`;
/*!40101 SET @saved_cs_client     = @@character_set_client */;
/*!40101 SET character_set_client = utf8 */;
CREATE TABLE `sys_role_dept` (
  `role_id` bigint(20) NOT NULL COMMENT '角色ID',
  `dept_id` bigint(20) NOT NULL COMMENT '部门ID',
  PRIMARY KEY (`role_id`,`dept_id`)
) ENGINE=InnoDB DEFAULT CHARSET=utf8mb4 COLLATE=utf8mb4_unicode_ci COMMENT='角色和部门关联表';
/*!40101 SET character_set_client = @saved_cs_client */;

--
-- Dumping data for table `sys_role_dept`
--

LOCK TABLES `sys_role_dept` WRITE;
/*!40000 ALTER TABLE `sys_role_dept` DISABLE KEYS */;
INSERT INTO `sys_role_dept` VALUES (2,100),(2,101),(2,105);
/*!40000 ALTER TABLE `sys_role_dept` ENABLE KEYS */;
UNLOCK TABLES;

--
-- Table structure for table `sys_role_menu`
--

DROP TABLE IF EXISTS `sys_role_menu`;
/*!40101 SET @saved_cs_client     = @@character_set_client */;
/*!40101 SET character_set_client = utf8 */;
CREATE TABLE `sys_role_menu` (
  `role_id` bigint(20) NOT NULL COMMENT '角色ID',
  `menu_id` bigint(20) NOT NULL COMMENT '菜单ID',
  PRIMARY KEY (`role_id`,`menu_id`)
) ENGINE=InnoDB DEFAULT CHARSET=utf8mb4 COLLATE=utf8mb4_unicode_ci COMMENT='角色和菜单关联表';
/*!40101 SET character_set_client = @saved_cs_client */;

--
-- Dumping data for table `sys_role_menu`
--

LOCK TABLES `sys_role_menu` WRITE;
/*!40000 ALTER TABLE `sys_role_menu` DISABLE KEYS */;
INSERT INTO `sys_role_menu` VALUES (2,1),(2,107),(2,1035),(2,1061),(2,1062),(2,1063),(2,1068),(2,1069),(2,1074),(2,1075),(2,1076),(2,1077),(2,1079),(2,1080),(2,1081);
/*!40000 ALTER TABLE `sys_role_menu` ENABLE KEYS */;
UNLOCK TABLES;

--
-- Table structure for table `sys_user`
--

DROP TABLE IF EXISTS `sys_user`;
/*!40101 SET @saved_cs_client     = @@character_set_client */;
/*!40101 SET character_set_client = utf8 */;
CREATE TABLE `sys_user` (
  `user_id` bigint(20) NOT NULL AUTO_INCREMENT COMMENT '用户ID',
  `dept_id` bigint(20) DEFAULT NULL COMMENT '部门ID',
  `user_name` varchar(30) COLLATE utf8mb4_unicode_ci NOT NULL COMMENT '用户账号',
  `nick_name` varchar(30) COLLATE utf8mb4_unicode_ci DEFAULT NULL COMMENT '真实姓名',
  `user_type` varchar(2) COLLATE utf8mb4_unicode_ci DEFAULT '00' COMMENT '用户类型（00系统用户）',
  `email` varchar(50) COLLATE utf8mb4_unicode_ci DEFAULT '' COMMENT '用户邮箱',
  `phonenumber` varchar(11) COLLATE utf8mb4_unicode_ci DEFAULT '' COMMENT '手机号码',
  `sex` char(1) COLLATE utf8mb4_unicode_ci DEFAULT '0' COMMENT '用户性别（0男 1女 2未知）',
  `avatar` varchar(100) COLLATE utf8mb4_unicode_ci DEFAULT '' COMMENT '头像地址',
  `password` varchar(100) COLLATE utf8mb4_unicode_ci DEFAULT '' COMMENT '密码',
  `status` char(1) COLLATE utf8mb4_unicode_ci DEFAULT '0' COMMENT '帐号状态（0正常 1停用）',
  `del_flag` char(1) COLLATE utf8mb4_unicode_ci DEFAULT '0' COMMENT '删除标志（0代表存在 2代表删除）',
  `login_ip` varchar(128) COLLATE utf8mb4_unicode_ci DEFAULT '' COMMENT '最后登录IP',
  `login_date` datetime DEFAULT NULL COMMENT '最后登录时间',
  `create_by` varchar(64) COLLATE utf8mb4_unicode_ci DEFAULT '' COMMENT '创建者',
  `create_time` datetime DEFAULT NULL COMMENT '创建时间',
  `update_by` varchar(64) COLLATE utf8mb4_unicode_ci DEFAULT '' COMMENT '更新者',
  `update_time` datetime DEFAULT NULL COMMENT '更新时间',
  `remark` varchar(500) COLLATE utf8mb4_unicode_ci DEFAULT NULL COMMENT '备注',
  PRIMARY KEY (`user_id`)
) ENGINE=InnoDB AUTO_INCREMENT=14 DEFAULT CHARSET=utf8mb4 COLLATE=utf8mb4_unicode_ci COMMENT='用户信息表';
/*!40101 SET character_set_client = @saved_cs_client */;

--
-- Dumping data for table `sys_user`
--

LOCK TABLES `sys_user` WRITE;
/*!40000 ALTER TABLE `sys_user` DISABLE KEYS */;
INSERT INTO `sys_user` VALUES (1,103,'admin','autumn','00','','','1','/profile/avatar/2024/03/24/WechatIMG26_20240324170223A001.jpg','$2a$10$7JB720yubVSZvUI0rEqK/.VqGOZTH.ulu33dHOiBE8ByOhJIrdAu2','0','0','127.0.0.1','2024-04-13 11:23:18','admin','2024-01-15 05:14:46','','2024-04-13 03:23:17','管理员'),(5,NULL,'user1','测试姓名','00','1060590974@qq.com','16638808906','0','','$2a$10$JL6okOdIma5eT.89AlImXuYclPeZlMmpZlk0msBitgLL/HNMzQwBu','0','0','127.0.0.1','2024-04-13 14:34:53','','2024-01-26 02:18:52','','2024-04-13 06:34:52',NULL),(11,NULL,'zhangmeng','张11','00','408766067@qq.com','17638794719','1','','$2a$10$lGBGCczjgWkN23qOlXYmsOTrC5KSZbE57xvB8w/XiuA6v6N7WbeY6','0','0','127.0.0.1','2024-03-26 14:14:14','','2024-02-29 05:55:44','','2024-03-26 06:14:13',NULL),(12,NULL,'zmx2','张梦旋','00','408766068@qq.com','17638794718','0','','$2a$10$PRewrjmJTJsyupDUJJbw8un3iSehzkHxqwQRrgbMlZAu2c78IzTrq','0','0','223.104.105.190','2024-02-29 20:47:43','','2024-02-29 12:35:40','','2024-02-29 12:47:43',NULL),(13,NULL,'001',NULL,'00','408766067@qq.com','17638794719','0','','$2a$10$yDjJmGaEndvThtQPlRd6xu7NUZ5g8nShJAwGl8LILRoTym9EwQFwm','0','0','127.0.0.1','2024-04-12 16:49:24','','2024-03-30 04:55:55','','2024-04-12 08:49:24',NULL);
/*!40000 ALTER TABLE `sys_user` ENABLE KEYS */;
UNLOCK TABLES;

--
-- Table structure for table `sys_user_post`
--

DROP TABLE IF EXISTS `sys_user_post`;
/*!40101 SET @saved_cs_client     = @@character_set_client */;
/*!40101 SET character_set_client = utf8 */;
CREATE TABLE `sys_user_post` (
  `user_id` bigint(20) NOT NULL COMMENT '用户ID',
  `post_id` bigint(20) NOT NULL COMMENT '岗位ID',
  PRIMARY KEY (`user_id`,`post_id`)
) ENGINE=InnoDB DEFAULT CHARSET=utf8mb4 COLLATE=utf8mb4_unicode_ci COMMENT='用户与岗位关联表';
/*!40101 SET character_set_client = @saved_cs_client */;

--
-- Dumping data for table `sys_user_post`
--

LOCK TABLES `sys_user_post` WRITE;
/*!40000 ALTER TABLE `sys_user_post` DISABLE KEYS */;
INSERT INTO `sys_user_post` VALUES (1,1);
/*!40000 ALTER TABLE `sys_user_post` ENABLE KEYS */;
UNLOCK TABLES;

--
-- Table structure for table `sys_user_role`
--

DROP TABLE IF EXISTS `sys_user_role`;
/*!40101 SET @saved_cs_client     = @@character_set_client */;
/*!40101 SET character_set_client = utf8 */;
CREATE TABLE `sys_user_role` (
  `user_id` bigint(20) NOT NULL COMMENT '用户ID',
  `role_id` bigint(20) NOT NULL COMMENT '角色ID',
  PRIMARY KEY (`user_id`,`role_id`)
) ENGINE=InnoDB DEFAULT CHARSET=utf8mb4 COLLATE=utf8mb4_unicode_ci COMMENT='用户和角色关联表';
/*!40101 SET character_set_client = @saved_cs_client */;

--
-- Dumping data for table `sys_user_role`
--

LOCK TABLES `sys_user_role` WRITE;
/*!40000 ALTER TABLE `sys_user_role` DISABLE KEYS */;
INSERT INTO `sys_user_role` VALUES (1,1),(4,2),(5,2),(6,2),(7,2),(8,2),(9,2),(10,2),(11,2),(12,2),(13,2);
/*!40000 ALTER TABLE `sys_user_role` ENABLE KEYS */;
UNLOCK TABLES;

--
-- Table structure for table `user_fill_info`
--

DROP TABLE IF EXISTS `user_fill_info`;
/*!40101 SET @saved_cs_client     = @@character_set_client */;
/*!40101 SET character_set_client = utf8 */;
CREATE TABLE `user_fill_info` (
  `id` bigint(20) NOT NULL AUTO_INCREMENT COMMENT 'ID',
  `user_id` bigint(20) DEFAULT NULL COMMENT '用户ID',
  `user_name` varchar(50) COLLATE utf8mb4_unicode_ci DEFAULT NULL COMMENT '家长姓名',
  `user_sex` varchar(5) COLLATE utf8mb4_unicode_ci DEFAULT NULL COMMENT '家长性别',
  `children_name` varchar(50) COLLATE utf8mb4_unicode_ci DEFAULT NULL COMMENT '孩子姓名',
  `children_sex` varchar(5) COLLATE utf8mb4_unicode_ci DEFAULT NULL COMMENT '孩子性别',
  `children_birthday` date DEFAULT NULL COMMENT '孩子出生日期',
  `today` date DEFAULT NULL COMMENT '填报日期',
  `children_allergy` text COLLATE utf8mb4_unicode_ci COMMENT '孩子过敏事项',
  `user_phone` varchar(11) COLLATE utf8mb4_unicode_ci DEFAULT NULL COMMENT '家长手机号码',
  `address` text COLLATE utf8mb4_unicode_ci COMMENT '家庭住址',
  `take_care` text COLLATE utf8mb4_unicode_ci COMMENT '注意事项',
  `score` char(5) COLLATE utf8mb4_unicode_ci DEFAULT NULL COMMENT '评分',
  `opinions` text COLLATE utf8mb4_unicode_ci COMMENT '意见建议',
  `state` char(5) COLLATE utf8mb4_unicode_ci DEFAULT NULL COMMENT '状态(1用户草稿保存，2用户推送完成，3系统选择完成，4管理员审核通过，5用户已读)',
  `create_by` varchar(64) COLLATE utf8mb4_unicode_ci DEFAULT '' COMMENT '创建者',
  `create_time` datetime DEFAULT NULL COMMENT '创建时间',
  `remark` varchar(500) COLLATE utf8mb4_unicode_ci DEFAULT NULL COMMENT '备注',
  `ext1` varchar(255) COLLATE utf8mb4_unicode_ci DEFAULT NULL COMMENT '需要接种的疫苗',
  `ext2` varchar(255) COLLATE utf8mb4_unicode_ci DEFAULT NULL COMMENT '是否需要人工标识',
  `ext3` varchar(255) COLLATE utf8mb4_unicode_ci DEFAULT NULL COMMENT '人工选择的疫苗',
  `ext4` varchar(255) COLLATE utf8mb4_unicode_ci DEFAULT NULL COMMENT '邮箱',
  `ext5` char(5) COLLATE utf8mb4_unicode_ci DEFAULT '0' COMMENT '是否删除(0存在，1删除)',
  `ext6` varchar(255) COLLATE utf8mb4_unicode_ci DEFAULT NULL,
  `ext7` varchar(255) COLLATE utf8mb4_unicode_ci DEFAULT NULL,
  `ext8` varchar(255) COLLATE utf8mb4_unicode_ci DEFAULT NULL COMMENT '接种护士编号',
  `ext9` varchar(50) COLLATE utf8mb4_unicode_ci DEFAULT NULL COMMENT '接种护士姓名',
  `ext10` varchar(20) COLLATE utf8mb4_unicode_ci DEFAULT NULL COMMENT '是否接种疫苗（1无需接种 2未接种 3已接种）',
  PRIMARY KEY (`id`)
) ENGINE=InnoDB AUTO_INCREMENT=103 DEFAULT CHARSET=utf8mb4 COLLATE=utf8mb4_unicode_ci COMMENT='用户填报信息表';
/*!40101 SET character_set_client = @saved_cs_client */;

--
-- Dumping data for table `user_fill_info`
--

LOCK TABLES `user_fill_info` WRITE;
/*!40000 ALTER TABLE `user_fill_info` DISABLE KEYS */;
INSERT INTO `user_fill_info` VALUES (58,5,'1','0','1','0','2024-01-25','2024-01-30','1','16638808906','1','<p>1</p>','4','<p>1</p>','5','user1','2024-01-30 11:01:07',NULL,'乙肝疫苗（第一剂）-注射 或 乙肝疫苗（第二剂）-注射','0','[\"yg1\",\"yg2\"]','1060590974@qq.com','0',NULL,NULL,NULL,NULL,NULL),(59,5,'2','0','2','0','2024-01-17','2024-01-30',NULL,'16638808906','2',NULL,'5',NULL,'5','user1','2024-01-30 11:09:53',NULL,'乙肝疫苗（第二剂）-注射','0','\"\\\"null\\\"\"','1060590974@qq.com','0',NULL,NULL,NULL,NULL,NULL),(60,5,'3','0','3','0','2024-01-24','2024-01-30','3','16638808906','3','<p>1</p>','3',NULL,'5','user1','2024-01-30 11:35:40',NULL,'乙肝疫苗（第一剂）-注射 或 乙肝疫苗（第二剂）-注射','0','[\"yg1\",\"yg2\"]','1060590974@qq.com','0',NULL,NULL,NULL,NULL,NULL),(61,11,'张梦旋','1','张小小','0','2024-05-05','2024-02-29','无','17638794719','郑州',NULL,'5','<p>服务很好</p>','5','zhangmeng','2024-02-29 14:13:50',NULL,'乙肝疫苗（第一剂）-注射','0','[\"yg1\"]','408766067@qq.com','0',NULL,NULL,NULL,NULL,NULL),(62,12,'张梦旋','0','传递','0','2024-02-22','2024-02-29',NULL,'17638794718','政治','<p>早睡</p>','1',NULL,'5','zmx2','2024-02-29 20:42:41',NULL,'乙肝疫苗（第一剂）-注射','0','\"\\\"\\\\\\\"\\\\\\\\\\\\\\\"null\\\\\\\\\\\\\\\"\\\\\\\"\\\"\"','408766068@qq.com','1',NULL,NULL,NULL,NULL,NULL),(63,11,'李小四','0','李小小','0','2022-03-02','2024-03-01','花粉','17638794719','上海',NULL,NULL,NULL,'2','zhangmeng','2024-03-01 17:58:29',NULL,'孩子存在过敏，请工作人员选择','1',NULL,'408766067@qq.com','0',NULL,NULL,NULL,NULL,NULL),(64,11,'王五','1','王未','0','2023-01-02','2024-03-01','阿莫西林','17638794726','西安',NULL,NULL,NULL,'2','zhangmeng','2024-03-01 18:55:44',NULL,'孩子存在过敏，请工作人员选择','1',NULL,'408766067@qq.com','0',NULL,NULL,NULL,NULL,NULL),(65,11,'白艳','1','白朗','1','2019-06-12','2024-03-01',NULL,'17636794619','山东',NULL,NULL,NULL,'5','zhangmeng','2024-03-01 18:57:20',NULL,'乙肝疫苗（第一剂）-注射','0','[\"yg1\"]','408766067@qq.com','0',NULL,NULL,NULL,NULL,NULL),(66,11,'苏丽','1','苏珊','1','2024-01-25','2024-03-07',NULL,'17638794719','郑州',NULL,NULL,NULL,'4','zhangmeng','2024-03-07 13:30:12',NULL,'乙肝疫苗（第二剂）-注射','0','[\"yg2\"]','408766067@qq.com','0',NULL,NULL,NULL,NULL,NULL),(67,11,'张明','0','张亮','0','2022-03-03','2024-03-07',NULL,'17638794719','南阳',NULL,NULL,NULL,'3','zhangmeng','2024-03-07 13:37:23',NULL,'甲肝灭活疫苗（第二剂）-注射','0',NULL,'408766067@qq.com','0',NULL,NULL,NULL,NULL,NULL),(68,11,'张1','1','张11','1','2023-12-14','2024-03-19',NULL,'17638794719','郑州',NULL,NULL,NULL,'3','zhangmeng','2024-03-19 16:50:58',NULL,'百白破联合疫苗（第一剂）-注射','0',NULL,'408766067@qq.com','1',NULL,NULL,NULL,NULL,NULL),(69,11,'张2','0','张22','0','2024-01-10','2024-03-19',NULL,'17638794719','郑州',NULL,'2',NULL,'5','zhangmeng','2024-03-19 16:51:44',NULL,'脊髓灰质炎减毒活疫苗（第一剂）-注射','0','\"\\\"null\\\"\"','408766067@qq.com','0',NULL,NULL,NULL,NULL,NULL),(70,11,'陈1','1','陈2','1','2023-12-05','2024-03-24',NULL,'17638794719','杭州',NULL,NULL,NULL,'4','zhangmeng','2024-03-24 12:59:05',NULL,'百白破联合疫苗（第一剂）-注射','0','[\"bbp1\"]','408766067@qq.com','0',NULL,NULL,NULL,NULL,NULL),(71,11,'张22','1','张34','1','2024-02-02','2024-03-24',NULL,'17638794719','南阳',NULL,NULL,NULL,'2','zhangmeng','2024-03-24 13:07:02',NULL,'未匹配到数据，请工作人员选择','1',NULL,'408766067@qq.com','0',NULL,NULL,NULL,NULL,NULL),(72,11,'李11','0','李22','1','2024-02-16','2024-03-24',NULL,'17638794719','南阳',NULL,NULL,NULL,'1','zhangmeng','2024-03-24 16:09:59',NULL,NULL,NULL,NULL,'408766067@qq.com','0',NULL,NULL,NULL,NULL,NULL),(73,11,'李4','1','李丽','1','2024-03-04','2024-03-24',NULL,'17638794719','洛阳',NULL,NULL,NULL,'1','zhangmeng','2024-03-24 16:16:50',NULL,NULL,NULL,NULL,'408766067@qq.com','0',NULL,NULL,NULL,NULL,NULL),(74,11,'李来','1','力1','1','2024-03-07','2024-03-24',NULL,'17638794719','湖南',NULL,NULL,NULL,'2','zhangmeng','2024-03-24 16:36:21',NULL,'未匹配到数据，请工作人员选择','1',NULL,'408766067@qq.com','0',NULL,NULL,NULL,NULL,NULL),(75,11,'张2','0','张22','0','2024-01-26','2024-03-24',NULL,'17638794719','郑州',NULL,NULL,NULL,'2','zhangmeng','2024-03-24 16:47:18',NULL,'未匹配到数据，请工作人员选择','1',NULL,'408766067@qq.com','0',NULL,NULL,NULL,NULL,NULL),(76,11,'张3','1','张33','1','2023-12-27','2024-03-24',NULL,'17638794719','郑州',NULL,NULL,NULL,'4','zhangmeng','2024-03-24 16:48:02',NULL,'脊髓灰质炎减毒活疫苗（第二剂）-口服','0','null','408766067@qq.com','0',NULL,NULL,NULL,NULL,NULL),(77,11,'张题','0','张可','1','2024-03-19','2024-03-25',NULL,'17638794719','郑州',NULL,NULL,NULL,'5','zhangmeng','2024-03-25 15:22:02',NULL,'该时间段暂时无需打疫苗','2','\"\\\"null\\\"\"','408766067@qq.com','0',NULL,NULL,NULL,NULL,NULL),(78,11,'张5','1','张6','1','2023-06-30','2024-03-25',NULL,'17638794719','郑州','<p>你好，该阶段暂时不需要打疫苗</p>',NULL,NULL,'4','zhangmeng','2024-03-25 16:53:40',NULL,'该时间段暂时无需打疫苗','2','null','408766067@qq.com','0',NULL,NULL,NULL,NULL,NULL),(79,11,'张7','1','张77','1','2023-01-11','2024-03-25',NULL,'17638794719','郑州',NULL,NULL,NULL,'4','zhangmeng','2024-03-25 16:58:44',NULL,'该时间段暂时无需打疫苗','2','null','408766067@qq.com','0',NULL,NULL,NULL,NULL,NULL),(80,11,'张8','1','张88','0','2023-12-07','2024-03-25',NULL,'17638794719','郑州',NULL,NULL,NULL,'2','zhangmeng','2024-03-25 17:00:46',NULL,'该时间段暂时无需打疫苗','2',NULL,'408766067@qq.com','0',NULL,NULL,NULL,NULL,NULL),(81,11,'张8','1','张88','1','2023-12-27','2024-03-25',NULL,'17638794719','郑州',NULL,NULL,NULL,'4','zhangmeng','2024-03-25 17:10:34',NULL,'脊髓灰质炎减毒活疫苗（第二剂）-口服',NULL,'null','408766067@qq.com','0',NULL,NULL,NULL,NULL,NULL),(82,11,'张23','1','张12','0','2023-05-24','2024-03-25',NULL,'17638794719','郑州',NULL,NULL,NULL,'4','zhangmeng','2024-03-25 17:18:41',NULL,'该时间段暂时无需打疫苗','2','\"null\"','408766067@qq.com','0',NULL,NULL,NULL,NULL,NULL),(83,11,'张09','1','张56','1','2022-03-12','2024-03-25',NULL,'17638794719','郑州',NULL,NULL,NULL,'4','zhangmeng','2024-03-25 17:19:18',NULL,'甲肝灭活疫苗（第二剂）-注射',NULL,'null','408766067@qq.com','0',NULL,NULL,NULL,NULL,NULL),(84,11,'张11','1','张张','1','2023-06-30','2024-03-25',NULL,'17638794719','郑州',NULL,NULL,NULL,'4','zhangmeng','2024-03-25 17:31:54',NULL,'该时间段暂时无需打疫苗','2','null','408766067@qq.com','0',NULL,NULL,NULL,NULL,NULL),(85,11,'张99','1','张77','1','2022-03-12','2024-03-26',NULL,'17638794719','郑州',NULL,'3',NULL,'5','zhangmeng','2024-03-26 14:10:00',NULL,'甲肝灭活疫苗（第二剂）-注射',NULL,'\"null\"','408766067@qq.com','0',NULL,NULL,NULL,NULL,NULL),(86,11,'张6','1','在5','1','2024-03-06','2024-03-26',NULL,'17638794719','郑州',NULL,NULL,NULL,'5','zhangmeng','2024-03-26 14:10:36',NULL,'该时间段暂时无需打疫苗','2','\"\\\"null\\\"\"','408766067@qq.com','0',NULL,NULL,NULL,NULL,NULL),(87,5,'测试姓名','0','1111','0','2024-03-11','2024-03-29','1','16638808906','1',NULL,NULL,NULL,'4','user1','2024-03-29 22:12:58',NULL,'该时间段暂时无需打疫苗','2','null','1060590974@qq.com','1',NULL,'null',NULL,NULL,NULL),(88,5,'测试姓名','0','222','0','2024-03-29','2024-03-29','2','16638808906','2','<p>11</p>',NULL,NULL,'5','user1','2024-03-29 22:13:53',NULL,'乙肝疫苗（第一剂）/卡介苗-注射 或 乙肝疫苗（第二剂）-注射 或 脊髓灰质炎减毒活疫苗（第一剂）-注射','0','[\"yg1/kj\",\"yg2\",\"jshz1\"]','1060590974@qq.com','1','[{\"label\":\"乙肝疫苗（第一剂）/卡介苗\",\"value\":\"yg1/kj\"},{\"label\":\"乙肝疫苗（第二剂）\",\"value\":\"yg2\"},{\"label\":\"脊髓灰质炎减毒活疫苗（第一剂）\",\"value\":\"jshz1\"}]','\"yg2\"',NULL,NULL,NULL),(89,13,'01','0','001','0','2023-12-27','2024-03-30',NULL,'17638794719','郑州',NULL,NULL,NULL,'3','001','2024-03-30 13:02:32',NULL,'百白破联合疫苗（第一剂）-注射',NULL,'\"null\"','408766067@qq.com','0','[{\"label\":\"百白破联合疫苗（第一剂）\",\"value\":\"bbp1\"}]','null',NULL,NULL,NULL),(90,13,'02','0','002','0','2022-03-12','2024-03-30',NULL,'17638794719','郑州',NULL,NULL,NULL,'4','001','2024-03-30 13:03:27',NULL,'甲肝灭活疫苗（第二剂）-注射',NULL,'null','408766067@qq.com','0','[{\"label\":\"甲肝灭活疫苗（第二剂）\",\"value\":\"jg2\"}]','null',NULL,NULL,NULL),(91,13,'03','0','003','0','2024-03-30','2024-03-30',NULL,'17638794719','郑州',NULL,NULL,NULL,'5','001','2024-03-30 13:03:52',NULL,'乙肝疫苗（第一剂）/卡介苗-注射',NULL,'\"\\\"null\\\"\"','408766067@qq.com','0','[{\"label\":\"乙肝疫苗（第一剂）/卡介苗\",\"value\":\"yg1/kj\"}]','\"yg1/kj\"',NULL,NULL,NULL),(92,13,'04','0','004','0','2024-04-09','2024-04-09',NULL,'17638794719','郑州',NULL,NULL,NULL,'4','001','2024-04-09 15:33:02',NULL,'乙肝疫苗（第一剂）/卡介苗-注射',NULL,'null','408766067@qq.com','0','[{\"label\":\"乙肝疫苗（第一剂）/卡介苗\",\"value\":\"yg1/kj\"}]','null',NULL,NULL,NULL),(93,5,'测试姓名','0','1111','1','2024-04-01','2024-04-13',NULL,'16638808906','111',NULL,NULL,NULL,'5','user1','2024-04-13 14:38:42',NULL,'该时间段暂时无需打疫苗','2','\"null\"','1060590974@qq.com','0',NULL,'null',NULL,NULL,'1'),(94,5,'测试姓名','0','2222','1','2024-04-10','2024-04-13',NULL,'16638808906','2',NULL,NULL,NULL,'5','user1','2024-04-13 14:42:49',NULL,'该时间段暂时无需打疫苗','2','\"null\"','1060590974@qq.com','0',NULL,'null',NULL,NULL,'1'),(95,5,'测试姓名','0','333','0','2022-04-22','2024-04-13',NULL,'16638808906','1',NULL,NULL,NULL,'5','user1','2024-04-13 14:44:03',NULL,'乙脑灭活疫苗（第三剂）-注射',NULL,'\"null\"','1060590974@qq.com','0','[{\"label\":\"乙脑灭活疫苗（第三剂）\",\"value\":\"yn3\"}]','\"yn3\"','0782f252b586420f9aef49bee68a877e','护士2','2'),(96,5,'测试姓名','0','333','1','2022-04-22','2024-04-13',NULL,'16638808906','11',NULL,NULL,NULL,'3','user1','2024-04-13 15:17:48',NULL,'乙脑灭活疫苗（第三剂）-注射',NULL,NULL,'1060590974@qq.com','0','[{\"label\":\"乙脑灭活疫苗（第三剂）\",\"value\":\"yn3\"}]','null',NULL,NULL,'2'),(97,5,'测试姓名','0','555','0','2022-04-22','2024-04-13',NULL,'16638808906','2',NULL,NULL,NULL,'3','user1','2024-04-13 15:19:48',NULL,'乙脑灭活疫苗（第三剂）-注射',NULL,NULL,'1060590974@qq.com','0','[{\"label\":\"乙脑灭活疫苗（第三剂）\",\"value\":\"yn3\"}]','null',NULL,NULL,'2'),(98,5,'测试姓名','0','44','1','2022-04-22','2024-04-13',NULL,'16638808906','4',NULL,NULL,NULL,'3','user1','2024-04-13 15:22:34',NULL,'乙脑灭活疫苗（第三剂）-注射',NULL,NULL,'1060590974@qq.com','0','[{\"label\":\"乙脑灭活疫苗（第三剂）\",\"value\":\"yn3\"}]','null',NULL,NULL,'2'),(99,5,'测试姓名','0','44','1','2022-04-22','2024-04-13',NULL,'16638808906','4',NULL,NULL,NULL,'5','user1','2024-04-13 15:23:31',NULL,'乙脑灭活疫苗（第三剂）-注射',NULL,'\"\\\"null\\\"\"','1060590974@qq.com','0','[{\"label\":\"乙脑灭活疫苗（第三剂）\",\"value\":\"yn3\"}]','\"yn3\"',NULL,NULL,'2'),(100,5,'测试姓名','0','6666','0','2022-04-22','2024-04-13',NULL,'16638808906','33',NULL,NULL,NULL,'3','user1','2024-04-13 15:28:44',NULL,'乙脑灭活疫苗（第三剂）-注射',NULL,NULL,'1060590974@qq.com','0','[{\"label\":\"乙脑灭活疫苗（第三剂）\",\"value\":\"yn3\"}]','null','0782f252b586420f9aef49bee68a877e','护士2','2'),(101,5,'测试姓名','0','666','1','2022-04-22','2024-04-13',NULL,'16638808906','66',NULL,NULL,NULL,'3','user1','2024-04-13 15:29:00',NULL,'乙脑灭活疫苗（第三剂）-注射',NULL,NULL,'1060590974@qq.com','0','[{\"label\":\"乙脑灭活疫苗（第三剂）\",\"value\":\"yn3\"}]','null','1111','护士1','2'),(102,5,'测试姓名','0','777','1','2022-04-22','2024-04-13',NULL,'16638808906','77',NULL,NULL,NULL,'3','user1','2024-04-13 15:29:17',NULL,'乙脑灭活疫苗（第三剂）-注射',NULL,'null','1060590974@qq.com','0','[{\"label\":\"乙脑灭活疫苗（第三剂）\",\"value\":\"yn3\"}]','null','0782f252b586420f9aef49bee68a877e','护士2','2');
/*!40000 ALTER TABLE `user_fill_info` ENABLE KEYS */;
UNLOCK TABLES;

--
-- Table structure for table `vaccination_method_info`
--

DROP TABLE IF EXISTS `vaccination_method_info`;
/*!40101 SET @saved_cs_client     = @@character_set_client */;
/*!40101 SET character_set_client = utf8 */;
CREATE TABLE `vaccination_method_info` (
  `id` bigint(20) NOT NULL AUTO_INCREMENT COMMENT 'ID',
  `vaccination_method_name` varchar(50) COLLATE utf8mb4_unicode_ci DEFAULT NULL COMMENT '接种方式名称',
  `vaccination_method_code` varchar(50) COLLATE utf8mb4_unicode_ci DEFAULT NULL COMMENT '接种方式标识',
  `state` char(5) COLLATE utf8mb4_unicode_ci DEFAULT '0' COMMENT '状态',
  `create_by` varchar(64) COLLATE utf8mb4_unicode_ci DEFAULT '' COMMENT '创建者',
  `create_time` datetime DEFAULT NULL COMMENT '创建时间',
  `update_by` varchar(64) COLLATE utf8mb4_unicode_ci DEFAULT '' COMMENT '更新者',
  `update_time` datetime DEFAULT NULL COMMENT '更新时间',
  `remark` varchar(500) COLLATE utf8mb4_unicode_ci DEFAULT NULL COMMENT '备注',
  `ext1` varchar(255) COLLATE utf8mb4_unicode_ci DEFAULT NULL COMMENT '扩展字段1',
  `ext2` varchar(255) COLLATE utf8mb4_unicode_ci DEFAULT NULL COMMENT '扩展字段2',
  `ext3` varchar(255) COLLATE utf8mb4_unicode_ci DEFAULT NULL COMMENT '扩展字段3',
  `ext4` varchar(255) COLLATE utf8mb4_unicode_ci DEFAULT NULL COMMENT '扩展字段4',
  `ext5` varchar(255) COLLATE utf8mb4_unicode_ci DEFAULT NULL COMMENT '扩展字段5',
  `ext6` varchar(255) COLLATE utf8mb4_unicode_ci DEFAULT NULL COMMENT '扩展字段6',
  `ext7` varchar(255) COLLATE utf8mb4_unicode_ci DEFAULT NULL COMMENT '扩展字段7',
  `ext8` varchar(255) COLLATE utf8mb4_unicode_ci DEFAULT NULL COMMENT '扩展字段8',
  `ext9` varchar(255) COLLATE utf8mb4_unicode_ci DEFAULT NULL COMMENT '扩展字段9',
  `ext10` varchar(255) COLLATE utf8mb4_unicode_ci DEFAULT NULL COMMENT '扩展字段10',
  PRIMARY KEY (`id`)
) ENGINE=InnoDB AUTO_INCREMENT=6 DEFAULT CHARSET=utf8mb4 COLLATE=utf8mb4_unicode_ci COMMENT='接种方法信息表';
/*!40101 SET character_set_client = @saved_cs_client */;

--
-- Dumping data for table `vaccination_method_info`
--

LOCK TABLES `vaccination_method_info` WRITE;
/*!40000 ALTER TABLE `vaccination_method_info` DISABLE KEYS */;
INSERT INTO `vaccination_method_info` VALUES (1,'注射','injection','0','admin','2024-01-23 14:41:13','admin','2024-03-01 13:14:04','一般为胳膊，特殊人群或特殊疫苗需打在大腿上',NULL,NULL,NULL,NULL,NULL,NULL,NULL,NULL,NULL,NULL),(2,'口服','oral_administration','0','admin','2024-01-23 14:44:49','admin','2024-01-24 09:55:13','',NULL,NULL,NULL,NULL,NULL,NULL,NULL,NULL,NULL,NULL),(4,'贴剂','patch','1','admin','2024-03-01 13:09:15','',NULL,'暂未广泛使用',NULL,NULL,NULL,NULL,NULL,NULL,NULL,NULL,NULL,NULL),(5,'吸入','inhalation','0','admin','2024-03-01 13:12:00','admin','2024-03-01 13:44:33','吸入方式：1.避开雾化杯，深呼一口气2.口含雾化杯吸嘴，深吸至杯中无雾3.憋气至少5秒\n注意：孕妇和心脏病者不能使用该方式',NULL,NULL,NULL,NULL,NULL,NULL,NULL,NULL,NULL,NULL);
/*!40000 ALTER TABLE `vaccination_method_info` ENABLE KEYS */;
UNLOCK TABLES;

--
-- Table structure for table `vaccines_info`
--

DROP TABLE IF EXISTS `vaccines_info`;
/*!40101 SET @saved_cs_client     = @@character_set_client */;
/*!40101 SET character_set_client = utf8 */;
CREATE TABLE `vaccines_info` (
  `id` bigint(20) NOT NULL AUTO_INCREMENT COMMENT 'ID',
  `vaccines_name` varchar(50) COLLATE utf8mb4_unicode_ci DEFAULT NULL COMMENT '疫苗名称',
  `vaccines_code` varchar(50) COLLATE utf8mb4_unicode_ci DEFAULT NULL COMMENT '疫苗标识',
  `vaccination_method_code` varchar(50) COLLATE utf8mb4_unicode_ci DEFAULT NULL COMMENT '接种方式标识',
  `age_min` int(11) DEFAULT NULL COMMENT '最小年龄(天)',
  `age_max` int(11) DEFAULT NULL COMMENT '最大年龄(天)',
  `state` char(5) COLLATE utf8mb4_unicode_ci DEFAULT '0' COMMENT '状态',
  `create_by` varchar(64) COLLATE utf8mb4_unicode_ci DEFAULT '' COMMENT '创建者',
  `create_time` datetime DEFAULT NULL COMMENT '创建时间',
  `update_by` varchar(64) COLLATE utf8mb4_unicode_ci DEFAULT '' COMMENT '更新者',
  `update_time` datetime DEFAULT NULL COMMENT '更新时间',
  `remark` varchar(500) COLLATE utf8mb4_unicode_ci DEFAULT NULL COMMENT '备注',
  `ext1` bigint(20) DEFAULT NULL COMMENT '扩展字段1',
  `ext2` varchar(255) COLLATE utf8mb4_unicode_ci DEFAULT NULL COMMENT '扩展字段2',
  `ext3` varchar(255) COLLATE utf8mb4_unicode_ci DEFAULT NULL COMMENT '扩展字段3',
  `ext4` varchar(255) COLLATE utf8mb4_unicode_ci DEFAULT NULL COMMENT '扩展字段4',
  `ext5` varchar(255) COLLATE utf8mb4_unicode_ci DEFAULT NULL COMMENT '扩展字段5',
  `ext6` varchar(255) COLLATE utf8mb4_unicode_ci DEFAULT NULL COMMENT '扩展字段6',
  `ext7` varchar(255) COLLATE utf8mb4_unicode_ci DEFAULT NULL COMMENT '扩展字段7',
  `ext8` varchar(255) COLLATE utf8mb4_unicode_ci DEFAULT NULL COMMENT '扩展字段8',
  `ext9` varchar(255) COLLATE utf8mb4_unicode_ci DEFAULT NULL COMMENT '扩展字段9',
  `ext10` varchar(255) COLLATE utf8mb4_unicode_ci DEFAULT NULL COMMENT '扩展字段10',
  PRIMARY KEY (`id`)
) ENGINE=InnoDB AUTO_INCREMENT=22 DEFAULT CHARSET=utf8mb4 COLLATE=utf8mb4_unicode_ci COMMENT='疫苗信息表';
/*!40101 SET character_set_client = @saved_cs_client */;

--
-- Dumping data for table `vaccines_info`
--

LOCK TABLES `vaccines_info` WRITE;
/*!40000 ALTER TABLE `vaccines_info` DISABLE KEYS */;
INSERT INTO `vaccines_info` VALUES (4,'乙肝疫苗（第一剂）/卡介苗','yg1/kj','injection',1,1,'0','admin','2024-03-01 21:40:28','admin','2024-03-30 13:16:09',NULL,100,NULL,NULL,NULL,NULL,NULL,NULL,NULL,NULL,NULL),(5,'乙肝疫苗（第二剂）','yg2','injection',30,40,'0','admin','2024-03-01 21:42:09','admin','2024-03-30 13:06:41',NULL,100,NULL,NULL,NULL,NULL,NULL,NULL,NULL,NULL,NULL),(6,'脊髓灰质炎减毒活疫苗（第一剂）','jshz1','injection',60,70,'0','admin','2024-03-01 21:45:21','admin','2024-03-01 21:56:54',NULL,100,NULL,NULL,NULL,NULL,NULL,NULL,NULL,NULL,NULL),(7,'脊髓灰质炎减毒活疫苗（第二剂）','jshz2','oral_administration',80,90,'0','admin','2024-03-01 21:53:26','admin','2024-03-01 21:56:46',NULL,100,NULL,NULL,NULL,NULL,NULL,NULL,NULL,NULL,NULL),(8,'百白破联合疫苗（第一剂）','bbp1','injection',90,100,'0','admin','2024-03-01 21:54:47','admin','2024-03-01 21:58:17',NULL,100,NULL,NULL,NULL,NULL,NULL,NULL,NULL,NULL,NULL),(9,'脊髓灰质炎减活疫苗（第三剂）','jshz3','injection',120,130,'0','admin','2024-03-01 21:56:36','',NULL,NULL,100,NULL,NULL,NULL,NULL,NULL,NULL,NULL,NULL,NULL),(10,'百白破联合疫苗（第二剂）','bbp2','injection',130,140,'0','admin','2024-03-01 21:58:08','',NULL,NULL,100,NULL,NULL,NULL,NULL,NULL,NULL,NULL,NULL,NULL),(11,'百白破联合疫苗（第三剂）','bbp3','injection',150,160,'0','admin','2024-03-01 21:59:11','',NULL,NULL,100,NULL,NULL,NULL,NULL,NULL,NULL,NULL,NULL,NULL),(12,'乙肝疫苗（第三剂）/流脑疫苗','yg3/ln','injection',180,190,'0','admin','2024-03-01 22:01:26','',NULL,NULL,100,NULL,NULL,NULL,NULL,NULL,NULL,NULL,NULL,NULL),(13,'麻风疫苗/乙脑减活疫苗（第一二剂）','mf/yn12','injection',240,260,'0','admin','2024-03-01 22:04:02','',NULL,NULL,100,NULL,NULL,NULL,NULL,NULL,NULL,NULL,NULL,NULL),(14,'流脑疫苗（第二剂）','ln22','injection',270,280,'0','admin','2024-03-01 22:04:57','',NULL,NULL,100,NULL,NULL,NULL,NULL,NULL,NULL,NULL,NULL,NULL),(15,'甲肝减毒活疫苗（第一剂）','jg1','injection',550,580,'0','admin','2024-03-01 22:07:05','',NULL,NULL,100,NULL,NULL,NULL,NULL,NULL,NULL,NULL,NULL,NULL),(16,'百白破联合疫苗（第四剂）/麻腮风疫苗（第二剂）','bbp4/ms2','injection',590,700,'0','admin','2024-03-02 09:29:15','',NULL,NULL,100,NULL,NULL,NULL,NULL,NULL,NULL,NULL,NULL,NULL),(17,'乙脑灭活疫苗（第三剂）','yn3','injection',700,730,'0','admin','2024-03-02 09:30:55','',NULL,NULL,98,NULL,NULL,NULL,NULL,NULL,NULL,NULL,NULL,NULL),(18,'甲肝灭活疫苗（第二剂）','jg2','injection',730,800,'0','admin','2024-03-02 09:32:01','',NULL,NULL,100,NULL,NULL,NULL,NULL,NULL,NULL,NULL,NULL,NULL),(19,'流脑A+C群疫苗（第一剂）','lnA+C','injection',1000,1060,'0','admin','2024-03-02 09:33:51','',NULL,NULL,100,NULL,NULL,NULL,NULL,NULL,NULL,NULL,NULL,NULL),(20,'脊髓灰质炎减毒活疫苗（第四剂）','jshz4','injection',1460,1510,'0','admin','2024-03-02 09:35:33','',NULL,NULL,100,NULL,NULL,NULL,NULL,NULL,NULL,NULL,NULL,NULL),(21,'乙脑灭活疫苗（第四剂）、流脑A+C群疫苗（第二剂）、百白破疫苗','yn4、lnA+C、bbp','injection',2190,2230,'0','admin','2024-03-02 09:38:32','',NULL,NULL,100,NULL,NULL,NULL,NULL,NULL,NULL,NULL,NULL,NULL);
/*!40000 ALTER TABLE `vaccines_info` ENABLE KEYS */;
UNLOCK TABLES;
/*!40103 SET TIME_ZONE=@OLD_TIME_ZONE */;

/*!40101 SET SQL_MODE=@OLD_SQL_MODE */;
/*!40014 SET FOREIGN_KEY_CHECKS=@OLD_FOREIGN_KEY_CHECKS */;
/*!40014 SET UNIQUE_CHECKS=@OLD_UNIQUE_CHECKS */;
/*!40101 SET CHARACTER_SET_CLIENT=@OLD_CHARACTER_SET_CLIENT */;
/*!40101 SET CHARACTER_SET_RESULTS=@OLD_CHARACTER_SET_RESULTS */;
/*!40101 SET COLLATION_CONNECTION=@OLD_COLLATION_CONNECTION */;
/*!40111 SET SQL_NOTES=@OLD_SQL_NOTES */;

-- Dump completed on 2024-04-13 15:41:01
